source,source_id,url,price,currency,property_type,market_segment,land_area_m2,construction_area_m2,bedrooms,bathrooms,parking_spaces,age_years,price_per_construction_m2,price_per_land_m2,price_band,latitude,longitude,geocode_latitude,geocode_longitude,coordinate_quality,state,municipality,neighborhood,postal_code,street,inegi_cve_ageb,ageb_assignment_quality,population,occupied_housing,population_density,housing_density,car_ownership_ratio,internet_access_ratio,average_schooling,employment_ratio,establishments_500m,establishments_1km,retail_500m,retail_1km,restaurants_hotels_500m,restaurants_hotels_1km,health_500m,health_1km,education_500m,education_1km,financial_500m,financial_1km,professional_services_500m,professional_services_1km,training_readiness,duplicate_group_id,dedupe_fingerprint,quality_flags
icasas,ee0a-b979-23626059-5d1530ab947-324e,https://www.icasas.mx/propiedad/ee0a-b979-23626059-5d1530ab947-324e,1500000.0,MXN,casa,residential,150.0,100.0,3,2.0,2,,15000.0,,1M-2M,18.82767,-98.95424,,,high,Morelos,Cuautla,emiliano zapata,62744,Calzada santa inés 44-48,0391,exact_coordinate,2372.0,662.0,3300.0465117150984,921.0079219036236,0.48036253776435045,0.6903323262839879,10.9,0.9798605731990705,185,1784,71,876,27,260,5,94,6,40,1,14,9,45,A,icasas|1500000.0|cuautla|emiliano zapata|150.0|100.0|3.0|2.0,772beea16b7004c306bf0ddf196ba47a337b08a8,
icasas,33cb-8482-96ccc302-d22afe11714e-4860,https://www.icasas.mx/propiedad/33cb-8482-96ccc302-d22afe11714e-4860,2800000.0,MXN,casa,residential,232.0,,3,3.0,4,,,,2M-3M,18.8724272,-98.9710333,,,medium,Morelos,Cuautla,Peña Flores,,,0866,approximate_coordinate,4426.0,1165.0,3707.7459312889227,975.9430659628548,0.4034334763948498,0.5141630901287554,9.2,0.9888423988842399,112,257,56,127,11,33,7,8,4,10,0,0,0,0,C,icasas|2800000.0|cuautla|peña flores|232.0||3.0|3.0,5eaf4d02b3d58bd2a87e9107f10c1ad717ab6d0d,missing_construction_area
icasas,fcd0-92ba-1970582-8c4c72646dde-75b4,https://www.icasas.mx/propiedad/fcd0-92ba-1970582-8c4c72646dde-75b4,2970000.0,MXN,casa,residential,90.4,230.0,4,4.0,2,,12913.04,,2M-3M,18.871409,-98.916036,,,medium,Morelos,Cuautla,Unidad habitacional Salvador Esquer,,,0300,approximate_coordinate,1369.0,362.0,3055.7110946541616,808.0112609677184,0.4585635359116022,0.6712707182320442,9.83,0.996937212863706,55,240,21,89,11,52,0,4,3,8,0,1,0,2,B,icasas|2970000.0|cuautla|unidad habitacional salvador esquer|90.4|230.0|4.0|4.0,f64bb9b45054d7c93cf7055c8b2cf42464f98cf3,
icasas,d3f5-8478-196ae7e-e197764ef471-7f6f,https://www.icasas.mx/propiedad/d3f5-8478-196ae7e-e197764ef471-7f6f,3980000.0,MXN,casa,residential,209.0,185.0,4,3.0,3,,21513.51,,3M-5M,18.8483628,-98.9380212,,,medium,Morelos,Cuautla,Fraccionamiento Valle del Sol,,,0739,approximate_coordinate,952.0,295.0,2612.170243929229,809.4435104612633,0.6915254237288135,0.8271186440677966,12.65,0.9808695652173913,256,1016,82,391,59,183,20,60,8,27,8,13,2,14,B,icasas|3980000.0|cuautla|fraccionamiento valle del sol|209.0|185.0|4.0|3.0,7d75baf22632823b5b8746ac5c8023cefa4b720c,
icasas,4b92-95f3-18ff51a-92368d6bcb49-7faa,https://www.icasas.mx/propiedad/4b92-95f3-18ff51a-92368d6bcb49-7faa,6000000.0,MXN,terreno,land,1106.0,152.0,2,,,,39473.68,5424.95,5M-8M,18.863641,-98.94783,,,medium,Morelos,Cuautla,Tierra Larga,,,0014,approximate_coordinate,2050.0,523.0,1887.0063470578307,481.4167412249978,0.3862332695984704,0.37667304015296366,8.75,0.9742574257425742,139,415,68,200,36,70,1,2,2,4,2,3,1,2,B,icasas|6000000.0|cuautla|tierra larga|1106.0|152.0|2.0|,e4691dfc618ba6a4062657e197547c363d2bf090,
icasas,1a66-9fc1-1917371-e6d80237f422-75ff,https://www.icasas.mx/propiedad/1a66-9fc1-1917371-e6d80237f422-75ff,858500.0,MXN,casa,residential,166.0,,3,2.0,,,,,<1M,18.820619,-98.952373,,,high,Morelos,Cuautla,emiliano zapata,62744,Avenida insurgentes 137,0531,exact_coordinate,2481.0,787.0,3180.65310721542,1008.9375233287124,0.41296060991105465,0.6416772554002541,11.8,0.9889135254988913,1511,3935,818,2121,179,517,72,188,32,83,18,61,38,98,C,icasas|858500.0|cuautla|emiliano zapata|166.0||3.0|2.0,d2049a5ed5432b8dca862ecfdc77b4adedf7d0c6,missing_construction_area
mercadolibre,MLM-2880697277,https://casa.mercadolibre.com.mx/MLM-2880697277-casa-en-venta-cumbres-del-campestre-2-recamaras-_JM,1000000.0,MXN,casa,residential,180.0,51.0,2,2.0,1,,19607.84,,1M-2M,,,18.8142896,-99.2613318,medium,Morelos,Xochitepec,Loma Bonita,,,0399,approximate_coordinate,1665.0,415.0,5549.892227770982,1383.3064711861607,0.3108433734939759,0.4433734939759036,8.15,0.9898534385569335,193,411,96,215,25,46,3,7,7,13,0,0,2,2,B,mercadolibre|1000000.0|xochitepec|loma bonita|180.0|51.0|2.0|2.0,a3c89974ffafa616d8158d354576b67180850d00,missing_coordinates
mercadolibre,MLM-5443888926,https://terreno.mercadolibre.com.mx/MLM-5443888926-terreno-en-privada-en-el-centro-de-jiutepec-_JM,1045000.0,MXN,terreno,land,237.47,,,,,,,4400.56,1M-2M,,,18.8955305,-99.1656029,medium,Morelos,Jiutepec,Centro Jiutepec,,,1084,approximate_coordinate,2129.0,704.0,6005.284940640889,1985.7776412452727,0.5710227272727273,0.8181818181818182,12.54,0.9747211895910781,545,1899,218,865,75,232,27,74,32,49,12,16,9,29,B,mercadolibre|1045000.0|jiutepec|centro jiutepec|237.47|||,,"missing_construction_area,missing_coordinates"
mercadolibre,MLM-4602135488,https://terreno.mercadolibre.com.mx/MLM-4602135488-terreno-en-venta-subdivisible-en-el-centro-de-jiutepec-mor-mexico-_JM,10456000.0,MXN,terreno,land,4268.0,,,,,,,2449.86,8M-12M,,,18.8955305,-99.1656029,medium,Morelos,Jiutepec,Centro Jiutepec,,,1084,approximate_coordinate,2129.0,704.0,6005.284940640889,1985.7776412452727,0.5710227272727273,0.8181818181818182,12.54,0.9747211895910781,545,1899,218,865,75,232,27,74,32,49,12,16,9,29,B,mercadolibre|10456000.0|jiutepec|centro jiutepec|4268.0|||,,"missing_construction_area,missing_coordinates"
mercadolibre,MLM-5357305184,https://casa.mercadolibre.com.mx/MLM-5357305184-casa-en-venta-en-lomas-de-cocoyoc-_JM,10500000.0,MXN,casa,residential,450.0,380.0,4,4.0,4,,27631.58,,8M-12M,,,18.913685,-98.9455121,medium,Morelos,Atlatlahucan,Lomas De Cocoyoc,,,0138,approximate_coordinate,973.0,397.0,335.65998876705885,136.9547950056756,0.924433249370277,0.9420654911838791,14.18,0.972568578553616,46,49,16,16,15,15,1,1,0,1,0,0,0,0,B,mercadolibre|10500000.0|atlatlahucan|lomas de cocoyoc|450.0|380.0|4.0|4.0,fb04fa3525ba4efad3fee8956c2f06914a3f7708,missing_coordinates
mercadolibre,MLM-3277420093,https://casa.mercadolibre.com.mx/MLM-3277420093-casa-en-venta-en-lomas-de-cocoyoc-_JM,10500000.0,MXN,casa,residential,572.0,356.0,6,7.0,7,,29494.38,,8M-12M,,,18.913685,-98.9455121,medium,Morelos,Atlatlahucan,Lomas De Cocoyoc,,,0138,approximate_coordinate,973.0,397.0,335.65998876705885,136.9547950056756,0.924433249370277,0.9420654911838791,14.18,0.972568578553616,46,49,16,16,15,15,1,1,0,1,0,0,0,0,B,mercadolibre|10500000.0|atlatlahucan|lomas de cocoyoc|572.0|356.0|6.0|7.0,ba3b86e09b86c65b4aa591a295332d8e5551dd91,missing_coordinates
mercadolibre,MLM-3146319321,https://casa.mercadolibre.com.mx/MLM-3146319321-casa-en-venta-en-colonia-tres-de-mayo-emiliano-zapata-morelos-_JM,10500000.0,MXN,casa,residential,936.0,413.0,3,4.0,4,,25423.73,,8M-12M,,,18.8678082,-99.2087844,medium,Morelos,Emiliano Zapata,Tres De Mayo,,,0061,approximate_coordinate,2394.0,714.0,4040.254507613094,1204.9881864810982,0.5336134453781513,0.6904761904761905,11.0,0.9715568862275449,624,861,361,454,72,96,22,29,9,14,2,3,5,8,B,mercadolibre|10500000.0|emiliano zapata|tres de mayo|936.0|413.0|3.0|4.0,4d83d0511020aa677e28615482aa13e864f7d97d,missing_coordinates
mercadolibre,MLM-2470937067,https://casa.mercadolibre.com.mx/MLM-2470937067-casa-burgos-cuernavaca-_JM,10850000.0,MXN,casa,residential,680.0,360.0,3,4.0,4,,30138.89,,8M-12M,,,18.8716955,-99.2535674,medium,Morelos,Temixco,Burgos,,,0918,approximate_coordinate,471.0,152.0,5847.590513522652,1887.1205054255693,0.39473684210526316,0.6578947368421053,11.27,1.0,33,199,14,105,1,20,1,4,4,8,0,0,1,3,B,mercadolibre|10850000.0|temixco|burgos|680.0|360.0|3.0|4.0,8bc064d1a82c169b59156039873db1d49316ab91,missing_coordinates
mercadolibre,MLM-3200914775,https://casa.mercadolibre.com.mx/MLM-3200914775-enorme-e-inigualable-casa-en-venta-lista-para-habitar-localizada-en-real-de-oaxtepec-mor-_JM,10900000.0,MXN,casa,residential,1800.0,700.0,6,9.0,9,,15571.43,,8M-12M,,,18.9109155,-98.9568887,medium,Morelos,Yautepec,Real de Oaxtepec,,,0409,approximate_coordinate,288.0,100.0,353.56376816215766,122.76519727852695,0.83,0.79,11.66,0.9645390070921985,2,44,1,12,0,11,0,2,0,0,0,0,0,0,B,mercadolibre|10900000.0|yautepec|real de oaxtepec|1800.0|700.0|6.0|9.0,eec0829eff585fdf0735b190bbc302279d1c2194,missing_coordinates
mercadolibre,MLM-5758912546,https://departamento.mercadolibre.com.mx/MLM-5758912546-departamento-en-venta-en-morelos-_JM,1092000.0,MXN,departamento,residential,71.0,71.0,3,2.0,1,,15380.28,,1M-2M,,,18.83995,-99.1870274,medium,Morelos,Emiliano Zapata,Emiliano Zapata,,,0038,approximate_coordinate,4664.0,1272.0,11925.068484559137,3252.2914048797647,0.2940251572327044,0.5345911949685535,9.3,0.9810126582278481,788,1784,414,892,76,207,33,62,17,30,6,12,13,23,B,mercadolibre|1092000.0|emiliano zapata|emiliano zapata|71.0|71.0|3.0|2.0,d652e9f98d9124c94aaab728f0d8d554323470ce,"missing_coordinates,same_land_and_construction_area"
mercadolibre,MLM-5824022714,https://departamento.mercadolibre.com.mx/MLM-5824022714-se-vende-departamento-en-condominio-ceiba-emiliano-zapata-morelos-_JM,1100000.0,MXN,departamento,residential,74.0,74.0,4,2.0,2,,14864.86,,1M-2M,,,18.83995,-99.1870274,medium,Morelos,Emiliano Zapata,Emiliano Zapata,,,0038,approximate_coordinate,4664.0,1272.0,11925.068484559137,3252.2914048797647,0.2940251572327044,0.5345911949685535,9.3,0.9810126582278481,788,1784,414,892,76,207,33,62,17,30,6,12,13,23,B,mercadolibre|1100000.0|emiliano zapata|emiliano zapata|74.0|74.0|4.0|2.0,7e01e03365b950602f455dbed51d7efc0af67a30,"missing_coordinates,same_land_and_construction_area"
mercadolibre,MLM-4818521004,https://departamento.mercadolibre.com.mx/MLM-4818521004-departamento-en-venta-en-tejalpa-jiutepec-morelos-_JM,1100000.0,MXN,departamento,residential,75.0,75.0,3,3.0,1,,14666.67,,1M-2M,,,18.9022827,-99.168186,medium,Morelos,Jiutepec,Tejalpa,,,0423,approximate_coordinate,5818.0,1700.0,8892.77307062687,2598.438332771688,0.36,0.6058823529411764,10.05,0.9718759987216363,944,2148,481,988,122,295,40,93,20,55,3,20,14,34,B,mercadolibre|1100000.0|jiutepec|tejalpa|75.0|75.0|3.0|3.0,72f3417827aa3fa7a80e32992633a5b04e502bab,"missing_coordinates,same_land_and_construction_area"
mercadolibre,MLM-5767897374,https://terreno.mercadolibre.com.mx/MLM-5767897374-432-m-en-fracc-santa-fe-area-residencial-con-vigilancia-247-_JM,1123000.0,MXN,terreno,land,432.0,,,,,,,2599.54,1M-2M,,,18.7412877,-99.2598175,medium,Morelos,Xochitepec,Alpuyeca,,,0026,approximate_coordinate,2763.0,700.0,2771.068737817901,702.044197058462,0.24857142857142858,0.39285714285714285,9.48,0.972241029113067,344,565,186,281,57,98,10,14,7,12,2,2,4,8,B,mercadolibre|1123000.0|xochitepec|alpuyeca|432.0|||,,"missing_construction_area,missing_coordinates"
mercadolibre,MLM-2776122689,https://terreno.mercadolibre.com.mx/MLM-2776122689-terrenos-en-cuautla-morelos-escrituras-publicas-exelente-ubicacion-privacidad-entrada-pavimentadaa-unos-minutos-del-vips-cuautla-oportunidad-_JM,1138000.0,MXN,terreno,land,207.0,,,,,,,5497.58,1M-2M,,,18.8571144,-98.9583663,medium,Morelos,Cuautla,Centro,,,0832,approximate_coordinate,4782.0,1262.0,4120.9850493128815,1087.553979973412,0.3795562599049128,0.47385103011093505,9.02,0.9799054373522459,203,580,92,274,35,93,4,11,6,15,0,0,0,2,B,mercadolibre|1138000.0|cuautla|centro|207.0|||,,"missing_construction_area,missing_coordinates"
mercadolibre,MLM-2904775299,https://departamento.mercadolibre.com.mx/MLM-2904775299-departamento-en-venta-en-morelos-_JM,1142000.0,MXN,departamento,residential,71.0,71.0,3,2.0,1,,16084.51,,1M-2M,,,18.83995,-99.1870274,medium,Morelos,Emiliano Zapata,Emiliano Zapata,,,0038,approximate_coordinate,4664.0,1272.0,11925.068484559137,3252.2914048797647,0.2940251572327044,0.5345911949685535,9.3,0.9810126582278481,788,1784,414,892,76,207,33,62,17,30,6,12,13,23,B,mercadolibre|1142000.0|emiliano zapata|emiliano zapata|71.0|71.0|3.0|2.0,93062682810185494d1833564138c3291170b801,"missing_coordinates,same_land_and_construction_area"
mercadolibre,MLM-5767878070,https://terreno.mercadolibre.com.mx/MLM-5767878070-440-m-en-fracc-santa-fe-area-residencial-con-vigilancia-247-_JM,1144000.0,MXN,terreno,land,440.0,,,,,,,2600.0,1M-2M,,,18.7412877,-99.2598175,medium,Morelos,Xochitepec,Alpuyeca,,,0026,approximate_coordinate,2763.0,700.0,2771.068737817901,702.044197058462,0.24857142857142858,0.39285714285714285,9.48,0.972241029113067,344,565,186,281,57,98,10,14,7,12,2,2,4,8,B,mercadolibre|1144000.0|xochitepec|alpuyeca|440.0|||,,"missing_construction_area,missing_coordinates"
mercadolibre,MLM-2886005997,https://casa.mercadolibre.com.mx/MLM-2886005997-en-venta-casa-con-enorme-jardin-y-vista-panoramica-en-lomas-de-cocoyocx-_JM,11450000.0,MXN,casa,residential,1040.0,442.0,4,5.0,5,,25904.98,,8M-12M,,,18.913685,-98.9455121,medium,Morelos,Atlatlahucan,Lomas De Cocoyoc,,,0138,approximate_coordinate,973.0,397.0,335.65998876705885,136.9547950056756,0.924433249370277,0.9420654911838791,14.18,0.972568578553616,46,49,16,16,15,15,1,1,0,1,0,0,0,0,B,mercadolibre|11450000.0|atlatlahucan|lomas de cocoyoc|1040.0|442.0|4.0|5.0,b8d42fe4eaa0ea13b81a2a5ec0bf26e0e7d130dc,missing_coordinates
mercadolibre,MLM-2811420647,https://terreno.mercadolibre.com.mx/MLM-2811420647-oportunidad-de-invertir-terreno-doble-frente-y-arboles-frutales-en-cuautla-morclave-6153-_JM,1150000.0,MXN,terreno,land,408.0,,3,,,,,2818.63,1M-2M,,,18.8439733,-98.9442991,medium,Morelos,Cuautla,Hermenegildo Galeana,,,0476,approximate_coordinate,2592.0,802.0,6350.453763750154,1964.9166352344228,0.4077306733167082,0.6458852867830424,11.07,0.9784122562674095,497,1496,178,557,78,259,40,95,12,43,2,18,13,25,B,mercadolibre|1150000.0|cuautla|hermenegildo galeana|408.0||3.0|,bb1ea8226a4b2b4bb2c520de69cb90a3c5572529,"missing_construction_area,missing_coordinates"
mercadolibre,MLM-4761858792,https://casa.mercadolibre.com.mx/MLM-4761858792-casa-en-venta-en-del-bosque-_JM,11500000.0,MXN,casa,residential,500.0,468.0,4,3.0,3,,24572.65,,8M-12M,,,18.9981159,-99.2619204,medium,Morelos,Cuernavaca,Del Bosque,,,1024,approximate_coordinate,2297.0,656.0,1826.149212248381,521.5297706725894,0.43902439024390244,0.6036585365853658,10.03,0.990210843373494,22,37,9,11,1,2,0,0,0,0,0,0,0,0,B,mercadolibre|11500000.0|cuernavaca|del bosque|500.0|468.0|4.0|3.0,b0ebcc088ca877f05d3d141cb19433c2c592da17,missing_coordinates
mercadolibre,MLM-3233322585,https://departamento.mercadolibre.com.mx/MLM-3233322585-penthouse-de-lujo-en-residencial-averanda-cuernavaca-morelos-_JM,11800000.0,MXN,departamento,residential,217.0,217.0,9,5.0,5,,54377.88,,8M-12M,,,18.932038,-99.1970684,medium,Morelos,Cuernavaca,Villas Del Lago,,,0609,approximate_coordinate,1340.0,411.0,1591.5286222621496,488.14795802219663,0.6447688564476886,0.7883211678832117,12.03,0.9624819624819625,379,1303,179,575,66,226,11,46,8,33,8,14,4,22,B,mercadolibre|11800000.0|cuernavaca|villas del lago|217.0|217.0|9.0|5.0,e6916e60efa1ea06b963001037d1151e0d57df5c,"missing_coordinates,same_land_and_construction_area"
mercadolibre,MLM-2853171345,https://departamento.mercadolibre.com.mx/MLM-2853171345-departamento-jiutepec-_JM,1188000.0,MXN,departamento,residential,60.0,60.0,2,2.0,1,,19800.0,,1M-2M,,,18.8702557,-99.1784055,medium,Morelos,Jiutepec,Vista Hermosa,,,0692,approximate_coordinate,4084.0,1127.0,4417.972614073187,1219.161394725877,0.318544809228039,0.5048802129547472,8.73,0.9756769160165213,117,421,74,203,8,35,2,13,0,14,0,1,0,4,B,mercadolibre|1188000.0|jiutepec|vista hermosa|60.0|60.0|2.0|2.0,68b81817125d2be5787184f48317b8f48f849683,"missing_coordinates,same_land_and_construction_area"
mercadolibre,MLM-3313351407,https://casa.mercadolibre.com.mx/MLM-3313351407-casa-remodelada-en-calle-privada-muy-centrica-a-plazas-y-centros-comerciales-_JM,1190000.0,MXN,casa,residential,115.0,65.0,2,2.0,1,,18307.69,,1M-2M,,,18.8240661,-99.2302064,medium,Morelos,Temixco,Acatlipa,,,002A,approximate_coordinate,1670.0,531.0,6626.735415400277,2107.0637757949385,0.4124293785310734,0.6177024482109228,10.78,0.9771739130434782,731,1153,368,560,111,148,30,44,15,23,2,3,10,17,B,mercadolibre|1190000.0|temixco|acatlipa|115.0|65.0|2.0|2.0,bfbba4364e7e0f7dc844d67ca680d6423776a5f2,missing_coordinates
mercadolibre,MLM-3262786539,https://departamento.mercadolibre.com.mx/MLM-3262786539-departamento-en-venta-en-emiliano-zapata-morelos-_JM,1192000.0,MXN,departamento,residential,71.0,71.0,3,2.0,1,,16788.73,,1M-2M,,,18.83995,-99.1870274,medium,Morelos,Emiliano Zapata,Emiliano Zapata,,,0038,approximate_coordinate,4664.0,1272.0,11925.068484559137,3252.2914048797647,0.2940251572327044,0.5345911949685535,9.3,0.9810126582278481,788,1784,414,892,76,207,33,62,17,30,6,12,13,23,B,mercadolibre|1192000.0|emiliano zapata|emiliano zapata|71.0|71.0|3.0|2.0,2f926234df2387df843912e6e09873057bb1c58d,"missing_coordinates,same_land_and_construction_area"
mercadolibre,MLM-5893498188,https://casa.mercadolibre.com.mx/MLM-5893498188-hermosa-casa-con-todos-los-acabados-alberca-y-excelentes-areas-verdes-con-grandes-arboles-_JM,1197000.0,MXN,casa,residential,73.0,67.0,2,2.0,2,,17865.67,,1M-2M,,,18.8673174,-99.2464313,medium,Morelos,Temixco,Pueblo Viejo,,,0797,approximate_coordinate,1018.0,264.0,4398.802163403339,1140.7502663442845,0.32954545454545453,0.45454545454545453,8.16,0.9817813765182186,209,436,110,223,22,45,5,9,7,13,0,0,4,6,B,mercadolibre|1197000.0|temixco|pueblo viejo|73.0|67.0|2.0|2.0,d01d25d9c79a2db2342cc2c69ae9e335cb64daa7,missing_coordinates
mercadolibre,MLM-5641715946,https://departamento.mercadolibre.com.mx/MLM-5641715946-departamento-en-venta-en-atlatlahucan-_JM,1200000.0,MXN,departamento,residential,85.0,85.0,3,2.0,1,,14117.65,,1M-2M,,,18.9105947,-98.9311186,medium,Morelos,Atlatlahucan,San Juan Texcalpan,,,0138,approximate_coordinate,973.0,397.0,335.65998876705885,136.9547950056756,0.924433249370277,0.9420654911838791,14.18,0.972568578553616,0,1,0,0,0,0,0,0,0,0,0,0,0,0,B,mercadolibre|1200000.0|atlatlahucan|san juan texcalpan|85.0|85.0|3.0|2.0,d315034df2cd8a75286caa1607b46756246852f1,"missing_coordinates,same_land_and_construction_area"
mercadolibre,MLM-5229571946,https://departamento.mercadolibre.com.mx/MLM-5229571946-penthouses-en-morelos-con-alberca-900000-aplica-para-credi-_JM,1200000.0,MXN,departamento,residential,10.0,80.0,1,1.0,1,,15000.0,,1M-2M,,,18.8820463,-99.1451162,medium,Morelos,Jiutepec,Progreso,,,0067,approximate_coordinate,3675.0,1094.0,3309.5309493047475,985.2045873576582,0.5246800731261426,0.6709323583180987,10.74,0.969558599695586,123,616,49,295,14,67,4,17,4,13,0,0,1,2,B,mercadolibre|1200000.0|jiutepec|progreso|10.0|80.0|1.0|1.0,26424c04591aea62f2faaa590f5c6994848ed8c2,"missing_coordinates,suspicious_surface_pair"
mercadolibre,MLM-3200946725,https://departamento.mercadolibre.com.mx/MLM-3200946725-departamento-con-roof-garden-propio-amplio-ideal-para-descansar-_JM,1200000.0,MXN,departamento,residential,50.0,50.0,2,2.0,2,,24000.0,,1M-2M,,,18.8820463,-99.1451162,medium,Morelos,Jiutepec,Progreso,,,0067,approximate_coordinate,3675.0,1094.0,3309.5309493047475,985.2045873576582,0.5246800731261426,0.6709323583180987,10.74,0.969558599695586,123,616,49,295,14,67,4,17,4,13,0,0,1,2,B,mercadolibre|1200000.0|jiutepec|progreso|50.0|50.0|2.0|2.0,c4c71436c98ff0de97a0a95ecbc8945ee19ad3cd,"missing_coordinates,same_land_and_construction_area"
mercadolibre,MLM-3101623379,https://casa.mercadolibre.com.mx/MLM-3101623379-casa-en-venta-fraccionamiento-loma-linda-cuernavaca-morelos-_JM,12000000.0,MXN,casa,residential,354.0,315.0,2,4.0,4,,38095.24,,12M-20M,,,18.9562612,-99.2654933,medium,Morelos,Cuernavaca,Lomas de Tzompantle,,,1039,approximate_coordinate,6258.0,2051.0,3219.0213271989255,1055.0036340819745,0.7844953681131156,0.8551925889809849,13.49,0.9715151515151516,85,284,26,109,14,47,1,10,4,8,0,1,1,6,B,mercadolibre|12000000.0|cuernavaca|lomas de tzompantle|354.0|315.0|2.0|4.0,61612ed06a0c5997f0dcbd8ab4bd84fd7fdce376,missing_coordinates
mercadolibre,MLM-4414128788,https://terreno.mercadolibre.com.mx/MLM-4414128788-terreno-en-venta-atlacholoaya-_JM,12000000.0,MXN,terreno,land,14753.0,,,,,,,813.39,12M-20M,,,18.7442169,-99.2260915,medium,Morelos,Xochitepec,Atlacholoaya,,,0473,approximate_coordinate,4533.0,1113.0,3774.8340204221518,926.8454146767824,0.31626235399820307,0.2407906558849955,7.74,0.9912971404890178,202,236,100,115,22,24,4,6,4,7,0,0,1,1,B,mercadolibre|12000000.0|xochitepec|atlacholoaya|14753.0|||,,"missing_construction_area,missing_coordinates"
mercadolibre,MLM-2582345675,https://departamento.mercadolibre.com.mx/MLM-2582345675-departamento-en-venta-yautepec-morelos-_JM,1214700.0,MXN,departamento,residential,89.0,89.0,2,2.0,2,,13648.31,,1M-2M,,,18.8782906,-99.0762194,medium,Morelos,Yautepec,Felipe Neri,,,0502,approximate_coordinate,4591.0,1380.0,4856.398831602696,1459.7757324355741,0.4608695652173913,0.586231884057971,10.47,0.9813084112149533,236,659,88,249,42,89,11,26,7,14,1,6,2,11,B,mercadolibre|1214700.0|yautepec|felipe neri|89.0|89.0|2.0|2.0,44dac11fd3261335314e0a9c1307a8c582a87dff,"missing_coordinates,same_land_and_construction_area"
mercadolibre,MLM-2897462317,https://casa.mercadolibre.com.mx/MLM-2897462317-reestrena-comoda-casa-de-fin-de-semana-en-cuautla-morelos-_JM,1250000.0,MXN,casa,residential,70.0,70.0,3,2.0,2,,17857.14,,1M-2M,,,18.7663043,-98.9853284,medium,Morelos,Ayala,Ciudad Ayala,,,0039,approximate_coordinate,2879.0,820.0,5071.30302452846,1444.4141994141498,0.4402439024390244,0.5597560975609757,10.83,0.9796472184531886,356,513,168,222,52,69,11,16,7,10,2,2,5,6,B,mercadolibre|1250000.0|ayala|ciudad ayala|70.0|70.0|3.0|2.0,b706f235c9f989fa56b68a57941ca7985fdc5e36,"missing_coordinates,same_land_and_construction_area"
mercadolibre,MLM-5330777556,https://departamento.mercadolibre.com.mx/MLM-5330777556-departamento-en-venta-en-morelos-emiliano-zapata-_JM,1250000.0,MXN,departamento,residential,50.0,50.0,3,2.0,1,,25000.0,,1M-2M,,,18.8548449,-99.2053758,medium,Morelos,Emiliano Zapata,Modesto Rangel,,,0269,approximate_coordinate,3079.0,985.0,2243.575931821806,717.7402704918737,0.8395939086294416,0.8913705583756345,13.39,0.9699754901960784,62,319,23,144,10,36,1,4,0,5,0,1,0,1,B,mercadolibre|1250000.0|emiliano zapata|modesto rangel|50.0|50.0|3.0|2.0,4315664bcb82acfd748e25fe176b70e44c7c8aa3,"missing_coordinates,same_land_and_construction_area"
mercadolibre,MLM-2744981549,https://terreno.mercadolibre.com.mx/MLM-2744981549-terreno-en-oaxtepec-morelos-_JM,1250000.0,MXN,terreno,land,300.0,,,,,,,4166.67,1M-2M,,,18.900402,-98.9731656,medium,Morelos,Yautepec,Oaxtepec Centro,,,0273,approximate_coordinate,45.0,12.0,30.915232939279242,8.244062117141132,0.5833333333333334,0.6666666666666666,11.36,1.0,49,557,13,222,28,184,0,20,4,9,0,2,0,11,B,mercadolibre|1250000.0|yautepec|oaxtepec centro|300.0|||,,"missing_construction_area,missing_coordinates"
mercadolibre,MLM-3054009757,https://departamento.mercadolibre.com.mx/MLM-3054009757-hermoso-departamento-2-recamaras-con-piscina-y-street-gym-en-yautepec-y-pet-park-_JM,1262500.0,MXN,departamento,residential,69.0,75.0,2,2.0,1,,16833.33,,1M-2M,,,18.8782906,-99.0762194,medium,Morelos,Yautepec,Felipe Neri,,,0502,approximate_coordinate,4591.0,1380.0,4856.398831602696,1459.7757324355741,0.4608695652173913,0.586231884057971,10.47,0.9813084112149533,236,659,88,249,42,89,11,26,7,14,1,6,2,11,B,mercadolibre|1262500.0|yautepec|felipe neri|69.0|75.0|2.0|2.0,97481595c542beed49036199fd7ab42a13a1db53,missing_coordinates
mercadolibre,MLM-2798041817,https://departamento.mercadolibre.com.mx/MLM-2798041817-departamento-en-venta-en-condominio-horizontal-la-loma-_JM,1275000.0,MXN,departamento,residential,62.0,62.0,0,2.0,1,,20564.52,,1M-2M,,,18.9105947,-98.9311186,medium,Morelos,Atlatlahucan,San Juan Texcalpan,,,0138,approximate_coordinate,973.0,397.0,335.65998876705885,136.9547950056756,0.924433249370277,0.9420654911838791,14.18,0.972568578553616,0,1,0,0,0,0,0,0,0,0,0,0,0,0,B,mercadolibre|1275000.0|atlatlahucan|san juan texcalpan|62.0|62.0|0.0|2.0,6bff1ee42ff40ab328bc1a18a51c667c42aec5a6,"missing_coordinates,same_land_and_construction_area"
mercadolibre,MLM-2718606247,https://terreno.mercadolibre.com.mx/MLM-2718606247-remate-terreno-2000-m-xochitepec-morelos-ideal-inversionistas-_JM,1279997.0,MXN,terreno,land,2000.0,,,,,,,640.0,1M-2M,,,18.7801528,-99.2108328,medium,Morelos,Xochitepec,Chiconcuac,,,037A,approximate_coordinate,3678.0,1047.0,2433.0795911403716,692.6140108548041,0.41069723018147086,0.5845272206303725,9.48,0.9766734279918864,343,586,138,234,75,116,16,27,5,7,0,0,4,10,B,mercadolibre|1279997.0|xochitepec|chiconcuac|2000.0|||,,"missing_construction_area,missing_coordinates"
mercadolibre,MLM-2705584815,https://terreno.mercadolibre.com.mx/MLM-2705584815-precio-de-remate-2000-m2-en-xochitepec-la-inversion-que-estabas-esperando-_JM,1279999.0,MXN,terreno,land,2000.0,,,,,,,640.0,1M-2M,,,18.7831747,-99.2308448,medium,Morelos,Xochitepec,Xochitepec,,,0045,approximate_coordinate,2836.0,909.0,3021.7912815897585,968.5501674771123,0.49064906490649063,0.6798679867986799,11.16,0.9658634538152611,442,599,157,210,101,132,20,25,9,14,12,12,9,11,B,mercadolibre|1279999.0|xochitepec|xochitepec|2000.0|||,,"missing_construction_area,missing_coordinates"
mercadolibre,MLM-4808963374,https://casa.mercadolibre.com.mx/MLM-4808963374-casa-en-venta-en-lomas-de-cocoyoc-_JM,12800000.0,MXN,casa,residential,475.0,375.0,3,5.0,5,,34133.33,,12M-20M,,,18.913685,-98.9455121,medium,Morelos,Atlatlahucan,Lomas De Cocoyoc,,,0138,approximate_coordinate,973.0,397.0,335.65998876705885,136.9547950056756,0.924433249370277,0.9420654911838791,14.18,0.972568578553616,46,49,16,16,15,15,1,1,0,1,0,0,0,0,B,mercadolibre|12800000.0|atlatlahucan|lomas de cocoyoc|475.0|375.0|3.0|5.0,9fb6081fb8105ee6f5d0096aa8d058d0c7805447,missing_coordinates
mercadolibre,MLM-5754474470,https://casa.mercadolibre.com.mx/MLM-5754474470-casa-en-condominio-con-alberca-en-emiliano-zapata-morelos-_JM,1290000.0,MXN,casa,residential,98.0,59.0,3,2.0,2,,21864.41,,1M-2M,,,18.8548449,-99.2053758,medium,Morelos,Emiliano Zapata,Modesto Rangel,,,0269,approximate_coordinate,3079.0,985.0,2243.575931821806,717.7402704918737,0.8395939086294416,0.8913705583756345,13.39,0.9699754901960784,62,319,23,144,10,36,1,4,0,5,0,1,0,1,B,mercadolibre|1290000.0|emiliano zapata|modesto rangel|98.0|59.0|3.0|2.0,3130758df2ed0e202c5fd97e5d6c6ed8941c19ea,missing_coordinates
mercadolibre,MLM-5048224770,https://departamento.mercadolibre.com.mx/MLM-5048224770-depa-con-amplia-terraza-y-frente-a-alberca-en-xochitepec-morelos-_JM,1290000.0,MXN,departamento,residential,52.0,52.0,3,2.0,1,,24807.69,,1M-2M,,,18.7442169,-99.2260915,medium,Morelos,Xochitepec,Atlacholoaya,,,0473,approximate_coordinate,4533.0,1113.0,3774.8340204221518,926.8454146767824,0.31626235399820307,0.2407906558849955,7.74,0.9912971404890178,202,236,100,115,22,24,4,6,4,7,0,0,1,1,B,mercadolibre|1290000.0|xochitepec|atlacholoaya|52.0|52.0|3.0|2.0,59c19b19ef1ba5e5a570057f26930ef1978708f8,"missing_coordinates,same_land_and_construction_area"
mercadolibre,MLM-5793568720,https://departamento.mercadolibre.com.mx/MLM-5793568720-departamento-en-venta-lomas-de-san-francisco-emiliano-zapata-cuernavaca-morelos-_JM,1300000.0,MXN,departamento,residential,,71.0,0,2.0,2,,18309.86,,1M-2M,,,18.8498953,-99.1750097,medium,Morelos,Emiliano Zapata,San Francisco,,,0343,approximate_coordinate,5558.0,1669.0,5916.1311453321605,1776.5424400070847,0.4793289394847214,0.658478130617136,11.06,0.9792027729636048,117,327,60,160,20,38,0,3,3,14,0,1,2,5,B,mercadolibre|1300000.0|emiliano zapata|san francisco||71.0|0.0|2.0,71c9516fa8031bfa1bd825f173fce0b0bbe81000,"missing_coordinates,missing_land_area"
mercadolibre,MLM-3290173487,https://departamento.mercadolibre.com.mx/MLM-3290173487-venta-departamento-1-ambiente-amador-salazar-_JM,1300000.0,MXN,departamento,residential,310.0,310.0,1,1.0,1,,4193.55,,1M-2M,,,18.8853161,-99.1195807,medium,Morelos,Yautepec,Amador Salazar,,,0540,approximate_coordinate,1938.0,535.0,5015.249973501096,1384.4988316940592,0.3364485981308411,0.48411214953271026,8.72,0.9775280898876404,198,779,92,395,15,71,7,24,4,22,0,1,2,6,B,mercadolibre|1300000.0|yautepec|amador salazar|310.0|310.0|1.0|1.0,65bdac005658c44654f70d98c5de4e00726a3fa9,"missing_coordinates,same_land_and_construction_area"
mercadolibre,MLM-2751879805,https://departamento.mercadolibre.com.mx/MLM-2751879805-oportunidad-unica-en-yautepec-departamento-en-venta-ideal-para-inversion-o-disfrute-propio-ubicacion-cuautla-morelos-caracteristicas-2-habitaciones2-bano-sala-y-comedor-cocina-amenidad-_JM,1300000.0,MXN,departamento,residential,80.0,80.0,2,2.0,2,,16250.0,,1M-2M,,,18.9056183,-98.9684273,medium,Morelos,Yautepec,Centro,,,0108,approximate_coordinate,1976.0,603.0,1985.85527835229,606.0074558939427,0.48258706467661694,0.6252072968490879,10.5,0.973172987974098,584,713,229,280,169,198,26,31,3,7,3,3,17,17,B,mercadolibre|1300000.0|yautepec|centro|80.0|80.0|2.0|2.0,2bffa389335179924dc79a5415f4c4a693960461,"missing_coordinates,same_land_and_construction_area"
mercadolibre,MLM-4756939850,https://terreno.mercadolibre.com.mx/MLM-4756939850-terreno-en-venta-en-pedregal-de-oaxtepec-_JM,1300000.0,MXN,terreno,land,335.0,,,,,,,3880.6,1M-2M,,,18.9112911,-98.9635639,medium,Morelos,Yautepec,Pedregal De Oaxtepec,,,0432,approximate_coordinate,630.0,187.0,653.8871844015503,194.09032298903156,0.4117647058823529,0.3689839572192513,9.09,0.9777777777777777,44,713,12,284,8,176,3,33,0,7,0,3,0,18,B,mercadolibre|1300000.0|yautepec|pedregal de oaxtepec|335.0|||,,"missing_construction_area,missing_coordinates"
mercadolibre,MLM-3240939371,https://terreno.mercadolibre.com.mx/MLM-3240939371-venta-de-terreno-en-cuautla-morelos-zona-centro-_JM,13000000.0,MXN,terreno,land,1734.0,,,,,,,7497.12,12M-20M,,,18.8571144,-98.9583663,medium,Morelos,Cuautla,Centro,,,0832,approximate_coordinate,4782.0,1262.0,4120.9850493128815,1087.553979973412,0.3795562599049128,0.47385103011093505,9.02,0.9799054373522459,203,580,92,274,35,93,4,11,6,15,0,0,0,2,B,mercadolibre|13000000.0|cuautla|centro|1734.0|||,,"missing_construction_area,missing_coordinates"
mercadolibre,MLM-3087817747,https://terreno.mercadolibre.com.mx/MLM-3087817747-en-venta-terreno-bardeado-en-tranquilo-fraccionamiento-de-oaxtepec-morelos-_JM,1325000.0,MXN,terreno,land,500.0,,,,,,,2650.0,1M-2M,,,18.9149596,-98.9782797,medium,Morelos,Yautepec,Santa Rosa,,,0269,approximate_coordinate,452.0,130.0,1336.242074776095,384.31741088692996,0.38461538461538464,0.4153846153846154,9.01,0.9538461538461539,57,307,29,139,6,42,2,9,3,6,0,1,0,5,B,mercadolibre|1325000.0|yautepec|santa rosa|500.0|||,,"missing_construction_area,missing_coordinates"
mercadolibre,MLM-5428243280,https://terreno.mercadolibre.com.mx/MLM-5428243280-terreno-en-venta-en-cuautla-_JM,1350000.0,MXN,terreno,land,423.0,,,,,,,3191.49,1M-2M,,,18.8439733,-98.9442991,medium,Morelos,Cuautla,Hermenegildo Galeana,,,0476,approximate_coordinate,2592.0,802.0,6350.453763750154,1964.9166352344228,0.4077306733167082,0.6458852867830424,11.07,0.9784122562674095,497,1496,178,557,78,259,40,95,12,43,2,18,13,25,B,mercadolibre|1350000.0|cuautla|hermenegildo galeana|423.0|||,,"missing_construction_area,missing_coordinates"
mercadolibre,MLM-3993907562,https://terreno.mercadolibre.com.mx/MLM-3993907562-terreno-en-venta-pedregal-de-oaxtepec-_JM,1350000.0,MXN,terreno,land,472.0,,,,,,,2860.17,1M-2M,,,18.9112911,-98.9635639,medium,Morelos,Yautepec,Pedregal De Oaxtepec,,,0432,approximate_coordinate,630.0,187.0,653.8871844015503,194.09032298903156,0.4117647058823529,0.3689839572192513,9.09,0.9777777777777777,44,713,12,284,8,176,3,33,0,7,0,3,0,18,B,mercadolibre|1350000.0|yautepec|pedregal de oaxtepec|472.0|||,,"missing_construction_area,missing_coordinates"
mercadolibre,MLM-2945637589,https://departamento.mercadolibre.com.mx/MLM-2945637589-departamento-en-venta-en-fraccionamiento-la-loma-_JM,1400000.0,MXN,departamento,residential,45.0,45.0,2,2.0,1,,31111.11,,1M-2M,,,18.9105947,-98.9311186,medium,Morelos,Atlatlahucan,San Juan Texcalpan,,,0138,approximate_coordinate,973.0,397.0,335.65998876705885,136.9547950056756,0.924433249370277,0.9420654911838791,14.18,0.972568578553616,0,1,0,0,0,0,0,0,0,0,0,0,0,0,B,mercadolibre|1400000.0|atlatlahucan|san juan texcalpan|45.0|45.0|2.0|2.0,69c3367f280029b89805edc8b3d3ffd8fa1be3ee,"missing_coordinates,same_land_and_construction_area"
mercadolibre,MLM-5511353314,https://departamento.mercadolibre.com.mx/MLM-5511353314-venta-de-departamento-con-alberca-en-xochitepec-morelos-_JM,1400000.0,MXN,departamento,residential,57.0,51.0,0,2.0,1,,27450.98,,1M-2M,,,18.7442169,-99.2260915,medium,Morelos,Xochitepec,Atlacholoaya,,,0473,approximate_coordinate,4533.0,1113.0,3774.8340204221518,926.8454146767824,0.31626235399820307,0.2407906558849955,7.74,0.9912971404890178,202,236,100,115,22,24,4,6,4,7,0,0,1,1,B,mercadolibre|1400000.0|xochitepec|atlacholoaya|57.0|51.0|0.0|2.0,38572332f777b393fc427c10ddf119574311bf39,missing_coordinates
mercadolibre,MLM-5284199940,https://casa.mercadolibre.com.mx/MLM-5284199940-casa-con-alberca-a-2-minutos-de-la-autopista-en-xochitepec-centro-morelos-_JM,1400000.0,MXN,casa,residential,72.0,90.0,3,2.0,2,,15555.56,,1M-2M,,,18.7753096,-99.2289893,medium,Morelos,Xochitepec,Paseos de Xochitepec,,,0045,approximate_coordinate,2836.0,909.0,3021.7912815897585,968.5501674771123,0.49064906490649063,0.6798679867986799,11.16,0.9658634538152611,77,409,36,139,14,94,1,18,1,8,0,12,0,7,B,mercadolibre|1400000.0|xochitepec|paseos de xochitepec|72.0|90.0|3.0|2.0,1d7ebf3550cb575d6236a2653cb370136c26c3f1,missing_coordinates
mercadolibre,MLM-5573424364,https://departamento.mercadolibre.com.mx/MLM-5573424364-pre-venta-de-departamentos-centro-de-jiutepec-morelosclave-4287-_JM,1417500.0,MXN,departamento,residential,72.0,72.0,0,2.0,1,,19687.5,,1M-2M,,,18.8955305,-99.1656029,medium,Morelos,Jiutepec,Centro Jiutepec,,,1084,approximate_coordinate,2129.0,704.0,6005.284940640889,1985.7776412452727,0.5710227272727273,0.8181818181818182,12.54,0.9747211895910781,545,1899,218,865,75,232,27,74,32,49,12,16,9,29,B,mercadolibre|1417500.0|jiutepec|centro jiutepec|72.0|72.0|0.0|2.0,6fea861d45534e933fcf259997035362589a9549,"missing_coordinates,same_land_and_construction_area"
mercadolibre,MLM-2926694113,https://departamento.mercadolibre.com.mx/MLM-2926694113-departamentos-en-venta-en-cocoyoc-yautepec-morelos-_JM,1463000.0,MXN,departamento,residential,65.81,65.81,0,2.0,1,,22230.66,,1M-2M,,,18.8815525,-98.9803149,medium,Morelos,Yautepec,Cocoyoc,,,0201,approximate_coordinate,4208.0,1234.0,3679.966722951729,1079.1537395728217,0.38006482982171796,0.5380875202593193,9.52,0.9859034600598034,288,527,142,263,41,84,8,16,4,15,0,0,3,4,B,mercadolibre|1463000.0|yautepec|cocoyoc|65.81|65.81|0.0|2.0,d74c0d99562affcd62a57c2159c32b69aa381649,"missing_coordinates,same_land_and_construction_area"
mercadolibre,MLM-2973571541,https://departamento.mercadolibre.com.mx/MLM-2973571541-departamento-centrico-en-planta-baja-_JM,1480000.0,MXN,departamento,residential,70.0,70.0,2,2.0,1,,21142.86,,1M-2M,,,18.9399524,-99.2432724,medium,Morelos,Cuernavaca,La Pradera,,,012A,approximate_coordinate,4133.0,1476.0,2395.155084562358,855.371135933714,0.7018970189701897,0.8638211382113821,13.53,0.9696021457308895,269,1081,61,337,47,129,12,75,21,64,2,10,22,41,B,mercadolibre|1480000.0|cuernavaca|la pradera|70.0|70.0|2.0|2.0,24456013e83b4f7b4e2aaad79afcd8233c613318,"missing_coordinates,same_land_and_construction_area"
mercadolibre,MLM-2839080965,https://terreno.mercadolibre.com.mx/MLM-2839080965-terreno-en-venta-cocoyoc-morelos-_JM,1480000.0,MXN,terreno,land,740.0,,,,,,,2000.0,1M-2M,,,18.8815525,-98.9803149,medium,Morelos,Yautepec,Cocoyoc,,,0201,approximate_coordinate,4208.0,1234.0,3679.966722951729,1079.1537395728217,0.38006482982171796,0.5380875202593193,9.52,0.9859034600598034,288,527,142,263,41,84,8,16,4,15,0,0,3,4,B,mercadolibre|1480000.0|yautepec|cocoyoc|740.0|||,,"missing_construction_area,missing_coordinates"
mercadolibre,MLM-2744754315,https://casa.mercadolibre.com.mx/MLM-2744754315-casa-en-cuautla-morelos-escelente-ubicacion-col-hermenegildo-galeana-_JM,1490000.0,MXN,casa,residential,105.0,79.0,3,2.0,1,,18860.76,,1M-2M,,,18.8439733,-98.9442991,medium,Morelos,Cuautla,Hermenegildo Galeana,,,0476,approximate_coordinate,2592.0,802.0,6350.453763750154,1964.9166352344228,0.4077306733167082,0.6458852867830424,11.07,0.9784122562674095,497,1496,178,557,78,259,40,95,12,43,2,18,13,25,B,mercadolibre|1490000.0|cuautla|hermenegildo galeana|105.0|79.0|3.0|2.0,87807473130bc963fb0a7298d3caf6cfc12039d0,missing_coordinates
mercadolibre,MLM-5866596236,https://terreno.mercadolibre.com.mx/MLM-5866596236-terreno-comercial-con-construccion-en-obra-gris-en-venta-en-morelos-_JM,15000000.0,MXN,terreno,land,5000.0,3849.0,,,,,3897.12,3000.0,12M-20M,,,18.8716955,-99.2535674,medium,Morelos,Temixco,Burgos,,,0918,approximate_coordinate,471.0,152.0,5847.590513522652,1887.1205054255693,0.39473684210526316,0.6578947368421053,11.27,1.0,33,199,14,105,1,20,1,4,4,8,0,0,1,3,B,mercadolibre|15000000.0|temixco|burgos|5000.0|3849.0||,728b0f9288969e85ed6b70e6ba062c65e95becda,missing_coordinates
mercadolibre,MLM-4761561668,https://casa.mercadolibre.com.mx/MLM-4761561668-casa-en-venta-en-del-bosque-_JM,15300000.0,MXN,casa,residential,600.0,644.0,3,3.0,3,,23757.76,,12M-20M,,,18.9981159,-99.2619204,medium,Morelos,Cuernavaca,Del Bosque,,,1024,approximate_coordinate,2297.0,656.0,1826.149212248381,521.5297706725894,0.43902439024390244,0.6036585365853658,10.03,0.990210843373494,22,37,9,11,1,2,0,0,0,0,0,0,0,0,B,mercadolibre|15300000.0|cuernavaca|del bosque|600.0|644.0|3.0|3.0,f170e1e792366a05a189cc317630e4f4b9abf32c,missing_coordinates
mercadolibre,MLM-5527930346,https://casa.mercadolibre.com.mx/MLM-5527930346-hermosa-casa-de-2-recamaras-con-piscina-y-sports-club-al-sur-de-cuautla-_JM,1550000.0,MXN,casa,residential,72.0,72.0,2,2.0,2,,21527.78,,1M-2M,,,18.7554715,-98.8819105,medium,Morelos,Ayala,Tlayecac,,,0043,approximate_coordinate,1614.0,459.0,4698.920401625593,1336.3100770422222,0.4684095860566449,0.45751633986928103,9.3,0.9942196531791907,104,160,48,70,14,25,2,3,4,6,0,0,1,1,B,mercadolibre|1550000.0|ayala|tlayecac|72.0|72.0|2.0|2.0,18fb3c01fd33fe93f4226af127c1726483979e19,"missing_coordinates,same_land_and_construction_area"
mercadolibre,MLM-3198260761,https://casa.mercadolibre.com.mx/MLM-3198260761-casa-en-venta-en-fraccionamiento-tabachines-tetelcingo-cuautla-morelos-_JM,1550000.0,MXN,casa,residential,89.0,118.0,3,2.0,2,,13135.59,,1M-2M,,,18.8658286,-98.9545589,medium,Morelos,Cuautla,Tetelcingo,,,0832,approximate_coordinate,4782.0,1262.0,4120.9850493128815,1087.553979973412,0.3795562599049128,0.47385103011093505,9.02,0.9799054373522459,52,370,33,196,8,70,1,2,2,4,1,3,0,1,B,mercadolibre|1550000.0|cuautla|tetelcingo|89.0|118.0|3.0|2.0,e4948ac3c6cd19faf883b7e343991c2500fca811,missing_coordinates
mercadolibre,MLM-5445165554,https://departamento.mercadolibre.com.mx/MLM-5445165554-departamento-en-venta-en-residencial-magnolia-jiutepec-morelos-_JM,1585000.0,MXN,departamento,residential,65.0,65.0,3,2.0,1,,24384.62,,1M-2M,,,18.8955305,-99.1656029,medium,Morelos,Jiutepec,Centro Jiutepec,,,1084,approximate_coordinate,2129.0,704.0,6005.284940640889,1985.7776412452727,0.5710227272727273,0.8181818181818182,12.54,0.9747211895910781,545,1899,218,865,75,232,27,74,32,49,12,16,9,29,B,mercadolibre|1585000.0|jiutepec|centro jiutepec|65.0|65.0|3.0|2.0,1490f91692a5612660bd86d28ebae931280e00f3,"missing_coordinates,same_land_and_construction_area"
mercadolibre,MLM-2265584777,https://terreno.mercadolibre.com.mx/MLM-2265584777-terreno-urbano-en-centro-jiutepec-jiutepec-morelos-_JM,16000000.0,MXN,terreno,land,9550.0,,,,,,,1675.39,12M-20M,,,18.8955305,-99.1656029,medium,Morelos,Jiutepec,Centro Jiutepec,,,1084,approximate_coordinate,2129.0,704.0,6005.284940640889,1985.7776412452727,0.5710227272727273,0.8181818181818182,12.54,0.9747211895910781,545,1899,218,865,75,232,27,74,32,49,12,16,9,29,B,mercadolibre|16000000.0|jiutepec|centro jiutepec|9550.0|||,,"missing_construction_area,missing_coordinates"
mercadolibre,MLM-3289884329,https://casa.mercadolibre.com.mx/MLM-3289884329-amplitud-diseno-y-confort-en-una-residencia-pensada-para-disfrutar-cada-espacio-_JM,16200000.0,MXN,casa,residential,627.0,520.0,4,4.0,4,,31153.85,,12M-20M,,,18.9067789,-98.9660955,medium,Morelos,Yautepec,Lomas De Cocoyoc,,,0413,approximate_coordinate,169.0,52.0,291.74148178346906,89.76660977952893,0.5961538461538461,0.6923076923076923,10.85,1.0,318,718,115,283,67,196,20,31,3,7,2,3,10,17,B,mercadolibre|16200000.0|yautepec|lomas de cocoyoc|627.0|520.0|4.0|4.0,43fd72578527071ef27d69286d5fbc8c0a116d8d,missing_coordinates
mercadolibre,MLM-4786147898,https://casa.mercadolibre.com.mx/MLM-4786147898-casa-en-condominio-en-fraccionamiento-paseos-del-rio-al-sur-de-cuernavaca-_JM,1650000.0,MXN,casa,residential,68.0,,2,2.0,1,,,,1M-2M,,,18.8318883,-99.1979354,medium,Morelos,Emiliano Zapata,Fraccionamiento Paseos del Río,,,0131,approximate_coordinate,8597.0,2764.0,6401.586905440538,2058.158218755106,0.6530390738060782,0.742040520984081,12.05,0.97538742023701,40,129,20,60,4,17,2,2,0,4,0,0,0,1,C,mercadolibre|1650000.0|emiliano zapata|fraccionamiento paseos del río|68.0||2.0|2.0,59b747cf743b7a718d5c262380e3375a29297bb3,"missing_construction_area,missing_coordinates"
mercadolibre,MLM-2989184629,https://terreno.mercadolibre.com.mx/MLM-2989184629-terreno-en-venta-en-zona-dorada-de-cuernavaca-_JM,16800000.0,MXN,terreno,land,1200.0,,,,,,,14000.0,12M-20M,,,18.9321537,-99.2212056,medium,Morelos,Cuernavaca,Vista Hermosa,,,0187,approximate_coordinate,630.0,227.0,1278.5954112765228,460.70025136471537,0.7929515418502202,0.9030837004405287,13.55,0.9970501474926253,426,1565,67,519,78,237,126,195,15,47,16,55,16,61,B,mercadolibre|16800000.0|cuernavaca|vista hermosa|1200.0|||,,"missing_construction_area,missing_coordinates"
mercadolibre,MLM-2914900177,https://terreno.mercadolibre.com.mx/MLM-2914900177-venta-de-terreno-en-temixco-morelosclave-5529-_JM,1700000.0,MXN,terreno,land,707.0,,,,,,,2404.53,1M-2M,,,18.8696022,-99.2317443,medium,Morelos,Temixco,Alta Palmira,,,0547,approximate_coordinate,3083.0,906.0,5609.703831903922,1648.5214634138674,0.3818984547461369,0.5408388520971302,9.74,0.9662576687116564,154,633,79,315,15,74,5,22,6,11,0,0,1,6,B,mercadolibre|1700000.0|temixco|alta palmira|707.0|||,,"missing_construction_area,missing_coordinates"
mercadolibre,MLM-3032202161,https://casa.mercadolibre.com.mx/MLM-3032202161-casa-con-jardin-y-amenidades-en-el-centro-de-xochitepec-morelos-_JM,1700000.0,MXN,casa,residential,62.0,91.0,3,2.0,2,,18681.32,,1M-2M,,,18.7718422,-99.2240938,medium,Morelos,Xochitepec,Villas De Xochitepec,,,0011,approximate_coordinate,875.0,299.0,4575.064578031982,1563.3649243789287,0.6387959866220736,0.7591973244147158,12.09,0.9817351598173516,25,119,12,46,2,23,2,4,1,1,0,0,0,3,B,mercadolibre|1700000.0|xochitepec|villas de xochitepec|62.0|91.0|3.0|2.0,518c9c567d7cce8287ccc27841a0600939d0ec51,missing_coordinates
mercadolibre,MLM-3140320311,https://casa.mercadolibre.com.mx/MLM-3140320311-casa-en-venta-en-cuernavaca-_JM,17000000.0,MXN,casa,residential,1456.0,650.0,5,6.0,6,,26153.85,,12M-20M,,,18.8933187,-99.1966011,medium,Morelos,Jiutepec,Sumiya,,,0122,approximate_coordinate,1858.0,564.0,1540.789692968381,467.71011132086477,0.74822695035461,0.8156028368794326,12.28,0.9752380952380952,13,200,5,81,2,21,0,6,0,7,0,0,0,1,B,mercadolibre|17000000.0|jiutepec|sumiya|1456.0|650.0|5.0|6.0,c137bb2a4feea7e32846b114d5ce3cd7dc8a0673,missing_coordinates
mercadolibre,MLM-5252272280,https://departamento.mercadolibre.com.mx/MLM-5252272280-departamento-en-planta-baja-2-recamaras-y-1-bano-en-ahuatlan-_JM,1745000.0,MXN,departamento,residential,71.0,71.0,2,2.0,1,,24577.46,,1M-2M,,,18.9619526,-99.2597563,medium,Morelos,Cuernavaca,Ahuatlan Tzompantle,,,051A,approximate_coordinate,6076.0,1649.0,2685.5540217268144,728.8476928616716,0.4329896907216495,0.6300788356579745,10.09,0.9791542584871947,213,535,113,295,30,66,8,16,1,12,1,1,2,10,B,mercadolibre|1745000.0|cuernavaca|ahuatlan tzompantle|71.0|71.0|2.0|2.0,439fcebf0683c8cae56fdb66029d71e51c53ab25,"missing_coordinates,same_land_and_construction_area"
mercadolibre,MLM-3129632463,https://departamento.mercadolibre.com.mx/MLM-3129632463-departamento-en-sitio-del-sol-cuautla-morelos-venta-_JM,1750000.0,MXN,departamento,residential,70.0,88.0,3,2.0,2,,19886.36,,1M-2M,,,18.8669194,-98.9479759,medium,Morelos,Cuautla,Sitio Del Sol,,,0014,approximate_coordinate,2050.0,523.0,1887.0063470578307,481.4167412249978,0.3862332695984704,0.37667304015296366,8.75,0.9742574257425742,160,265,83,128,40,48,1,2,1,4,3,3,2,2,B,mercadolibre|1750000.0|cuautla|sitio del sol|70.0|88.0|3.0|2.0,20e27cad20696b3d02eabf2fa7fa5b523e8b539e,missing_coordinates
mercadolibre,MLM-3254214755,https://terreno.mercadolibre.com.mx/MLM-3254214755-venta-terreno-en-fraccionamiento-del-bosque-cuernavaca-t65-_JM,1758896.0,MXN,terreno,land,1099.0,,,,,,,1600.45,1M-2M,,,18.9981159,-99.2619204,medium,Morelos,Cuernavaca,Del Bosque,,,1024,approximate_coordinate,2297.0,656.0,1826.149212248381,521.5297706725894,0.43902439024390244,0.6036585365853658,10.03,0.990210843373494,22,37,9,11,1,2,0,0,0,0,0,0,0,0,B,mercadolibre|1758896.0|cuernavaca|del bosque|1099.0|||,,"missing_construction_area,missing_coordinates"
mercadolibre,MLM-3077846581,https://departamento.mercadolibre.com.mx/MLM-3077846581-estrena-departamento-o-casa-con-alberca-a-5-minutos-de-galerias-plusvalia-garantizada-aceptamos-todos-los-creditos-_JM,1760000.0,MXN,casa,residential,60.0,60.0,2,2.0,2,,29333.33,,1M-2M,,,18.8966449,-99.2282172,medium,Morelos,Cuernavaca,Chipitlan,,,0401,approximate_coordinate,4260.0,1416.0,5872.738090755191,1952.0650555186267,0.6016949152542372,0.7853107344632768,12.64,0.9814424293547026,315,581,143,225,55,73,10,88,6,12,2,4,9,19,B,mercadolibre|1760000.0|cuernavaca|chipitlan|60.0|60.0|2.0|2.0,d0d4b3f87694b79688599014be278f5c5bf1f049,"missing_coordinates,same_land_and_construction_area"
mercadolibre,MLM-5811579362,https://departamento.mercadolibre.com.mx/MLM-5811579362-departamento-en-altos-de-oaxtepec-preventa-_JM,1799000.0,MXN,departamento,residential,94.0,94.0,4,2.0,2,,19138.3,,1M-2M,,,18.9220878,-98.9548225,medium,Morelos,Yautepec,Altos De Oaxtepec,,,0610,approximate_coordinate,122.0,44.0,220.311520394528,79.4566139127806,0.7954545454545454,0.7045454545454546,11.64,0.9245283018867925,0,3,0,0,0,0,0,1,0,1,0,0,0,0,B,mercadolibre|1799000.0|yautepec|altos de oaxtepec|94.0|94.0|4.0|2.0,72e9b17ce4f78479f861f64af5bc0c9a34ba1a8c,"missing_coordinates,same_land_and_construction_area"
mercadolibre,MLM-2940995393,https://casa.mercadolibre.com.mx/MLM-2940995393-casa-en-civac-detalles-esteticos-de-acepta-credito-inf-_JM,1800000.0,MXN,casa,residential,160.0,170.0,4,3.0,3,,10588.24,,1M-2M,,,18.9187451,-99.1666747,medium,Morelos,Jiutepec,Civac 1a Sección,,,071A,approximate_coordinate,2179.0,700.0,6204.735745603911,1993.2606800930414,0.5814285714285714,0.7914285714285715,12.69,0.9692451071761417,428,1181,165,416,68,155,25,45,21,33,7,10,9,28,B,mercadolibre|1800000.0|jiutepec|civac 1a sección|160.0|170.0|4.0|3.0,65dacf2b38a6b26e9b5adcf58730e5be6ecc4cd1,missing_coordinates
mercadolibre,MLM-5553735570,https://departamento.mercadolibre.com.mx/MLM-5553735570-loft-de-lujo-en-venta-en-oaxtepec-morelos-amenidades-premium-_JM,1800000.0,MXN,departamento,residential,42.0,42.0,1,1.0,1,,42857.14,,1M-2M,,,18.900402,-98.9731656,medium,Morelos,Yautepec,Oaxtepec Centro,,,0273,approximate_coordinate,45.0,12.0,30.915232939279242,8.244062117141132,0.5833333333333334,0.6666666666666666,11.36,1.0,49,557,13,222,28,184,0,20,4,9,0,2,0,11,B,mercadolibre|1800000.0|yautepec|oaxtepec centro|42.0|42.0|1.0|1.0,c9c4a2d4065111525a84aed430578022600ee2f6,"missing_coordinates,same_land_and_construction_area"
mercadolibre,MLM-3289901267,https://casa.mercadolibre.com.mx/MLM-3289901267-venta-de-casa-de-campo-en-venta-en-yautepec-terreno-de-1000-m-_JM,1800000.0,MXN,casa,residential,1000.0,120.0,2,3.0,3,,15000.0,,1M-2M,,,18.8871496,-99.0681762,medium,Morelos,Yautepec,San Carlos,,,0470,approximate_coordinate,1069.0,344.0,2523.948006277994,812.1965520670065,0.46511627906976744,0.5784883720930233,11.19,0.9732620320855615,297,1815,123,846,33,219,22,88,9,49,3,22,6,41,B,mercadolibre|1800000.0|yautepec|san carlos|1000.0|120.0|2.0|3.0,9de752aee0c434f6dba0282a3e5c59766f343432,"missing_coordinates,suspicious_surface_pair"
mercadolibre,MLM-4791954054,https://casa.mercadolibre.com.mx/MLM-4791954054-casa-cuautla-morelos-_JM,1850000.0,MXN,casa,residential,160.0,130.0,3,2.0,2,,14230.77,,1M-2M,,,18.878787,-98.9278541,medium,Morelos,Cuautla,Otilio Montaño,,,0423,approximate_coordinate,3356.0,893.0,2745.0920655164637,730.4431509255668,0.49944008958566627,0.5912653975363942,10.43,0.9924065420560748,74,438,32,182,14,82,1,14,1,9,0,1,0,4,B,mercadolibre|1850000.0|cuautla|otilio montaño|160.0|130.0|3.0|2.0,be0785025f180f523e5031af854b6d049dcc4db1,missing_coordinates
mercadolibre,MLM-2350834303,https://terreno.mercadolibre.com.mx/MLM-2350834303-terreno-en-venta-en-jose-g-parres-jiutepec-morelos-_JM,1850000.0,MXN,terreno,land,272.0,,,,,,,6801.47,1M-2M,,,18.8890993,-99.1949199,medium,Morelos,Jiutepec,José G Parres,,,0175,approximate_coordinate,558.0,162.0,3300.7406107033376,958.2795321396786,0.49382716049382713,0.6975308641975309,10.94,0.9597523219814241,96,232,43,113,10,22,5,7,2,3,0,0,1,1,B,mercadolibre|1850000.0|jiutepec|josé g parres|272.0|||,,"missing_construction_area,missing_coordinates"
mercadolibre,MLM-5705627478,https://departamento.mercadolibre.com.mx/MLM-5705627478-departamento-en-sitio-del-sol-cuautla-morelos-venta-_JM,1880000.0,MXN,departamento,residential,70.0,80.0,3,2.0,2,,23500.0,,1M-2M,,,18.8669194,-98.9479759,medium,Morelos,Cuautla,Sitio Del Sol,,,0014,approximate_coordinate,2050.0,523.0,1887.0063470578307,481.4167412249978,0.3862332695984704,0.37667304015296366,8.75,0.9742574257425742,160,265,83,128,40,48,1,2,1,4,3,3,2,2,B,mercadolibre|1880000.0|cuautla|sitio del sol|70.0|80.0|3.0|2.0,f0ee10fed043618cd67ccc5f3e4b0246265fea47,missing_coordinates
mercadolibre,MLM-5527936258,https://departamento.mercadolibre.com.mx/MLM-5527936258-departamento-3-recamaras-con-piscina-y-sports-club-al-sur-de-cuernavaca-santa-fe-_JM,1900000.0,MXN,departamento,residential,88.0,88.0,3,2.0,2,,21590.91,,1M-2M,,,18.7554715,-98.8819105,medium,Morelos,Ayala,Tlayecac,,,0043,approximate_coordinate,1614.0,459.0,4698.920401625593,1336.3100770422222,0.4684095860566449,0.45751633986928103,9.3,0.9942196531791907,104,160,48,70,14,25,2,3,4,6,0,0,1,1,B,mercadolibre|1900000.0|ayala|tlayecac|88.0|88.0|3.0|2.0,377764b3e02537b9793394f8ee8ee5b26ef62d3d,"missing_coordinates,same_land_and_construction_area"
mercadolibre,MLM-4754250860,https://casa.mercadolibre.com.mx/MLM-4754250860-casa-en-acatlipa-en-temixco-morelos-_JM,1900000.0,MXN,casa,residential,248.0,182.0,3,2.0,2,,10439.56,,1M-2M,,,18.8240661,-99.2302064,medium,Morelos,Temixco,Acatlipa,,,002A,approximate_coordinate,1670.0,531.0,6626.735415400277,2107.0637757949385,0.4124293785310734,0.6177024482109228,10.78,0.9771739130434782,731,1153,368,560,111,148,30,44,15,23,2,3,10,17,B,mercadolibre|1900000.0|temixco|acatlipa|248.0|182.0|3.0|2.0,59fe27b57a2422b5095cee4e427145b70b06108e,missing_coordinates
mercadolibre,MLM-5925038920,https://casa.mercadolibre.com.mx/MLM-5925038920-xochitepec-venta-de-casa-en-residencial-oasis-ii-en-morelos-_JM,1900000.0,MXN,casa,residential,73.0,182.0,2,2.0,2,,10439.56,,1M-2M,,,18.7831747,-99.2308448,medium,Morelos,Xochitepec,Xochitepec,,,0045,approximate_coordinate,2836.0,909.0,3021.7912815897585,968.5501674771123,0.49064906490649063,0.6798679867986799,11.16,0.9658634538152611,442,599,157,210,101,132,20,25,9,14,12,12,9,11,B,mercadolibre|1900000.0|xochitepec|xochitepec|73.0|182.0|2.0|2.0,31cafff6398a41da9dd68fff1fa82236d8f03a21,missing_coordinates
mercadolibre,MLM-5120678626,https://terreno.mercadolibre.com.mx/MLM-5120678626-escriturado-predio-semi-urbano-en-alpuyeca-morelos-_JM,19283000.0,MXN,terreno,land,19283.0,,,,,,,1000.0,12M-20M,,,18.7412877,-99.2598175,medium,Morelos,Xochitepec,Alpuyeca,,,0026,approximate_coordinate,2763.0,700.0,2771.068737817901,702.044197058462,0.24857142857142858,0.39285714285714285,9.48,0.972241029113067,344,565,186,281,57,98,10,14,7,12,2,2,4,8,B,mercadolibre|19283000.0|xochitepec|alpuyeca|19283.0|||,,"missing_construction_area,missing_coordinates"
mercadolibre,MLM-2914862305,https://terreno.mercadolibre.com.mx/MLM-2914862305-venta-de-terreno-escriturado-los-presidentes-temixco-morelosclave-4577-_JM,1949000.0,MXN,terreno,land,1212.0,,,,,,,1608.09,1M-2M,,,18.8613795,-99.2273213,medium,Morelos,Temixco,Los Presidentes,,,0513,approximate_coordinate,1323.0,390.0,3826.758485718464,1128.069394882994,0.43846153846153846,0.6205128205128205,9.91,0.9390420899854862,113,707,58,335,13,94,1,32,1,16,0,1,1,5,B,mercadolibre|1949000.0|temixco|los presidentes|1212.0|||,,"missing_construction_area,missing_coordinates"
mercadolibre,MLM-2621515335,https://casa.mercadolibre.com.mx/MLM-2621515335-se-vende-casa-en-el-fraccionamiento-jardines-de-la-hacienda-2-_JM,1950000.0,MXN,casa,residential,90.0,75.0,2,2.0,1,,26000.0,,1M-2M,,,18.8857317,-99.1905731,medium,Morelos,Jiutepec,Jardines De La Hacienda II,,,0207,approximate_coordinate,4352.0,1303.0,3777.446942217654,1130.9773358707728,0.6224098234842671,0.7659247889485802,11.85,0.9760722347629797,38,284,13,136,4,31,3,12,1,8,0,0,1,3,B,mercadolibre|1950000.0|jiutepec|jardines de la hacienda ii|90.0|75.0|2.0|2.0,d8a3db5cd6ba5a825fe39f91dccbe5479be8a69f,missing_coordinates
mercadolibre,MLM-2800604071,https://departamento.mercadolibre.com.mx/MLM-2800604071-departamento-en-venta-en-cocoyoc-morelos-_JM,1950000.0,MXN,departamento,residential,154.0,154.0,4,3.0,1,,12662.34,,1M-2M,,,18.8815525,-98.9803149,medium,Morelos,Yautepec,Cocoyoc,,,0201,approximate_coordinate,4208.0,1234.0,3679.966722951729,1079.1537395728217,0.38006482982171796,0.5380875202593193,9.52,0.9859034600598034,288,527,142,263,41,84,8,16,4,15,0,0,3,4,B,mercadolibre|1950000.0|yautepec|cocoyoc|154.0|154.0|4.0|3.0,622f8ae8b1db006681799f73fd998f4fad2eb71b,"missing_coordinates,same_land_and_construction_area"
mercadolibre,MLM-5575263998,https://casa.mercadolibre.com.mx/MLM-5575263998-casa-con-local-en-venta-jiutepec-mexico-_JM,1980000.0,MXN,casa,residential,205.0,233.0,5,2.0,2,,8497.85,,1M-2M,,,18.9240566,-99.1739535,medium,Morelos,Jiutepec,Otilio Montaño,,,0565,approximate_coordinate,2337.0,654.0,13198.298992846789,3693.490603903209,0.5107033639143731,0.6788990825688074,10.51,0.9802631578947368,609,1700,241,682,77,214,22,62,19,50,1,3,8,31,B,mercadolibre|1980000.0|jiutepec|otilio montaño|205.0|233.0|5.0|2.0,62385576ff36ddd43d3fe5404efdb321f828aa8c,missing_coordinates
mercadolibre,MLM-3025916021,https://casa.mercadolibre.com.mx/MLM-3025916021-hermosa-casa-de-3-recamaras-con-piscina-y-sports-club-al-sur-de-cuautla-123m2-de-construccion-_JM,2000000.0,MXN,casa,residential,123.0,123.0,3,3.0,3,,16260.16,,2M-3M,,,18.7554715,-98.8819105,medium,Morelos,Ayala,Tlayecac,,,0043,approximate_coordinate,1614.0,459.0,4698.920401625593,1336.3100770422222,0.4684095860566449,0.45751633986928103,9.3,0.9942196531791907,104,160,48,70,14,25,2,3,4,6,0,0,1,1,B,mercadolibre|2000000.0|ayala|tlayecac|123.0|123.0|3.0|3.0,7941f77bfdfd6e07413cd778261df47556ac6d6d,"missing_coordinates,same_land_and_construction_area"
mercadolibre,MLM-2988202549,https://casa.mercadolibre.com.mx/MLM-2988202549-casa-en-venta-en-cuautla-_JM,2000000.0,MXN,casa,residential,160.0,100.0,3,2.0,2,,20000.0,,2M-3M,,,18.8439733,-98.9442991,medium,Morelos,Cuautla,Hermenegildo Galeana,,,0476,approximate_coordinate,2592.0,802.0,6350.453763750154,1964.9166352344228,0.4077306733167082,0.6458852867830424,11.07,0.9784122562674095,497,1496,178,557,78,259,40,95,12,43,2,18,13,25,B,mercadolibre|2000000.0|cuautla|hermenegildo galeana|160.0|100.0|3.0|2.0,6fbf0e6fb8beeb87cfa401095595c030e7dfe0f3,missing_coordinates
mercadolibre,MLM-2897440679,https://terreno.mercadolibre.com.mx/MLM-2897440679-oportunidad-se-vende-terreno-500-o-1000-metros-a-un-lado-de-sams-cuautla-_JM,2000000.0,MXN,terreno,land,1000.0,,,,,,,2000.0,2M-3M,,,18.8573706,-98.9361786,medium,Morelos,Cuautla,Lázaro Cárdenas,,,0368,approximate_coordinate,1914.0,476.0,3580.4896156099,890.4456933282719,0.47058823529411764,0.5105042016806722,9.39,0.9818763326226013,293,726,144,318,35,115,8,22,7,11,0,2,3,8,B,mercadolibre|2000000.0|cuautla|lázaro cárdenas|1000.0|||,,"missing_construction_area,missing_coordinates"
mercadolibre,MLM-2718563093,https://terreno.mercadolibre.com.mx/MLM-2718563093-terreno-en-venta-km-27-libramiento-cuernavaca-cuautla-yautepec-morelos-_JM,2000000.0,MXN,terreno,land,632.0,,,,,,,3164.56,2M-3M,,,18.8059034,-98.9459425,medium,Morelos,Cuautla,Miguel Hidalgo,,,0620,approximate_coordinate,3394.0,977.0,6289.341047804352,1810.4555697421483,0.3541453428863869,0.5721596724667349,9.92,0.9731653888280394,282,1297,97,523,47,200,14,83,15,43,1,18,4,21,B,mercadolibre|2000000.0|cuautla|miguel hidalgo|632.0|||,,"missing_construction_area,missing_coordinates"
mercadolibre,MLM-2784891811,https://departamento.mercadolibre.com.mx/MLM-2784891811-departamento-en-venta-san-anton-cuernavaca-puente-2000-_JM,2000000.0,MXN,departamento,residential,70.0,70.0,4,2.0,2,,28571.43,,2M-3M,,,18.9230851,-99.2446589,medium,Morelos,Cuernavaca,San Antón,,,0986,approximate_coordinate,3987.0,1161.0,7790.625045113483,2268.6018754393663,0.4453057708871662,0.7002583979328165,11.3,0.9738717339667459,297,1880,137,770,34,262,4,99,8,49,0,46,8,95,B,mercadolibre|2000000.0|cuernavaca|san antón|70.0|70.0|4.0|2.0,2755c99b94d42b8525f9a4814d44c48e3d2ce866,"missing_coordinates,same_land_and_construction_area"
mercadolibre,MLM-3086291987,https://casa.mercadolibre.com.mx/MLM-3086291987-casa-en-venta-en-jose-ortiz-san-martin-_JM,2000000.0,MXN,casa,residential,300.0,140.0,2,3.0,3,,14285.71,,2M-3M,,,18.8788057,-99.074173,medium,Morelos,Yautepec,José Ortiz,,,0502,approximate_coordinate,4591.0,1380.0,4856.398831602696,1459.7757324355741,0.4608695652173913,0.586231884057971,10.47,0.9813084112149533,317,795,124,303,52,108,15,34,9,21,2,6,3,14,B,mercadolibre|2000000.0|yautepec|josé ortiz|300.0|140.0|2.0|3.0,2b4863b4e75dfd6e18e728eaf233535866c412f3,missing_coordinates
mercadolibre,MLM-4904200614,https://casa.mercadolibre.com.mx/MLM-4904200614-residencia-lomas-de-cocoyoc-5r-5b-4e-alberca-super-jardin-_JM,20000000.0,MXN,casa,residential,1390.0,400.0,5,6.0,6,,50000.0,,>20M,,,18.913685,-98.9455121,medium,Morelos,Atlatlahucan,Lomas De Cocoyoc,,,0138,approximate_coordinate,973.0,397.0,335.65998876705885,136.9547950056756,0.924433249370277,0.9420654911838791,14.18,0.972568578553616,46,49,16,16,15,15,1,1,0,1,0,0,0,0,B,mercadolibre|20000000.0|atlatlahucan|lomas de cocoyoc|1390.0|400.0|5.0|6.0,d5d41f3e8f34fdb659cb607d27387dc4bf16fbaa,missing_coordinates
mercadolibre,MLM-4840502100,https://casa.mercadolibre.com.mx/MLM-4840502100-hermosa-casa-con-amenidades-en-aqua-sol-lifestyle-ideal-para-disfrutar-fin-de-semana-o-para-inve-_JM,2035000.0,MXN,casa,residential,1221.0,62.0,3,2.0,2,,32822.58,,2M-3M,,,18.7663043,-98.9853284,medium,Morelos,Ayala,Ciudad Ayala,,,0039,approximate_coordinate,2879.0,820.0,5071.30302452846,1444.4141994141498,0.4402439024390244,0.5597560975609757,10.83,0.9796472184531886,356,513,168,222,52,69,11,16,7,10,2,2,5,6,B,mercadolibre|2035000.0|ayala|ciudad ayala|1221.0|62.0|3.0|2.0,12ad2230b9188ae9595963461e0c64600701f8a6,"missing_coordinates,suspicious_surface_pair"
mercadolibre,MLM-2309651041,https://terreno.mercadolibre.com.mx/MLM-2309651041-magnifico-terreno-comercial-_JM,20776000.0,MXN,terreno,land,5936.0,,,,,,,3500.0,>20M,,,18.8921913,-99.1322644,medium,Morelos,Jiutepec,José López Portillo,,,0508,approximate_coordinate,2157.0,558.0,4947.192618875219,1279.8022630191804,0.3924731182795699,0.5340501792114696,9.2,0.9669117647058824,89,486,30,222,7,61,2,13,2,16,0,1,2,6,B,mercadolibre|20776000.0|jiutepec|josé lópez portillo|5936.0|||,,"missing_construction_area,missing_coordinates"
mercadolibre,MLM-5908813166,https://terreno.mercadolibre.com.mx/MLM-5908813166-terreno-comercial-en-venta-en-fraccionamiento-granjas-merida-_JM,2100000.0,MXN,terreno,land,985.0,,,,,,,2131.98,2M-3M,,,18.8157321,-99.2152871,medium,Morelos,Temixco,Granjas Mérida,,,0706,approximate_coordinate,773.0,238.0,599.0647695175409,184.44685012312385,0.44537815126050423,0.4957983193277311,9.28,0.9975369458128078,22,95,7,38,6,15,1,3,2,5,0,0,0,0,B,mercadolibre|2100000.0|temixco|granjas mérida|985.0|||,,"missing_construction_area,missing_coordinates"
mercadolibre,MLM-5616590786,https://terreno.mercadolibre.com.mx/MLM-5616590786-venta-de-terreno-en-cocoyoc-morelos-_JM,2100000.0,MXN,terreno,land,495.0,,,,,,,4242.42,2M-3M,,,18.8815525,-98.9803149,medium,Morelos,Yautepec,Cocoyoc,,,0201,approximate_coordinate,4208.0,1234.0,3679.966722951729,1079.1537395728217,0.38006482982171796,0.5380875202593193,9.52,0.9859034600598034,288,527,142,263,41,84,8,16,4,15,0,0,3,4,B,mercadolibre|2100000.0|yautepec|cocoyoc|495.0|||,,"missing_construction_area,missing_coordinates"
mercadolibre,MLM-4213665354,https://terreno.mercadolibre.com.mx/MLM-4213665354-terreno-urbano-en-san-gaspar-jiutepec-morelos-_JM,2104000.0,MXN,terreno,land,1052.0,,,,,,,2000.0,2M-3M,,,18.8955305,-99.1656029,medium,Morelos,Jiutepec,Centro Jiutepec,,,1084,approximate_coordinate,2129.0,704.0,6005.284940640889,1985.7776412452727,0.5710227272727273,0.8181818181818182,12.54,0.9747211895910781,545,1899,218,865,75,232,27,74,32,49,12,16,9,29,B,mercadolibre|2104000.0|jiutepec|centro jiutepec|1052.0|||,,"missing_construction_area,missing_coordinates"
mercadolibre,MLM-4904229866,https://terreno.mercadolibre.com.mx/MLM-4904229866-terreno-en-alpuyeca-xochitepec-_JM,2145000.0,MXN,terreno,land,7150.0,,,,,,,300.0,2M-3M,,,18.7412877,-99.2598175,medium,Morelos,Xochitepec,Alpuyeca,,,0026,approximate_coordinate,2763.0,700.0,2771.068737817901,702.044197058462,0.24857142857142858,0.39285714285714285,9.48,0.972241029113067,344,565,186,281,57,98,10,14,7,12,2,2,4,8,B,mercadolibre|2145000.0|xochitepec|alpuyeca|7150.0|||,,"missing_construction_area,missing_coordinates"
mercadolibre,MLM-5439156362,https://departamento.mercadolibre.com.mx/MLM-5439156362-departamento-con-roof-garden-preventa-_JM,2150000.0,MXN,departamento,residential,120.0,62.0,2,2.0,2,,34677.42,,2M-3M,,,18.8450266,-99.2242849,medium,Morelos,Temixco,Miguel Hidalgo,,,0496,approximate_coordinate,3345.0,1079.0,6252.677039313182,2016.932294594596,0.33271547729379053,0.5468025949953661,10.19,0.9728832318760376,483,1004,216,468,61,120,32,53,16,27,21,26,4,17,B,mercadolibre|2150000.0|temixco|miguel hidalgo|120.0|62.0|2.0|2.0,3234fdc8a95ea558e329be6dd5fb4715dedeeb49,missing_coordinates
mercadolibre,MLM-5811591900,https://casa.mercadolibre.com.mx/MLM-5811591900-casa-en-venta-en-oaxtepece-_JM,2150000.0,MXN,casa,residential,488.0,190.0,2,2.0,1,,11315.79,,2M-3M,,,18.9149596,-98.9782797,medium,Morelos,Yautepec,Santa Rosa,,,0269,approximate_coordinate,452.0,130.0,1336.242074776095,384.31741088692996,0.38461538461538464,0.4153846153846154,9.01,0.9538461538461539,57,307,29,139,6,42,2,9,3,6,0,1,0,5,B,mercadolibre|2150000.0|yautepec|santa rosa|488.0|190.0|2.0|2.0,4937f5da1c38181b2f9813fe6b9f1e9f84a10bf1,missing_coordinates
mercadolibre,MLM-4791834908,https://casa.mercadolibre.com.mx/MLM-4791834908-casa-en-venta-cuautla-moreloslos-laureles-_JM,2243667.0,MXN,casa,residential,90.0,119.0,3,2.0,1,,18854.34,,2M-3M,,,18.8658286,-98.9545589,medium,Morelos,Cuautla,Tetelcingo,,,0832,approximate_coordinate,4782.0,1262.0,4120.9850493128815,1087.553979973412,0.3795562599049128,0.47385103011093505,9.02,0.9799054373522459,52,370,33,196,8,70,1,2,2,4,1,3,0,1,B,mercadolibre|2243667.0|cuautla|tetelcingo|90.0|119.0|3.0|2.0,d19d915fe5df41c06f62f13fd68535898cbbcf32,missing_coordinates
mercadolibre,MLM-3006163883,https://departamento.mercadolibre.com.mx/MLM-3006163883-departamento-en-oacalco-con-roofgarden-_JM,2250000.0,MXN,departamento,residential,153.0,153.0,5,3.0,3,,14705.88,,2M-3M,,,18.9231041,-99.029846,medium,Morelos,Yautepec,Oacalco,,,0998,approximate_coordinate,1525.0,464.0,2251.084906966465,684.9202602179932,0.375,0.48060344827586204,10.06,0.9882198952879581,183,199,76,82,36,37,6,6,7,7,0,0,2,3,B,mercadolibre|2250000.0|yautepec|oacalco|153.0|153.0|5.0|3.0,2803817c97819295b009ed11f1f98c9681b36f6d,"missing_coordinates,same_land_and_construction_area"
mercadolibre,MLM-3854479360,https://casa.mercadolibre.com.mx/MLM-3854479360-casa-sola-en-venta-_JM,2300000.0,MXN,casa,residential,122.0,175.0,3,3.0,3,,13142.86,,2M-3M,,,18.818239,-98.9543108,medium,Morelos,Cuautla,Cuautla Centro,,,0546,approximate_coordinate,2441.0,764.0,3992.2990288647775,1249.5356239462064,0.31413612565445026,0.6073298429319371,10.9,0.9866071428571429,1407,4406,678,2308,164,596,78,228,42,102,28,64,49,116,B,mercadolibre|2300000.0|cuautla|cuautla centro|122.0|175.0|3.0|3.0,9d59b8779d1ecce5d1e410faeb287e5907e3b9af,missing_coordinates
mercadolibre,MLM-3081127767,https://departamento.mercadolibre.com.mx/MLM-3081127767-departamento-en-venta-en-condominio-tamazula-vista-hermosa-cuernavaca-_JM,2300000.0,MXN,departamento,residential,44.0,44.0,2,1.0,1,,52272.73,,2M-3M,,,18.9321537,-99.2212056,medium,Morelos,Cuernavaca,Vista Hermosa,,,0187,approximate_coordinate,630.0,227.0,1278.5954112765228,460.70025136471537,0.7929515418502202,0.9030837004405287,13.55,0.9970501474926253,426,1565,67,519,78,237,126,195,15,47,16,55,16,61,B,mercadolibre|2300000.0|cuernavaca|vista hermosa|44.0|44.0|2.0|1.0,f2f4b7127db90d0c5f4dcf9d74332e3fcdb19050,"missing_coordinates,same_land_and_construction_area"
mercadolibre,MLM-5445128238,https://departamento.mercadolibre.com.mx/MLM-5445128238-departamento-en-venta-en-jiutepec-morelos-centro-_JM,2300000.0,MXN,departamento,residential,78.0,78.0,5,2.0,2,,29487.18,,2M-3M,,,18.8955305,-99.1656029,medium,Morelos,Jiutepec,Centro Jiutepec,,,1084,approximate_coordinate,2129.0,704.0,6005.284940640889,1985.7776412452727,0.5710227272727273,0.8181818181818182,12.54,0.9747211895910781,545,1899,218,865,75,232,27,74,32,49,12,16,9,29,B,mercadolibre|2300000.0|jiutepec|centro jiutepec|78.0|78.0|5.0|2.0,a7e9a7e53778d8cc1c54a3e980f7d6740a4b65f0,"missing_coordinates,same_land_and_construction_area"
mercadolibre,MLM-5902658896,https://terreno.mercadolibre.com.mx/MLM-5902658896-venta-terreno-fraccionamiento-del-bosque-cuernavaca-t72-_JM,2340000.0,MXN,terreno,land,1296.0,,,,,,,1805.56,2M-3M,,,18.9981159,-99.2619204,medium,Morelos,Cuernavaca,Del Bosque,,,1024,approximate_coordinate,2297.0,656.0,1826.149212248381,521.5297706725894,0.43902439024390244,0.6036585365853658,10.03,0.990210843373494,22,37,9,11,1,2,0,0,0,0,0,0,0,0,B,mercadolibre|2340000.0|cuernavaca|del bosque|1296.0|||,,"missing_construction_area,missing_coordinates"
mercadolibre,MLM-2425396293,https://terreno.mercadolibre.com.mx/MLM-2425396293-terreno-en-venta-en-lomas-de-cocoyoc-_JM,2345000.0,MXN,terreno,land,350.0,,,,,,,6700.0,2M-3M,,,18.913685,-98.9455121,medium,Morelos,Atlatlahucan,Lomas De Cocoyoc,,,0138,approximate_coordinate,973.0,397.0,335.65998876705885,136.9547950056756,0.924433249370277,0.9420654911838791,14.18,0.972568578553616,46,49,16,16,15,15,1,1,0,1,0,0,0,0,B,mercadolibre|2345000.0|atlatlahucan|lomas de cocoyoc|350.0|||,,"missing_construction_area,missing_coordinates"
mercadolibre,MLM-3227757771,https://departamento.mercadolibre.com.mx/MLM-3227757771-venta-departamento-2-ambientes-chulavista-_JM,2350000.0,MXN,departamento,residential,100.0,100.0,2,2.0,2,,23500.0,,2M-3M,,,18.9150259,-99.2407462,medium,Morelos,Cuernavaca,Chulavista,,,1005,approximate_coordinate,5061.0,1541.0,3964.6664536657595,1207.1825736216035,0.49059052563270605,0.7501622323166774,11.51,0.9756540697674418,123,1668,29,662,16,246,13,122,6,54,4,26,4,98,B,mercadolibre|2350000.0|cuernavaca|chulavista|100.0|100.0|2.0|2.0,0848f2da4c9e9a8f3cfaa2fba0686029696fc356,"missing_coordinates,same_land_and_construction_area"
mercadolibre,MLM-3084897379,https://departamento.mercadolibre.com.mx/MLM-3084897379-departamento-en-pb-con-jardin-santa-fe-lifestyle-xochitepec-_JM,2350000.0,MXN,departamento,residential,96.0,96.0,5,2.0,2,,24479.17,,2M-3M,,,18.7442169,-99.2260915,medium,Morelos,Xochitepec,Atlacholoaya,,,0473,approximate_coordinate,4533.0,1113.0,3774.8340204221518,926.8454146767824,0.31626235399820307,0.2407906558849955,7.74,0.9912971404890178,202,236,100,115,22,24,4,6,4,7,0,0,1,1,B,mercadolibre|2350000.0|xochitepec|atlacholoaya|96.0|96.0|5.0|2.0,dac345ab3f814b3180f82dfce52a2fbdf8905292,"missing_coordinates,same_land_and_construction_area"
mercadolibre,MLM-5347925596,https://terreno.mercadolibre.com.mx/MLM-5347925596-terreno-en-venta-en-lomas-de-ahuatlan-cuernavaca-morelos-_JM,2376582.0,MXN,terreno,land,449.0,,,,,,,5293.06,2M-3M,,,18.9560553,-99.2586472,medium,Morelos,Cuernavaca,Lomas De Ahuatlan,,,1537,approximate_coordinate,1676.0,598.0,18239.29130049499,6507.813960439144,0.717391304347826,0.8963210702341137,13.8,0.9688841201716738,129,452,44,172,27,72,4,19,1,12,1,1,6,11,B,mercadolibre|2376582.0|cuernavaca|lomas de ahuatlan|449.0|||,,"missing_construction_area,missing_coordinates"
mercadolibre,MLM-5762621778,https://departamento.mercadolibre.com.mx/MLM-5762621778-departamento-en-venta-en-tetela-del-monte-cuernavaca-morelos-_JM,2390000.0,MXN,departamento,residential,282.0,120.0,2,3.0,3,,19916.67,,2M-3M,,,18.9632314,-99.2596098,medium,Morelos,Cuernavaca,Tetela Del Monte,,,051A,approximate_coordinate,6076.0,1649.0,2685.5540217268144,728.8476928616716,0.4329896907216495,0.6300788356579745,10.09,0.9791542584871947,233,520,133,304,31,61,8,14,1,12,1,1,2,8,B,mercadolibre|2390000.0|cuernavaca|tetela del monte|282.0|120.0|2.0|3.0,7573f28e48d1d0deb5061a5c609985b48e26cfd8,missing_coordinates
mercadolibre,MLM-4791708416,https://casa.mercadolibre.com.mx/MLM-4791708416-casa-en-cuautla-morelos-col-otilio-montano-_JM,2400000.0,MXN,casa,residential,176.0,135.0,3,2.0,2,,17777.78,,2M-3M,,,18.878787,-98.9278541,medium,Morelos,Cuautla,Otilio Montaño,,,0423,approximate_coordinate,3356.0,893.0,2745.0920655164637,730.4431509255668,0.49944008958566627,0.5912653975363942,10.43,0.9924065420560748,74,438,32,182,14,82,1,14,1,9,0,1,0,4,B,mercadolibre|2400000.0|cuautla|otilio montaño|176.0|135.0|3.0|2.0,0aeb72096b83ea16498a288c91260550389d0ab6,missing_coordinates
mercadolibre,MLM-4043753046,https://terreno.mercadolibre.com.mx/MLM-4043753046-venta-de-terreno-col-los-presidentes-temixco-morelosclave-5831-_JM,2400000.0,MXN,terreno,land,827.0,,,,,,,2902.06,2M-3M,,,18.8613795,-99.2273213,medium,Morelos,Temixco,Los Presidentes,,,0513,approximate_coordinate,1323.0,390.0,3826.758485718464,1128.069394882994,0.43846153846153846,0.6205128205128205,9.91,0.9390420899854862,113,707,58,335,13,94,1,32,1,16,0,1,1,5,B,mercadolibre|2400000.0|temixco|los presidentes|827.0|||,,"missing_construction_area,missing_coordinates"
mercadolibre,MLM-5970504932,https://casa.mercadolibre.com.mx/MLM-5970504932-casa-en-venta-fraccionamiento-lomas-de-cocoyoc-morelos-_JM,24000000.0,MXN,casa,residential,1500.0,578.0,6,7.0,7,,41522.49,,>20M,,,18.913685,-98.9455121,medium,Morelos,Atlatlahucan,Lomas De Cocoyoc,,,0138,approximate_coordinate,973.0,397.0,335.65998876705885,136.9547950056756,0.924433249370277,0.9420654911838791,14.18,0.972568578553616,46,49,16,16,15,15,1,1,0,1,0,0,0,0,B,mercadolibre|24000000.0|atlatlahucan|lomas de cocoyoc|1500.0|578.0|6.0|7.0,f3ec83ad048d86de96e7a09a89273d814b53ab47,missing_coordinates
mercadolibre,MLM-2930597693,https://departamento.mercadolibre.com.mx/MLM-2930597693-departamentos-en-venta-en-cocoyoc-yautepec-morelos-_JM,2495937.0,MXN,departamento,residential,82.13,82.13,0,2.0,2,,30390.08,,2M-3M,,,18.8815525,-98.9803149,medium,Morelos,Yautepec,Cocoyoc,,,0201,approximate_coordinate,4208.0,1234.0,3679.966722951729,1079.1537395728217,0.38006482982171796,0.5380875202593193,9.52,0.9859034600598034,288,527,142,263,41,84,8,16,4,15,0,0,3,4,B,mercadolibre|2495937.0|yautepec|cocoyoc|82.13|82.13|0.0|2.0,9d6995a02546cf3da47388658a6b186756a3330e,"missing_coordinates,same_land_and_construction_area"
mercadolibre,MLM-4747030498,https://terreno.mercadolibre.com.mx/MLM-4747030498-terreno-en-venta-500-m2-colonia-caudillo-del-sur-yautepec-ubicado-atras-de-la-gasolinera-que-esta-junto-a-la-unidad-deportiva-atlihuayan-_JM,250000.0,MXN,terreno,land,500.0,,,,,,,500.0,<1M,,,18.8817229,-99.1767029,medium,Morelos,Jiutepec,Jiutepec,,,0620,approximate_coordinate,3641.0,1153.0,3802.7897203156135,1204.234152025241,0.593235039028621,0.7632263660017347,12.23,0.9759229534510433,779,1118,318,455,111,146,55,77,18,30,7,8,15,19,B,mercadolibre|250000.0|jiutepec|jiutepec|500.0|||,,"missing_construction_area,missing_coordinates"
mercadolibre,MLM-4791954120,https://casa.mercadolibre.com.mx/MLM-4791954120-casa-en-cuautla-morelos-col-otilio-montano-_JM,2500000.0,MXN,casa,residential,150.0,133.0,3,2.0,2,,18796.99,,2M-3M,,,18.878787,-98.9278541,medium,Morelos,Cuautla,Otilio Montaño,,,0423,approximate_coordinate,3356.0,893.0,2745.0920655164637,730.4431509255668,0.49944008958566627,0.5912653975363942,10.43,0.9924065420560748,74,438,32,182,14,82,1,14,1,9,0,1,0,4,B,mercadolibre|2500000.0|cuautla|otilio montaño|150.0|133.0|3.0|2.0,48615113b321adcdd2f163f484783b4546c535b8,missing_coordinates
mercadolibre,MLM-2720564119,https://departamento.mercadolibre.com.mx/MLM-2720564119-departamento-en-venta-en-tetela-cuernavaca-_JM,2500000.0,MXN,departamento,residential,225.0,150.0,3,2.0,2,,16666.67,,2M-3M,,,18.9632314,-99.2596098,medium,Morelos,Cuernavaca,Tetela Del Monte,,,051A,approximate_coordinate,6076.0,1649.0,2685.5540217268144,728.8476928616716,0.4329896907216495,0.6300788356579745,10.09,0.9791542584871947,233,520,133,304,31,61,8,14,1,12,1,1,2,8,B,mercadolibre|2500000.0|cuernavaca|tetela del monte|225.0|150.0|3.0|2.0,26ad05de0a4e2f0aeeec27e274100282af961a88,missing_coordinates
mercadolibre,MLM-2940995359,https://casa.mercadolibre.com.mx/MLM-2940995359-casa-4-recamara-y-estudio-en-civac-_JM,2500000.0,MXN,casa,residential,253.0,177.0,4,2.0,2,,14124.29,,2M-3M,,,18.9249936,-99.1684511,medium,Morelos,Jiutepec,Civac,,,0955,approximate_coordinate,2619.0,729.0,14571.190502917672,4055.8983874100736,0.5720164609053497,0.766803840877915,11.44,0.9742990654205608,251,1096,108,439,38,144,11,49,6,40,0,3,6,16,B,mercadolibre|2500000.0|jiutepec|civac|253.0|177.0|4.0|2.0,785c4f6662930541f5e21ae021593200298df7cb,missing_coordinates
mercadolibre,MLM-4790452986,https://casa.mercadolibre.com.mx/MLM-4790452986-casas-en-cuautla-morelos-_JM,2539000.0,MXN,casa,residential,105.0,100.0,3,2.0,2,,25390.0,,2M-3M,,,18.8314582,-98.9612677,medium,Morelos,Cuautla,Santa Inés,,,107A,approximate_coordinate,2311.0,748.0,15739.112385350158,5094.269175353491,0.5280748663101604,0.7780748663101604,12.49,0.9676616915422885,67,248,33,116,13,43,0,4,0,3,0,0,0,3,B,mercadolibre|2539000.0|cuautla|santa inés|105.0|100.0|3.0|2.0,1e91ced241b4b60376527b31a5960c3ebab00cb0,missing_coordinates
mercadolibre,MLM-4791975610,https://casa.mercadolibre.com.mx/MLM-4791975610-casa-en-cuautla-sitio-del-sol-_JM,2550000.0,MXN,casa,residential,119.0,120.0,3,2.0,2,,21250.0,,2M-3M,,,18.8669194,-98.9479759,medium,Morelos,Cuautla,Sitio Del Sol,,,0014,approximate_coordinate,2050.0,523.0,1887.0063470578307,481.4167412249978,0.3862332695984704,0.37667304015296366,8.75,0.9742574257425742,160,265,83,128,40,48,1,2,1,4,3,3,2,2,B,mercadolibre|2550000.0|cuautla|sitio del sol|119.0|120.0|3.0|2.0,da23a14a3a638d0bd739c141dd70652c1b366e23,missing_coordinates
mercadolibre,MLM-3193975845,https://casa.mercadolibre.com.mx/MLM-3193975845-oportunidad-casa-remodelada-en-privada-cerca-de-las-palmas-cuernavaca-morelos-_JM,2550000.0,MXN,casa,residential,119.0,142.0,2,3.0,3,,17957.75,,2M-3M,,,18.9689542,-99.2452218,medium,Morelos,Cuernavaca,Miguel Hidalgo,,,0011,approximate_coordinate,5509.0,1566.0,7905.38115756001,2247.20037987638,0.38569604086845466,0.665389527458493,10.64,0.9730957372466806,407,935,176,370,64,149,13,33,7,31,3,7,4,15,B,mercadolibre|2550000.0|cuernavaca|miguel hidalgo|119.0|142.0|2.0|3.0,2014f98cd5d77c5fabc8fe82847c3ff36cf8db51,missing_coordinates
mercadolibre,MLM-3254227599,https://casa.mercadolibre.com.mx/MLM-3254227599-casa-en-venta-en-santa-maria-ahuacatitlan-v405-_JM,2550000.0,MXN,casa,residential,278.0,,4,3.0,3,,,,2M-3M,,,18.9745294,-99.2607876,medium,Morelos,Cuernavaca,Santa María Ahuacatitlan,,,051A,approximate_coordinate,6076.0,1649.0,2685.5540217268144,728.8476928616716,0.4329896907216495,0.6300788356579745,10.09,0.9791542584871947,107,518,51,302,5,44,2,16,4,15,0,0,0,7,C,mercadolibre|2550000.0|cuernavaca|santa maría ahuacatitlan|278.0||4.0|3.0,fb76b563ef1105a3faddd87380124b7539b1c610,"missing_construction_area,missing_coordinates"
mercadolibre,MLM-5199712528,https://terreno.mercadolibre.com.mx/MLM-5199712528-terreno-en-venta-en-el-miraval-_JM,2590000.0,MXN,terreno,land,370.0,,,,,,,7000.0,2M-3M,,,18.9342689,-99.2368327,medium,Morelos,Cuernavaca,Miraval,,,0153,approximate_coordinate,2273.0,786.0,3568.732428562898,1234.062335613919,0.5585241730279898,0.8346055979643766,12.38,0.9834494773519163,539,2457,161,892,66,287,65,214,27,74,7,29,23,91,B,mercadolibre|2590000.0|cuernavaca|miraval|370.0|||,,"missing_construction_area,missing_coordinates"
mercadolibre,MLM-2711592527,https://terreno.mercadolibre.com.mx/MLM-2711592527-terreno-en-venta-lomas-de-cocoyoc-_JM,2600000.0,MXN,terreno,land,350.0,,,,,,,7428.57,2M-3M,,,18.913685,-98.9455121,medium,Morelos,Atlatlahucan,Lomas De Cocoyoc,,,0138,approximate_coordinate,973.0,397.0,335.65998876705885,136.9547950056756,0.924433249370277,0.9420654911838791,14.18,0.972568578553616,46,49,16,16,15,15,1,1,0,1,0,0,0,0,B,mercadolibre|2600000.0|atlatlahucan|lomas de cocoyoc|350.0|||,,"missing_construction_area,missing_coordinates"
mercadolibre,MLM-5811579360,https://casa.mercadolibre.com.mx/MLM-5811579360-casa-en-venta-en-cuautla-_JM,2600000.0,MXN,casa,residential,160.0,111.0,4,2.0,2,,23423.42,,2M-3M,,,18.8439733,-98.9442991,medium,Morelos,Cuautla,Hermenegildo Galeana,,,0476,approximate_coordinate,2592.0,802.0,6350.453763750154,1964.9166352344228,0.4077306733167082,0.6458852867830424,11.07,0.9784122562674095,497,1496,178,557,78,259,40,95,12,43,2,18,13,25,B,mercadolibre|2600000.0|cuautla|hermenegildo galeana|160.0|111.0|4.0|2.0,89522a3c2605efdf7f12626745a033ca5af25959,missing_coordinates
mercadolibre,MLM-5218000456,https://departamento.mercadolibre.com.mx/MLM-5218000456-departamento-en-venta-en-cascadas-de-cocoyoc-3-recamaras-y-balcon-_JM,2600000.0,MXN,departamento,residential,,100.74,3,2.0,2,,25809.01,,2M-3M,,,18.9109155,-98.9568887,medium,Morelos,Yautepec,Real de Oaxtepec,,,0409,approximate_coordinate,288.0,100.0,353.56376816215766,122.76519727852695,0.83,0.79,11.66,0.9645390070921985,2,44,1,12,0,11,0,2,0,0,0,0,0,0,B,mercadolibre|2600000.0|yautepec|real de oaxtepec||100.74|3.0|2.0,985d456b53159b67284fc231cdc6e56fb6bded5b,"missing_coordinates,missing_land_area"
mercadolibre,MLM-5844946628,https://terreno.mercadolibre.com.mx/MLM-5844946628-venta-de-terreno-plano-en-emiliano-zapata-morelosclave-6296-_JM,26000000.0,MXN,terreno,land,6672.0,,,,,,,3896.88,>20M,,,18.8442244,-99.1997326,medium,Morelos,Emiliano Zapata,Palo Escrito,,,0377,approximate_coordinate,3279.0,853.0,3440.0527777584334,894.8963157755242,0.26025791324736225,0.48182883939038684,8.28,0.94540059347181,53,560,12,263,7,77,2,12,5,12,0,0,0,4,B,mercadolibre|26000000.0|emiliano zapata|palo escrito|6672.0|||,,"missing_construction_area,missing_coordinates"
mercadolibre,MLM-5010716328,https://departamento.mercadolibre.com.mx/MLM-5010716328-venta-de-propiedad-atencio-inversionistas-en-col-revolucion-en-dos-niveles-ideal-para-inversionistas-_JM,2650000.0,MXN,departamento,residential,197.0,357.0,3,3.0,1,,7422.97,,2M-3M,,,18.9191909,-99.1871447,medium,Morelos,Cuernavaca,Revolución,,,1306,approximate_coordinate,2161.0,623.0,5114.034333960833,1474.3375243209618,0.45425361155698235,0.637239165329053,10.67,0.968833481745325,561,1730,199,660,108,243,25,62,8,37,8,10,16,38,B,mercadolibre|2650000.0|cuernavaca|revolución|197.0|357.0|3.0|3.0,b134fb1be86c5a8cac6885dac56dc289c84b0c29,missing_coordinates
mercadolibre,MLM-2676697903,https://casa.mercadolibre.com.mx/MLM-2676697903-casa-en-fraccionamiento-con-casa-club-en-xochitepec-morelos-_JM,2650000.0,MXN,casa,residential,200.0,159.0,4,3.0,3,,16666.67,,2M-3M,,,18.7442169,-99.2260915,medium,Morelos,Xochitepec,Atlacholoaya,,,0473,approximate_coordinate,4533.0,1113.0,3774.8340204221518,926.8454146767824,0.31626235399820307,0.2407906558849955,7.74,0.9912971404890178,202,236,100,115,22,24,4,6,4,7,0,0,1,1,B,mercadolibre|2650000.0|xochitepec|atlacholoaya|200.0|159.0|4.0|3.0,85b2ff67fa3316f5533f85f540c73ac50b89fe0a,missing_coordinates
mercadolibre,MLM-5369657832,https://departamento.mercadolibre.com.mx/MLM-5369657832-departamento-en-venta-en-morelos-cascadas-de-cocoyoc-oaxtepec-_JM,2650000.0,MXN,departamento,residential,104.0,104.0,5,2.0,2,,25480.77,,2M-3M,,,18.9109155,-98.9568887,medium,Morelos,Yautepec,Real de Oaxtepec,,,0409,approximate_coordinate,288.0,100.0,353.56376816215766,122.76519727852695,0.83,0.79,11.66,0.9645390070921985,2,44,1,12,0,11,0,2,0,0,0,0,0,0,B,mercadolibre|2650000.0|yautepec|real de oaxtepec|104.0|104.0|5.0|2.0,22f69111eb2f86295ab7ff7443b11d2752d9e5c9,"missing_coordinates,same_land_and_construction_area"
mercadolibre,MLM-3254951645,https://terreno.mercadolibre.com.mx/MLM-3254951645-venta-de-bonito-terreno-en-san-pedro-apatlaco-ayala270000-_JM,270000.0,MXN,terreno,land,148.0,,,,,,,1824.32,<1M,,,18.792852,-98.9598956,medium,Morelos,Ayala,San Pedro Apatlaco,,,0077,approximate_coordinate,6148.0,1804.0,8260.873582393971,2423.9778696549647,0.2893569844789357,0.4611973392461197,9.29,0.9799539927702925,300,587,123,246,56,90,10,13,8,11,0,0,1,2,B,mercadolibre|270000.0|ayala|san pedro apatlaco|148.0|||,,"missing_construction_area,missing_coordinates"
mercadolibre,MLM-2358439615,https://departamento.mercadolibre.com.mx/MLM-2358439615-loft-en-venta-_JM,2700000.0,MXN,departamento,residential,130.0,65.0,1,1.0,1,,41538.46,,2M-3M,,,18.9632314,-99.2596098,medium,Morelos,Cuernavaca,Tetela Del Monte,,,051A,approximate_coordinate,6076.0,1649.0,2685.5540217268144,728.8476928616716,0.4329896907216495,0.6300788356579745,10.09,0.9791542584871947,233,520,133,304,31,61,8,14,1,12,1,1,2,8,B,mercadolibre|2700000.0|cuernavaca|tetela del monte|130.0|65.0|1.0|1.0,7bde511be37e6f4489226fc3133a12130b3d3401,missing_coordinates
mercadolibre,MLM-5439223548,https://departamento.mercadolibre.com.mx/MLM-5439223548-dos-departamentos-remodelados-en-venta-parador-hacienda-san-_JM,2700000.0,MXN,departamento,residential,186.0,186.0,2,3.0,3,,14516.13,,2M-3M,,,18.8777565,-99.1498607,medium,Morelos,Jiutepec,Emiliano Zapata,,,0067,approximate_coordinate,3675.0,1094.0,3309.5309493047475,985.2045873576582,0.5246800731261426,0.6709323583180987,10.74,0.969558599695586,19,523,9,246,2,62,1,19,1,13,0,0,0,2,B,mercadolibre|2700000.0|jiutepec|emiliano zapata|186.0|186.0|2.0|3.0,b929af418371f452847adf15341230c5d91f8afe,"missing_coordinates,same_land_and_construction_area"
mercadolibre,MLM-3290425437,https://departamento.mercadolibre.com.mx/MLM-3290425437-depa-nuevo-3-recamaras-2-banos-2-estacionamientos-con-exclusivo-lago-artificial-casa-club-multicanchas-deportivas-_JM,2700000.0,MXN,casa,residential,,100.0,3,2.0,2,,27000.0,,2M-3M,,,18.9112911,-98.9635639,medium,Morelos,Yautepec,Pedregal De Oaxtepec,,,0432,approximate_coordinate,630.0,187.0,653.8871844015503,194.09032298903156,0.4117647058823529,0.3689839572192513,9.09,0.9777777777777777,44,713,12,284,8,176,3,33,0,7,0,3,0,18,C,mercadolibre|2700000.0|yautepec|pedregal de oaxtepec||100.0|3.0|2.0,b281499793ad66ae7b446fb1112a5b39132644ca,"missing_coordinates,missing_land_area"
mercadolibre,MLM-4425989940,https://terreno.mercadolibre.com.mx/MLM-4425989940-terreno-en-venta-en-lomas-de-cocoyoc-atlatlahucan-morelos-_JM,2719500.0,MXN,terreno,land,389.0,,,,,,,6991.0,2M-3M,,,18.913685,-98.9455121,medium,Morelos,Atlatlahucan,Lomas De Cocoyoc,,,0138,approximate_coordinate,973.0,397.0,335.65998876705885,136.9547950056756,0.924433249370277,0.9420654911838791,14.18,0.972568578553616,46,49,16,16,15,15,1,1,0,1,0,0,0,0,B,mercadolibre|2719500.0|atlatlahucan|lomas de cocoyoc|389.0|||,,"missing_construction_area,missing_coordinates"
mercadolibre,MLM-5633123440,https://departamento.mercadolibre.com.mx/MLM-5633123440-loft-en-venta-condominio-altea-jardines-de-reforma-ii-cuernavaca-_JM,2800000.0,MXN,departamento,residential,50.0,50.0,2,1.0,1,,56000.0,,2M-3M,,,18.9435978,-99.2224978,medium,Morelos,Cuernavaca,Jardines De Reforma,,,0721,approximate_coordinate,2498.0,796.0,1688.719393048735,538.1187497465145,0.8165829145728644,0.8932160804020101,13.3,0.9615082482325216,161,921,25,248,37,177,25,95,8,37,4,20,14,44,B,mercadolibre|2800000.0|cuernavaca|jardines de reforma|50.0|50.0|2.0|1.0,6938929c4d8a43ac8577947ef5161bba5b048d03,"missing_coordinates,same_land_and_construction_area"
mercadolibre,MLM-3227682563,https://departamento.mercadolibre.com.mx/MLM-3227682563-loft-en-venta-condominio-altea-jardines-de-reforma-ii-cuernavaca-_JM,2800000.0,MXN,departamento,residential,50.0,50.0,4,2.0,2,,56000.0,,2M-3M,,,18.9435978,-99.2224978,medium,Morelos,Cuernavaca,Jardines De Reforma,,,0721,approximate_coordinate,2498.0,796.0,1688.719393048735,538.1187497465145,0.8165829145728644,0.8932160804020101,13.3,0.9615082482325216,161,921,25,248,37,177,25,95,8,37,4,20,14,44,B,mercadolibre|2800000.0|cuernavaca|jardines de reforma|50.0|50.0|4.0|2.0,0718da815a89b92309b92d54d4a9f80e66e13159,"missing_coordinates,same_land_and_construction_area"
mercadolibre,MLM-2748679689,https://departamento.mercadolibre.com.mx/MLM-2748679689-departamento-en-venta-en-cuernavaca-seguridad-24hrs-_JM,2800000.0,MXN,departamento,residential,2000.0,90.0,2,2.0,2,,31111.11,,2M-3M,,,18.9465125,-99.2442887,medium,Morelos,Cuernavaca,Tlaltenango,,,012A,approximate_coordinate,4133.0,1476.0,2395.155084562358,855.371135933714,0.7018970189701897,0.8638211382113821,13.53,0.9696021457308895,170,592,44,169,21,79,15,31,19,42,2,10,5,27,B,mercadolibre|2800000.0|cuernavaca|tlaltenango|2000.0|90.0|2.0|2.0,27d7d28e46355581a47af1e1fa61e81f06bb8773,"missing_coordinates,suspicious_surface_pair"
mercadolibre,MLM-5158987186,https://departamento.mercadolibre.com.mx/MLM-5158987186-pre-venta-de-loft-oaxtepec-morelos-_JM,2830000.0,MXN,departamento,residential,10.0,167.0,2,2.0,1,,16946.11,,2M-3M,,,18.9105594,-98.9720004,medium,Morelos,Yautepec,Oaxtepec,,,0108,approximate_coordinate,1976.0,603.0,1985.85527835229,606.0074558939427,0.48258706467661694,0.6252072968490879,10.5,0.973172987974098,489,820,212,337,127,202,22,35,3,10,2,3,10,19,B,mercadolibre|2830000.0|yautepec|oaxtepec|10.0|167.0|2.0|2.0,57e8c4ac687eb943851dfb9d731b9b02cf8998fa,"missing_coordinates,suspicious_surface_pair"
mercadolibre,MLM-3246463249,https://terreno.mercadolibre.com.mx/MLM-3246463249-terreno-en-venta-emiliano-zapata-morelos-_JM,28700000.0,MXN,terreno,land,13022.0,,,,,,,2203.96,>20M,,,18.8044359,-99.2022166,medium,Morelos,Emiliano Zapata,Tezoyuca,,,017A,approximate_coordinate,4912.0,1452.0,2577.2877534851737,761.8529759895098,0.43388429752066116,0.559228650137741,9.98,0.96875,181,337,79,142,23,48,9,11,1,6,0,1,6,6,B,mercadolibre|28700000.0|emiliano zapata|tezoyuca|13022.0|||,,"missing_construction_area,missing_coordinates"
mercadolibre,MLM-4957380218,https://terreno.mercadolibre.com.mx/MLM-4957380218-se-vende-terreno-en-lomas-de-cocoyoc-_JM,2924870.0,MXN,terreno,land,450.0,,,,,,,6499.71,2M-3M,,,18.913685,-98.9455121,medium,Morelos,Atlatlahucan,Lomas De Cocoyoc,,,0138,approximate_coordinate,973.0,397.0,335.65998876705885,136.9547950056756,0.924433249370277,0.9420654911838791,14.18,0.972568578553616,46,49,16,16,15,15,1,1,0,1,0,0,0,0,B,mercadolibre|2924870.0|atlatlahucan|lomas de cocoyoc|450.0|||,,"missing_construction_area,missing_coordinates"
mercadolibre,MLM-3129049605,https://departamento.mercadolibre.com.mx/MLM-3129049605-departamento-loft-oaxtepec-_JM,2977000.0,MXN,departamento,residential,167.0,167.0,2,2.0,2,,17826.35,,2M-3M,,,18.900402,-98.9731656,medium,Morelos,Yautepec,Oaxtepec Centro,,,0273,approximate_coordinate,45.0,12.0,30.915232939279242,8.244062117141132,0.5833333333333334,0.6666666666666666,11.36,1.0,49,557,13,222,28,184,0,20,4,9,0,2,0,11,B,mercadolibre|2977000.0|yautepec|oaxtepec centro|167.0|167.0|2.0|2.0,da9cfbb904114f4ec026616281beddc58f2f1b52,"missing_coordinates,same_land_and_construction_area"
mercadolibre,MLM-4904087280,https://departamento.mercadolibre.com.mx/MLM-4904087280-departamento-en-jose-g-parres-jiutepec-_JM,3000000.0,MXN,departamento,residential,160.0,160.0,3,3.0,3,,18750.0,,3M-5M,,,18.8890993,-99.1949199,medium,Morelos,Jiutepec,José G Parres,,,0175,approximate_coordinate,558.0,162.0,3300.7406107033376,958.2795321396786,0.49382716049382713,0.6975308641975309,10.94,0.9597523219814241,96,232,43,113,10,22,5,7,2,3,0,0,1,1,B,mercadolibre|3000000.0|jiutepec|josé g parres|160.0|160.0|3.0|3.0,cc1077be30ee5b30eff38ec3db69e560834e3a6b,"missing_coordinates,same_land_and_construction_area"
mercadolibre,MLM-5022783912,https://terreno.mercadolibre.com.mx/MLM-5022783912-terreno-en-venta-emiliano-zapata-morelos-_JM,30100000.0,MXN,terreno,land,13022.0,,,,,,,2311.47,>20M,,,18.8044359,-99.2022166,medium,Morelos,Emiliano Zapata,Tezoyuca,,,017A,approximate_coordinate,4912.0,1452.0,2577.2877534851737,761.8529759895098,0.43388429752066116,0.559228650137741,9.98,0.96875,181,337,79,142,23,48,9,11,1,6,0,1,6,6,B,mercadolibre|30100000.0|emiliano zapata|tezoyuca|13022.0|||,,"missing_construction_area,missing_coordinates"
mercadolibre,MLM-5718305536,https://terreno.mercadolibre.com.mx/MLM-5718305536-terreno-en-venta-en-tlayecac-ayala-morelos-_JM,30850000.0,MXN,terreno,land,44051.0,,,,,,,700.32,>20M,,,18.7554715,-98.8819105,medium,Morelos,Ayala,Tlayecac,,,0043,approximate_coordinate,1614.0,459.0,4698.920401625593,1336.3100770422222,0.4684095860566449,0.45751633986928103,9.3,0.9942196531791907,104,160,48,70,14,25,2,3,4,6,0,0,1,1,B,mercadolibre|30850000.0|ayala|tlayecac|44051.0|||,,"missing_construction_area,missing_coordinates"
mercadolibre,MLM-5281039986,https://casa.mercadolibre.com.mx/MLM-5281039986-se-vende-casa-en-altos-de-oaxtepec-_JM,3100000.0,MXN,casa,residential,498.0,200.0,3,3.0,3,,15500.0,,3M-5M,,,18.9220878,-98.9548225,medium,Morelos,Yautepec,Altos De Oaxtepec,,,0610,approximate_coordinate,122.0,44.0,220.311520394528,79.4566139127806,0.7954545454545454,0.7045454545454546,11.64,0.9245283018867925,0,3,0,0,0,0,0,1,0,1,0,0,0,0,B,mercadolibre|3100000.0|yautepec|altos de oaxtepec|498.0|200.0|3.0|3.0,3e9287a1ac0d32ad06e2a1160c527f9ceedbcd7d,missing_coordinates
mercadolibre,MLM-5468403880,https://terreno.mercadolibre.com.mx/MLM-5468403880-terreno-en-venta-en-avenida-rio-mayo-cuernavaca-_JM,31000000.0,MXN,terreno,land,1200.0,1110.0,,,,,27927.93,25833.33,>20M,,,18.9321537,-99.2212056,medium,Morelos,Cuernavaca,Vista Hermosa,,,0187,approximate_coordinate,630.0,227.0,1278.5954112765228,460.70025136471537,0.7929515418502202,0.9030837004405287,13.55,0.9970501474926253,426,1565,67,519,78,237,126,195,15,47,16,55,16,61,B,mercadolibre|31000000.0|cuernavaca|vista hermosa|1200.0|1110.0||,f1571cdfc4257467c0e0048cbdb9c343a08aa988,missing_coordinates
mercadolibre,MLM-5791168368,https://departamento.mercadolibre.com.mx/MLM-5791168368-excelente-departamento-con-roof-garden-privado-cuernavaca-morelos-_JM,3150000.0,MXN,departamento,residential,193.0,103.0,3,2.0,2,,30582.52,,3M-5M,,,18.9399524,-99.2432724,medium,Morelos,Cuernavaca,La Pradera,,,012A,approximate_coordinate,4133.0,1476.0,2395.155084562358,855.371135933714,0.7018970189701897,0.8638211382113821,13.53,0.9696021457308895,269,1081,61,337,47,129,12,75,21,64,2,10,22,41,B,mercadolibre|3150000.0|cuernavaca|la pradera|193.0|103.0|3.0|2.0,68aa141d759f6fc811927b525ba65355990ccac5,missing_coordinates
mercadolibre,MLM-4784337156,https://terreno.mercadolibre.com.mx/MLM-4784337156-terreno-plano-en-venta-en-vista-hermosa-doble-seguridad-plano-_JM,3200000.0,MXN,terreno,land,255.0,,,,,,,12549.02,3M-5M,,,18.9321537,-99.2212056,medium,Morelos,Cuernavaca,Vista Hermosa,,,0187,approximate_coordinate,630.0,227.0,1278.5954112765228,460.70025136471537,0.7929515418502202,0.9030837004405287,13.55,0.9970501474926253,426,1565,67,519,78,237,126,195,15,47,16,55,16,61,B,mercadolibre|3200000.0|cuernavaca|vista hermosa|255.0|||,,"missing_construction_area,missing_coordinates"
mercadolibre,MLM-2864958949,https://casa.mercadolibre.com.mx/MLM-2864958949-casa-residencial-de-3-recamaras-con-jardin-en-venta-en-oaxtepec-morelos-exclusico-lago-artificial-casa-club-alberca-y-palapa-_JM,3200000.0,MXN,casa,residential,102.0,100.0,3,2.0,2,,32000.0,,3M-5M,,,18.9056991,-98.9830049,medium,Morelos,Yautepec,Amates De Oaxtepec,,,0428,approximate_coordinate,566.0,213.0,485.09328414288996,182.55277300783666,0.7230046948356808,0.7699530516431925,12.68,0.9598540145985401,3,78,0,25,0,29,0,1,0,5,0,0,0,0,B,mercadolibre|3200000.0|yautepec|amates de oaxtepec|102.0|100.0|3.0|2.0,807ad64260e9898d26f233cf1d4da394d6b179a8,missing_coordinates
mercadolibre,MLM-2648330529,https://terreno.mercadolibre.com.mx/MLM-2648330529-terreno-en-venta-rancho-tetela-estricta-seguridad-_JM,3265500.0,MXN,terreno,land,356.0,,,,,,,9172.75,3M-5M,,,18.9558053,-99.2750423,medium,Morelos,Cuernavaca,Rancho Tetela,,,101A,approximate_coordinate,1694.0,605.0,897.2966711124132,320.46309682586184,0.8809917355371901,0.9487603305785124,14.37,0.9830687830687831,3,57,1,21,1,6,0,2,0,3,0,0,0,0,B,mercadolibre|3265500.0|cuernavaca|rancho tetela|356.0|||,,"missing_construction_area,missing_coordinates"
mercadolibre,MLM-3158685113,https://casa.mercadolibre.com.mx/MLM-3158685113-casa-en-venta-en-condominio-residencial-chulavista-cuernavaca-morelos-_JM,3280000.0,MXN,casa,residential,130.0,173.0,3,3.0,3,,18959.54,,3M-5M,,,18.9150259,-99.2407462,medium,Morelos,Cuernavaca,Chulavista,,,1005,approximate_coordinate,5061.0,1541.0,3964.6664536657595,1207.1825736216035,0.49059052563270605,0.7501622323166774,11.51,0.9756540697674418,123,1668,29,662,16,246,13,122,6,54,4,26,4,98,B,mercadolibre|3280000.0|cuernavaca|chulavista|130.0|173.0|3.0|3.0,aaa208b1a68bf5a20186266075fc7673dd5ed020,missing_coordinates
mercadolibre,MLM-3233382989,https://casa.mercadolibre.com.mx/MLM-3233382989-casa-en-preventa-en-cuautla-_JM,3300000.0,MXN,casa,residential,160.0,240.0,3,3.0,3,,13750.0,,3M-5M,,,18.8439733,-98.9442991,medium,Morelos,Cuautla,Hermenegildo Galeana,,,0476,approximate_coordinate,2592.0,802.0,6350.453763750154,1964.9166352344228,0.4077306733167082,0.6458852867830424,11.07,0.9784122562674095,497,1496,178,557,78,259,40,95,12,43,2,18,13,25,B,mercadolibre|3300000.0|cuautla|hermenegildo galeana|160.0|240.0|3.0|3.0,ecbdab0910d1234809ac0f4eb8b718dc385deef5,missing_coordinates
mercadolibre,MLM-5217553670,https://casa.mercadolibre.com.mx/MLM-5217553670-casa-con-jacuzzi-a-minutos-de-la-autopista-y-el-centro-de-xochitepec-morelos-_JM,3300000.0,MXN,casa,residential,118.0,150.0,2,3.0,3,,22000.0,,3M-5M,,,18.7839664,-99.2294809,medium,Morelos,Xochitepec,Centro,,,0045,approximate_coordinate,2836.0,909.0,3021.7912815897585,968.5501674771123,0.49064906490649063,0.6798679867986799,11.16,0.9658634538152611,393,612,132,212,94,136,20,27,6,14,12,12,9,12,B,mercadolibre|3300000.0|xochitepec|centro|118.0|150.0|2.0|3.0,7b3dd0d7b64b5dad2a13f60bd3eda9913914f600,missing_coordinates
mercadolibre,MLM-5641679028,https://casa.mercadolibre.com.mx/MLM-5641679028-casa-en-venta-en-cocoyoc-_JM,3400000.0,MXN,casa,residential,736.0,353.0,3,2.0,2,,9631.73,,3M-5M,,,18.8815525,-98.9803149,medium,Morelos,Yautepec,Cocoyoc,,,0201,approximate_coordinate,4208.0,1234.0,3679.966722951729,1079.1537395728217,0.38006482982171796,0.5380875202593193,9.52,0.9859034600598034,288,527,142,263,41,84,8,16,4,15,0,0,3,4,B,mercadolibre|3400000.0|yautepec|cocoyoc|736.0|353.0|3.0|2.0,64913a538fee0e3e5ff1f2e55eb0decdc522b1ff,missing_coordinates
mercadolibre,MLM-2262829895,https://terreno.mercadolibre.com.mx/MLM-2262829895-atencion-desarrolladores-terreno-en-venta-camino-chiconcuac-atlacholoaya-_JM,35000000.0,MXN,terreno,land,45163.0,,,,,,,774.97,>20M,,,18.7442169,-99.2260915,medium,Morelos,Xochitepec,Atlacholoaya,,,0473,approximate_coordinate,4533.0,1113.0,3774.8340204221518,926.8454146767824,0.31626235399820307,0.2407906558849955,7.74,0.9912971404890178,202,236,100,115,22,24,4,6,4,7,0,0,1,1,B,mercadolibre|35000000.0|xochitepec|atlacholoaya|45163.0|||,,"missing_construction_area,missing_coordinates"
mercadolibre,MLM-2988471739,https://casa.mercadolibre.com.mx/MLM-2988471739-casa-en-venta-en-sumiya-_JM,35500000.0,MXN,casa,residential,7000.0,7000.0,5,7.0,7,,5071.43,,>20M,,,18.8933187,-99.1966011,medium,Morelos,Jiutepec,Sumiya,,,0122,approximate_coordinate,1858.0,564.0,1540.789692968381,467.71011132086477,0.74822695035461,0.8156028368794326,12.28,0.9752380952380952,13,200,5,81,2,21,0,6,0,7,0,0,0,1,B,mercadolibre|35500000.0|jiutepec|sumiya|7000.0|7000.0|5.0|7.0,5ea3524d9d7e37e8e5afa32d282b56382d8ca9a9,"missing_coordinates,same_land_and_construction_area,suspicious_construction_area"
mercadolibre,MLM-4791784264,https://terreno.mercadolibre.com.mx/MLM-4791784264-terreno-residencial-a-la-venta-en-cuautla-morelos-ubicado-en-miguel-hidalgo-_JM,3700000.0,MXN,terreno,land,800.0,,,,,,,4625.0,3M-5M,,,18.8059034,-98.9459425,medium,Morelos,Cuautla,Miguel Hidalgo,,,0620,approximate_coordinate,3394.0,977.0,6289.341047804352,1810.4555697421483,0.3541453428863869,0.5721596724667349,9.92,0.9731653888280394,282,1297,97,523,47,200,14,83,15,43,1,18,4,21,B,mercadolibre|3700000.0|cuautla|miguel hidalgo|800.0|||,,"missing_construction_area,missing_coordinates"
mercadolibre,MLM-5370001378,https://terreno.mercadolibre.com.mx/MLM-5370001378-se-vende-terreno-en-oportunidad-en-lomas-de-cocoyoc-_JM,3731662.0,MXN,terreno,land,643.0,,,,,,,5803.52,3M-5M,,,18.913685,-98.9455121,medium,Morelos,Atlatlahucan,Lomas De Cocoyoc,,,0138,approximate_coordinate,973.0,397.0,335.65998876705885,136.9547950056756,0.924433249370277,0.9420654911838791,14.18,0.972568578553616,46,49,16,16,15,15,1,1,0,1,0,0,0,0,B,mercadolibre|3731662.0|atlatlahucan|lomas de cocoyoc|643.0|||,,"missing_construction_area,missing_coordinates"
mercadolibre,MLM-3871630662,https://terreno.mercadolibre.com.mx/MLM-3871630662-terreno-en-cuautla-morelos-venta-con-alberca-excelente-jardin-_JM,3750000.0,MXN,terreno,land,835.0,,2,,,,,4491.02,3M-5M,,,18.8573706,-98.9361786,medium,Morelos,Cuautla,Lázaro Cárdenas,,,0368,approximate_coordinate,1914.0,476.0,3580.4896156099,890.4456933282719,0.47058823529411764,0.5105042016806722,9.39,0.9818763326226013,293,726,144,318,35,115,8,22,7,11,0,2,3,8,B,mercadolibre|3750000.0|cuautla|lázaro cárdenas|835.0||2.0|,b358e2aacf9825636c7e2d8d0c794a0a8807a0ba,"missing_construction_area,missing_coordinates"
mercadolibre,MLM-2904775199,https://departamento.mercadolibre.com.mx/MLM-2904775199-departamento-en-venta-149-m2-3-recamaras-3-banos-completos-_JM,3750000.0,MXN,departamento,residential,149.0,149.0,3,3.0,3,,25167.79,,3M-5M,,,18.8716955,-99.2535674,medium,Morelos,Temixco,Burgos,,,0918,approximate_coordinate,471.0,152.0,5847.590513522652,1887.1205054255693,0.39473684210526316,0.6578947368421053,11.27,1.0,33,199,14,105,1,20,1,4,4,8,0,0,1,3,B,mercadolibre|3750000.0|temixco|burgos|149.0|149.0|3.0|3.0,7020eabf9f3f003318b5fa25832002be0de3872b,"missing_coordinates,same_land_and_construction_area"
mercadolibre,MLM-3279411931,https://casa.mercadolibre.com.mx/MLM-3279411931-casa-con-3-recamaras-cerca-uaem-en-santa-maria-ahuacatitlan-cuernavaca-morelos-_JM,3800000.0,MXN,casa,residential,289.0,144.0,3,3.0,3,,26388.89,,3M-5M,,,18.9745294,-99.2607876,medium,Morelos,Cuernavaca,Santa María Ahuacatitlan,,,051A,approximate_coordinate,6076.0,1649.0,2685.5540217268144,728.8476928616716,0.4329896907216495,0.6300788356579745,10.09,0.9791542584871947,107,518,51,302,5,44,2,16,4,15,0,0,0,7,B,mercadolibre|3800000.0|cuernavaca|santa maría ahuacatitlan|289.0|144.0|3.0|3.0,94aa47d1470d7c30055c4a9ac8a62ffef91e0e1e,missing_coordinates
mercadolibre,MLM-5832019542,https://terreno.mercadolibre.com.mx/MLM-5832019542-venta-terreno-tlayecac-ayala-morelos-_JM,38000000.0,MXN,terreno,land,45693.0,,,,,,,831.64,>20M,,,18.7554715,-98.8819105,medium,Morelos,Ayala,Tlayecac,,,0043,approximate_coordinate,1614.0,459.0,4698.920401625593,1336.3100770422222,0.4684095860566449,0.45751633986928103,9.3,0.9942196531791907,104,160,48,70,14,25,2,3,4,6,0,0,1,1,B,mercadolibre|38000000.0|ayala|tlayecac|45693.0|||,,"missing_construction_area,missing_coordinates"
mercadolibre,MLM-3876136552,https://terreno.mercadolibre.com.mx/MLM-3876136552-excelente-plano-magnifica-ubicacion-_JM,3867500.0,MXN,terreno,land,595.0,,,,,,,6500.0,3M-5M,,,18.913685,-98.9455121,medium,Morelos,Atlatlahucan,Lomas De Cocoyoc,,,0138,approximate_coordinate,973.0,397.0,335.65998876705885,136.9547950056756,0.924433249370277,0.9420654911838791,14.18,0.972568578553616,46,49,16,16,15,15,1,1,0,1,0,0,0,0,B,mercadolibre|3867500.0|atlatlahucan|lomas de cocoyoc|595.0|||,,"missing_construction_area,missing_coordinates"
mercadolibre,MLM-2425473975,https://terreno.mercadolibre.com.mx/MLM-2425473975-terreno-en-venta-en-lomas-de-cocoyoc-atlatlahucan-morelos-_JM,3942000.0,MXN,terreno,land,657.0,,,,,,,6000.0,3M-5M,,,18.913685,-98.9455121,medium,Morelos,Atlatlahucan,Lomas De Cocoyoc,,,0138,approximate_coordinate,973.0,397.0,335.65998876705885,136.9547950056756,0.924433249370277,0.9420654911838791,14.18,0.972568578553616,46,49,16,16,15,15,1,1,0,1,0,0,0,0,B,mercadolibre|3942000.0|atlatlahucan|lomas de cocoyoc|657.0|||,,"missing_construction_area,missing_coordinates"
mercadolibre,MLM-2643948247,https://departamento.mercadolibre.com.mx/MLM-2643948247-departamento-penthouse-en-venta-en-lomas-de-cortes-_JM,3950000.0,MXN,departamento,residential,90.0,95.0,2,2.0,2,,41578.95,,3M-5M,,,18.9525186,-99.2248233,medium,Morelos,Cuernavaca,Lomas De Cortes,,,0717,approximate_coordinate,4653.0,1465.0,6525.631889820488,2054.5993377577943,0.6621160409556314,0.8552901023890785,12.51,0.9622166246851386,266,1045,86,372,46,175,14,66,15,39,4,10,10,36,B,mercadolibre|3950000.0|cuernavaca|lomas de cortes|90.0|95.0|2.0|2.0,fa312060982a45098a13a46b5d858bf221e14e57,missing_coordinates
mercadolibre,MLM-2945662823,https://departamento.mercadolibre.com.mx/MLM-2945662823-lindo-y-amplio-departamento-en-1er-nivel-c-142-mts-cuenta-con-3-habitaciones-la-principal-con-bano-privado-sala-comedor-cocina-equipada-area-de-lavado-estacionamiento-para-3-autos-techado-gas-estacio-_JM,3950000.0,MXN,departamento,residential,800.0,142.0,3,2.0,2,,27816.9,,3M-5M,,,18.9342689,-99.2368327,medium,Morelos,Cuernavaca,Miraval,,,0153,approximate_coordinate,2273.0,786.0,3568.732428562898,1234.062335613919,0.5585241730279898,0.8346055979643766,12.38,0.9834494773519163,539,2457,161,892,66,287,65,214,27,74,7,29,23,91,B,mercadolibre|3950000.0|cuernavaca|miraval|800.0|142.0|3.0|2.0,00b6ba6a031230bb2c4d3e6175a666f42acabd4a,missing_coordinates
mercadolibre,MLM-3053732525,https://terreno.mercadolibre.com.mx/MLM-3053732525-terreno-en-venta-emiliano-zapata-_JM,4000000.0,MXN,terreno,land,2909.0,,,,,,,1375.04,3M-5M,,,18.83995,-99.1870274,medium,Morelos,Emiliano Zapata,Emiliano Zapata,,,0038,approximate_coordinate,4664.0,1272.0,11925.068484559137,3252.2914048797647,0.2940251572327044,0.5345911949685535,9.3,0.9810126582278481,788,1784,414,892,76,207,33,62,17,30,6,12,13,23,B,mercadolibre|4000000.0|emiliano zapata|emiliano zapata|2909.0|||,,"missing_construction_area,missing_coordinates"
mercadolibre,MLM-4532067472,https://terreno.mercadolibre.com.mx/MLM-4532067472-terreno-en-venta-en-lomas-de-cocoyoc-_JM,4014500.0,MXN,terreno,land,647.0,,,,,,,6204.79,3M-5M,,,18.913685,-98.9455121,medium,Morelos,Atlatlahucan,Lomas De Cocoyoc,,,0138,approximate_coordinate,973.0,397.0,335.65998876705885,136.9547950056756,0.924433249370277,0.9420654911838791,14.18,0.972568578553616,46,49,16,16,15,15,1,1,0,1,0,0,0,0,B,mercadolibre|4014500.0|atlatlahucan|lomas de cocoyoc|647.0|||,,"missing_construction_area,missing_coordinates"
mercadolibre,MLM-4514372026,https://departamento.mercadolibre.com.mx/MLM-4514372026-departamento-en-cuernavaca-morelos-modelo-cascadas-con-alberca-y-lago-artificial-_JM,4080000.0,MXN,departamento,residential,128.77,128.77,3,2.0,2,,31684.4,,3M-5M,,,18.9109155,-98.9568887,medium,Morelos,Yautepec,Real de Oaxtepec,,,0409,approximate_coordinate,288.0,100.0,353.56376816215766,122.76519727852695,0.83,0.79,11.66,0.9645390070921985,2,44,1,12,0,11,0,2,0,0,0,0,0,0,B,mercadolibre|4080000.0|yautepec|real de oaxtepec|128.77|128.77|3.0|2.0,14c339a6510452b23026db9102127039d063c1af,"missing_coordinates,same_land_and_construction_area"
mercadolibre,MLM-3254227549,https://casa.mercadolibre.com.mx/MLM-3254227549-venta-casa-en-lomas-tetela-cuernavaca-v305-_JM,4100000.0,MXN,casa,residential,434.0,434.0,3,4.0,4,,9447.0,,3M-5M,,,18.9495268,-99.2709536,medium,Morelos,Cuernavaca,Lomas De Tetela,,,0492,approximate_coordinate,1487.0,475.0,3416.8131454654385,1091.4500632791414,0.7410526315789474,0.8589473684210527,13.24,0.9708994708994709,24,110,9,39,4,9,2,6,0,5,0,0,1,5,B,mercadolibre|4100000.0|cuernavaca|lomas de tetela|434.0|434.0|3.0|4.0,47e437ed829d5f65dc7f8ce0fbd572a02bf3def2,"missing_coordinates,same_land_and_construction_area"
mercadolibre,MLM-3071833173,https://terreno.mercadolibre.com.mx/MLM-3071833173-terreno-en-oaxtepec-a-pocos-metros-de-six-flags-escritura-y-uso-de-suelo-_JM,41000000.0,MXN,terreno,land,36249.0,,,,,,,1131.07,>20M,,,18.9079165,-98.9867203,medium,Morelos,Yautepec,Amates,,,0428,approximate_coordinate,566.0,213.0,485.09328414288996,182.55277300783666,0.7230046948356808,0.7699530516431925,12.68,0.9598540145985401,2,26,0,12,0,4,0,0,0,2,0,0,0,0,B,mercadolibre|41000000.0|yautepec|amates|36249.0|||,,"missing_construction_area,missing_coordinates"
mercadolibre,MLM-5950095526,https://departamento.mercadolibre.com.mx/MLM-5950095526-departamento-nuevo-3-recamaras-2-banos-2-estacionamientos-cascadas-cocoyoc-morelos-con-vista-al-lago-artificial-y-casa-club-_JM,4120000.0,MXN,casa,residential,,128.77,3,2.0,2,,31995.03,,3M-5M,,,18.9112911,-98.9635639,medium,Morelos,Yautepec,Pedregal De Oaxtepec,,,0432,approximate_coordinate,630.0,187.0,653.8871844015503,194.09032298903156,0.4117647058823529,0.3689839572192513,9.09,0.9777777777777777,44,713,12,284,8,176,3,33,0,7,0,3,0,18,C,mercadolibre|4120000.0|yautepec|pedregal de oaxtepec||128.77|3.0|2.0,caf5055f2b476f587aaca40f914f57b82b61f0d8,"missing_coordinates,missing_land_area"
mercadolibre,MLM-2388867743,https://terreno.mercadolibre.com.mx/MLM-2388867743-terreno-en-venta-en-lomas-de-cocoyoc-atlatlahucan-morelos-_JM,4123000.0,MXN,terreno,land,665.0,,,,,,,6200.0,3M-5M,,,18.913685,-98.9455121,medium,Morelos,Atlatlahucan,Lomas De Cocoyoc,,,0138,approximate_coordinate,973.0,397.0,335.65998876705885,136.9547950056756,0.924433249370277,0.9420654911838791,14.18,0.972568578553616,46,49,16,16,15,15,1,1,0,1,0,0,0,0,B,mercadolibre|4123000.0|atlatlahucan|lomas de cocoyoc|665.0|||,,"missing_construction_area,missing_coordinates"
mercadolibre,MLM-4685371968,https://casa.mercadolibre.com.mx/MLM-4685371968-estrenacasa-nueva-en-venta-en-kloster-de-ahuatlan-cuernavaca-morelos-_JM,4200000.0,MXN,casa,residential,200.0,220.0,4,4.0,4,,19090.91,,3M-5M,,,18.9560553,-99.2586472,medium,Morelos,Cuernavaca,Lomas De Ahuatlan,,,1537,approximate_coordinate,1676.0,598.0,18239.29130049499,6507.813960439144,0.717391304347826,0.8963210702341137,13.8,0.9688841201716738,129,452,44,172,27,72,4,19,1,12,1,1,6,11,B,mercadolibre|4200000.0|cuernavaca|lomas de ahuatlan|200.0|220.0|4.0|4.0,e30ea6cfa3d5a2c058e50c58445e529da29457c1,missing_coordinates
mercadolibre,MLM-5608415186,https://terreno.mercadolibre.com.mx/MLM-5608415186-terreno-en-venta-en-lomas-de-cocoyoc-675-m2-irregular-y-vista-abierta-_JM,4224000.0,MXN,terreno,land,675.85,,,,,,,6249.91,3M-5M,,,18.913685,-98.9455121,medium,Morelos,Atlatlahucan,Lomas De Cocoyoc,,,0138,approximate_coordinate,973.0,397.0,335.65998876705885,136.9547950056756,0.924433249370277,0.9420654911838791,14.18,0.972568578553616,46,49,16,16,15,15,1,1,0,1,0,0,0,0,B,mercadolibre|4224000.0|atlatlahucan|lomas de cocoyoc|675.85|||,,"missing_construction_area,missing_coordinates"
mercadolibre,MLM-4777818700,https://departamento.mercadolibre.com.mx/MLM-4777818700-departamento-en-venta-en-lomas-de-cortes-_JM,4400000.0,MXN,departamento,residential,,156.0,0,2.0,2,,28205.13,,3M-5M,,,18.9525186,-99.2248233,medium,Morelos,Cuernavaca,Lomas De Cortes,,,0717,approximate_coordinate,4653.0,1465.0,6525.631889820488,2054.5993377577943,0.6621160409556314,0.8552901023890785,12.51,0.9622166246851386,266,1045,86,372,46,175,14,66,15,39,4,10,10,36,B,mercadolibre|4400000.0|cuernavaca|lomas de cortes||156.0|0.0|2.0,da16a103ba5e8e20c2824850609a1f772c950a7d,"missing_coordinates,missing_land_area"
mercadolibre,MLM-2984774977,https://casa.mercadolibre.com.mx/MLM-2984774977-casa-en-venta-en-pueblo-chiconcuac-_JM,4450000.0,MXN,casa,residential,1305.0,450.0,4,3.0,3,,9888.89,,3M-5M,,,18.7801528,-99.2108328,medium,Morelos,Xochitepec,Chiconcuac,,,037A,approximate_coordinate,3678.0,1047.0,2433.0795911403716,692.6140108548041,0.41069723018147086,0.5845272206303725,9.48,0.9766734279918864,343,586,138,234,75,116,16,27,5,7,0,0,4,10,B,mercadolibre|4450000.0|xochitepec|chiconcuac|1305.0|450.0|4.0|3.0,573a2f39421ab67aea306aee105176f4fd2e7966,missing_coordinates
mercadolibre,MLM-2745738901,https://terreno.mercadolibre.com.mx/MLM-2745738901-se-vende-terreno-en-campo-de-golf-en-lomas-de-cocoyoc-_JM,4488000.0,MXN,terreno,land,660.0,,,,,,,6800.0,3M-5M,,,18.913685,-98.9455121,medium,Morelos,Atlatlahucan,Lomas De Cocoyoc,,,0138,approximate_coordinate,973.0,397.0,335.65998876705885,136.9547950056756,0.924433249370277,0.9420654911838791,14.18,0.972568578553616,46,49,16,16,15,15,1,1,0,1,0,0,0,0,B,mercadolibre|4488000.0|atlatlahucan|lomas de cocoyoc|660.0|||,,"missing_construction_area,missing_coordinates"
mercadolibre,MLM-2760886603,https://casa.mercadolibre.com.mx/MLM-2760886603-en-venta-en-lomas-de-cocoyoc-casa-con-alberca-oportunidad-_JM,4500000.0,MXN,casa,residential,420.0,200.0,4,3.0,3,,22500.0,,3M-5M,,,18.913685,-98.9455121,medium,Morelos,Atlatlahucan,Lomas De Cocoyoc,,,0138,approximate_coordinate,973.0,397.0,335.65998876705885,136.9547950056756,0.924433249370277,0.9420654911838791,14.18,0.972568578553616,46,49,16,16,15,15,1,1,0,1,0,0,0,0,B,mercadolibre|4500000.0|atlatlahucan|lomas de cocoyoc|420.0|200.0|4.0|3.0,88347af076c2e042984c06ee1162f0617b7a9795,missing_coordinates
mercadolibre,MLM-2753828919,https://casa.mercadolibre.com.mx/MLM-2753828919-casa-en-venta-en-lomas-de-cocoyoc-_JM,4500000.0,MXN,casa,residential,420.0,200.0,4,4.0,4,,22500.0,,3M-5M,,,18.913685,-98.9455121,medium,Morelos,Atlatlahucan,Lomas De Cocoyoc,,,0138,approximate_coordinate,973.0,397.0,335.65998876705885,136.9547950056756,0.924433249370277,0.9420654911838791,14.18,0.972568578553616,46,49,16,16,15,15,1,1,0,1,0,0,0,0,B,mercadolibre|4500000.0|atlatlahucan|lomas de cocoyoc|420.0|200.0|4.0|4.0,dbd6aee065afb0e1849db8ca4daa07cb7ca6ec72,missing_coordinates
mercadolibre,MLM-4978106948,https://departamento.mercadolibre.com.mx/MLM-4978106948-departamento-en-lomas-de-cortes-_JM,4500000.0,MXN,departamento,residential,370.0,157.0,3,3.0,3,,28662.42,,3M-5M,,,18.9525186,-99.2248233,medium,Morelos,Cuernavaca,Lomas De Cortes,,,0717,approximate_coordinate,4653.0,1465.0,6525.631889820488,2054.5993377577943,0.6621160409556314,0.8552901023890785,12.51,0.9622166246851386,266,1045,86,372,46,175,14,66,15,39,4,10,10,36,B,mercadolibre|4500000.0|cuernavaca|lomas de cortes|370.0|157.0|3.0|3.0,e0f49fbff0ac17399af7dc8a5852de1cdc1e8737,missing_coordinates
mercadolibre,MLM-3145111643,https://casa.mercadolibre.com.mx/MLM-3145111643-ex-hacienda-con-amplio-potencial-comercial-en-jiutepec-morelos-_JM,45000000.0,MXN,casa,residential,4870.0,1695.0,16,16.0,16,,26548.67,,>20M,,,18.8847392,-99.172872,medium,Morelos,Jiutepec,El Zapote,,,0620,approximate_coordinate,3641.0,1153.0,3802.7897203156135,1204.234152025241,0.593235039028621,0.7632263660017347,12.23,0.9759229534510433,340,1287,108,525,58,173,34,74,10,31,3,9,10,28,B,mercadolibre|45000000.0|jiutepec|el zapote|4870.0|1695.0|16.0|16.0,1eaf295a7068a5dc5fd3e0ed4d72d5e28286e4e7,missing_coordinates
mercadolibre,MLM-4841742720,https://terreno.mercadolibre.com.mx/MLM-4841742720-terreno-en-venta-en-esquina-con-bungalow-y-alberca-zona-dorada-_JM,4550100.0,MXN,terreno,land,527.0,,,2.0,,,,8633.97,3M-5M,,,18.9412445,-99.2272951,medium,Morelos,Cuernavaca,Reforma,,,0172,approximate_coordinate,652.0,219.0,1333.8700698265352,448.03304492639757,0.8310502283105022,0.9223744292237442,13.9,0.9655172413793104,234,1584,59,509,43,246,25,179,11,49,1,25,12,50,B,mercadolibre|4550100.0|cuernavaca|reforma|527.0|||2.0,7f557a02e9c45f0bf1da1822efe320cc3c2c157f,"missing_construction_area,missing_coordinates"
mercadolibre,MLM-2797746491,https://casa.mercadolibre.com.mx/MLM-2797746491-casa-en-condominio-en-santa-maria-ahuacatitlan-cuernavaca-morelos-_JM,4590000.0,MXN,casa,residential,394.0,196.0,3,2.0,2,,23418.37,,3M-5M,,,18.9745294,-99.2607876,medium,Morelos,Cuernavaca,Santa María Ahuacatitlan,,,051A,approximate_coordinate,6076.0,1649.0,2685.5540217268144,728.8476928616716,0.4329896907216495,0.6300788356579745,10.09,0.9791542584871947,107,518,51,302,5,44,2,16,4,15,0,0,0,7,B,mercadolibre|4590000.0|cuernavaca|santa maría ahuacatitlan|394.0|196.0|3.0|2.0,397a51c3537fcf2eeb5e0eadb627f765c45a36c3,missing_coordinates
mercadolibre,MLM-2988179269,https://casa.mercadolibre.com.mx/MLM-2988179269-casa-en-venta-en-real-de-oaxtepec-_JM,4650000.0,MXN,casa,residential,450.0,250.0,3,3.0,3,,18600.0,,3M-5M,,,18.9109155,-98.9568887,medium,Morelos,Yautepec,Real de Oaxtepec,,,0409,approximate_coordinate,288.0,100.0,353.56376816215766,122.76519727852695,0.83,0.79,11.66,0.9645390070921985,2,44,1,12,0,11,0,2,0,0,0,0,0,0,B,mercadolibre|4650000.0|yautepec|real de oaxtepec|450.0|250.0|3.0|3.0,3f7020a5858300d917e6a4078b54a4828c5fe8dd,missing_coordinates
mercadolibre,MLM-5064730880,https://casa.mercadolibre.com.mx/MLM-5064730880-casa-en-venta-en-fracc-residencial-sumiya-estricta-vigilancia-24-horas-_JM,46500000.0,MXN,casa,residential,4312.0,1681.0,8,9.0,9,,27662.11,,>20M,,,18.8933187,-99.1966011,medium,Morelos,Jiutepec,Sumiya,,,0122,approximate_coordinate,1858.0,564.0,1540.789692968381,467.71011132086477,0.74822695035461,0.8156028368794326,12.28,0.9752380952380952,13,200,5,81,2,21,0,6,0,7,0,0,0,1,B,mercadolibre|46500000.0|jiutepec|sumiya|4312.0|1681.0|8.0|9.0,f0a906d4d5ae607de6ea48d52cf419197bf7a5a4,missing_coordinates
mercadolibre,MLM-4532041374,https://terreno.mercadolibre.com.mx/MLM-4532041374-terreno-en-venta-en-lomas-de-cocoyoc-_JM,4670568.0,MXN,terreno,land,741.0,,,,,,,6303.06,3M-5M,,,18.913685,-98.9455121,medium,Morelos,Atlatlahucan,Lomas De Cocoyoc,,,0138,approximate_coordinate,973.0,397.0,335.65998876705885,136.9547950056756,0.924433249370277,0.9420654911838791,14.18,0.972568578553616,46,49,16,16,15,15,1,1,0,1,0,0,0,0,B,mercadolibre|4670568.0|atlatlahucan|lomas de cocoyoc|741.0|||,,"missing_construction_area,missing_coordinates"
mercadolibre,MLM-3005969961,https://casa.mercadolibre.com.mx/MLM-3005969961-casa-en-venta-en-jardin-tetela-cuernavaca-morelos-_JM,4850000.0,MXN,casa,residential,174.0,187.0,2,3.0,3,,25935.83,,3M-5M,,,18.9512331,-99.2494154,medium,Morelos,Cuernavaca,Jardín Tetela,,,0045,approximate_coordinate,4034.0,1295.0,2539.353950421818,815.1867540397259,0.6324324324324324,0.7953667953667953,12.44,0.9800531914893617,139,531,38,160,23,82,10,34,5,28,2,11,4,17,B,mercadolibre|4850000.0|cuernavaca|jardín tetela|174.0|187.0|2.0|3.0,19c2c1b2be87eaac752cb8a55a2a70c19617e1b0,missing_coordinates
mercadolibre,MLM-2988204495,https://casa.mercadolibre.com.mx/MLM-2988204495-casa-en-venta-en-lomas-de-cocoyoc-_JM,4900000.0,MXN,casa,residential,385.0,165.0,3,2.0,2,,29696.97,,3M-5M,,,18.913685,-98.9455121,medium,Morelos,Atlatlahucan,Lomas De Cocoyoc,,,0138,approximate_coordinate,973.0,397.0,335.65998876705885,136.9547950056756,0.924433249370277,0.9420654911838791,14.18,0.972568578553616,46,49,16,16,15,15,1,1,0,1,0,0,0,0,B,mercadolibre|4900000.0|atlatlahucan|lomas de cocoyoc|385.0|165.0|3.0|2.0,d928d29f87ca94410d6980761343bc87f7b9b5df,missing_coordinates
mercadolibre,MLM-5534779130,https://casa.mercadolibre.com.mx/MLM-5534779130-casa-en-venta-en-fraccionamiento-real-de-oaxtepec-_JM,4900000.0,MXN,casa,residential,300.0,195.0,3,3.0,3,,25128.21,,3M-5M,,,18.9109155,-98.9568887,medium,Morelos,Yautepec,Real de Oaxtepec,,,0409,approximate_coordinate,288.0,100.0,353.56376816215766,122.76519727852695,0.83,0.79,11.66,0.9645390070921985,2,44,1,12,0,11,0,2,0,0,0,0,0,0,B,mercadolibre|4900000.0|yautepec|real de oaxtepec|300.0|195.0|3.0|3.0,8a0f25b0c0d2640e42330d45df4926166dbf576e,missing_coordinates
mercadolibre,MLM-4571122436,https://terreno.mercadolibre.com.mx/MLM-4571122436-terreno-plano-en-venta-chiconcuac-xochitepec-mexico-_JM,500000.0,MXN,terreno,land,500.0,,,,,,,1000.0,<1M,,,18.7801528,-99.2108328,medium,Morelos,Xochitepec,Chiconcuac,,,037A,approximate_coordinate,3678.0,1047.0,2433.0795911403716,692.6140108548041,0.41069723018147086,0.5845272206303725,9.48,0.9766734279918864,343,586,138,234,75,116,16,27,5,7,0,0,4,10,B,mercadolibre|500000.0|xochitepec|chiconcuac|500.0|||,,"missing_construction_area,missing_coordinates"
mercadolibre,MLM-5199711822,https://casa.mercadolibre.com.mx/MLM-5199711822-casa-en-venta-condiminio-las-fincas-_JM,5000000.0,MXN,casa,residential,361.0,361.0,4,5.0,5,,13850.42,,5M-8M,,,18.8759046,-99.1832454,medium,Morelos,Jiutepec,Las Fincas,,,0688,approximate_coordinate,4040.0,1255.0,2690.773831881029,835.8715740125473,0.6900398406374502,0.8119521912350598,12.74,0.9850458273034249,7,775,4,365,0,85,0,43,0,19,0,6,0,10,B,mercadolibre|5000000.0|jiutepec|las fincas|361.0|361.0|4.0|5.0,8b1a1b93aed6c9ef4af860deae8a6b9d45fd73fb,"missing_coordinates,same_land_and_construction_area"
mercadolibre,MLM-2714460935,https://terreno.mercadolibre.com.mx/MLM-2714460935-buen-terreno-en-venta-jiutepecmorelos-pedregal-de-las-fuentes-_JM,5000000.0,MXN,terreno,land,1900.0,,,,,,,2631.58,5M-8M,,,18.8818829,-99.1617436,medium,Morelos,Jiutepec,Pedregal De Las Fuentes,,,0230,approximate_coordinate,1506.0,513.0,2126.9645529782256,724.5237819905907,0.7875243664717348,0.9083820662768031,13.56,0.9685610640870617,34,514,10,223,5,70,0,22,4,17,0,1,0,7,B,mercadolibre|5000000.0|jiutepec|pedregal de las fuentes|1900.0|||,,"missing_construction_area,missing_coordinates"
mercadolibre,MLM-5064745416,https://terreno.mercadolibre.com.mx/MLM-5064745416-espectacular-terreno-residencial-colindando-con-residencial-sumiya-_JM,50000000.0,MXN,terreno,land,14850.0,,,,,,,3367.0,>20M,,,18.8933187,-99.1966011,medium,Morelos,Jiutepec,Sumiya,,,0122,approximate_coordinate,1858.0,564.0,1540.789692968381,467.71011132086477,0.74822695035461,0.8156028368794326,12.28,0.9752380952380952,13,200,5,81,2,21,0,6,0,7,0,0,0,1,B,mercadolibre|50000000.0|jiutepec|sumiya|14850.0|||,,"missing_construction_area,missing_coordinates"
mercadolibre,MLM-5937177030,https://terreno.mercadolibre.com.mx/MLM-5937177030-terreno-comercial-en-venta-en-pueblo-alpuyeca-_JM,50025000.0,MXN,terreno,land,50025.0,,,,,,,1000.0,>20M,,,18.7412877,-99.2598175,medium,Morelos,Xochitepec,Alpuyeca,,,0026,approximate_coordinate,2763.0,700.0,2771.068737817901,702.044197058462,0.24857142857142858,0.39285714285714285,9.48,0.972241029113067,344,565,186,281,57,98,10,14,7,12,2,2,4,8,B,mercadolibre|50025000.0|xochitepec|alpuyeca|50025.0|||,,"missing_construction_area,missing_coordinates"
mercadolibre,MLM-2985878831,https://terreno.mercadolibre.com.mx/MLM-2985878831-terreno-en-venta-en-parque-industrial-cuautla-_JM,5056000.0,MXN,terreno,land,5056.0,,,,,,,1000.0,5M-8M,,,18.7663043,-98.9853284,medium,Morelos,Ayala,Ciudad Ayala,,,0039,approximate_coordinate,2879.0,820.0,5071.30302452846,1444.4141994141498,0.4402439024390244,0.5597560975609757,10.83,0.9796472184531886,356,513,168,222,52,69,11,16,7,10,2,2,5,6,B,mercadolibre|5056000.0|ayala|ciudad ayala|5056.0|||,,"missing_construction_area,missing_coordinates"
mercadolibre,MLM-5650200414,https://casa.mercadolibre.com.mx/MLM-5650200414-casa-en-altos-de-oaxtepec-morelos-municipio-de-yautepec-venta-exclusivo-fraccionamiento-acceso-controladoseguridad-las-24-horas-_JM,5100000.0,MXN,casa,residential,300.0,255.0,3,3.0,3,,20000.0,,5M-8M,,,18.9220878,-98.9548225,medium,Morelos,Yautepec,Altos De Oaxtepec,,,0610,approximate_coordinate,122.0,44.0,220.311520394528,79.4566139127806,0.7954545454545454,0.7045454545454546,11.64,0.9245283018867925,0,3,0,0,0,0,0,1,0,1,0,0,0,0,B,mercadolibre|5100000.0|yautepec|altos de oaxtepec|300.0|255.0|3.0|3.0,7b4e5c3f33f9334fb9cc783d3a4c9cb29195da64,missing_coordinates
mercadolibre,MLM-2857681923,https://casa.mercadolibre.com.mx/MLM-2857681923-casa-en-venta-en-lomas-de-cocoyoc-_JM,5300000.0,MXN,casa,residential,350.0,145.0,3,2.0,2,,36551.72,,5M-8M,,,18.913685,-98.9455121,medium,Morelos,Atlatlahucan,Lomas De Cocoyoc,,,0138,approximate_coordinate,973.0,397.0,335.65998876705885,136.9547950056756,0.924433249370277,0.9420654911838791,14.18,0.972568578553616,46,49,16,16,15,15,1,1,0,1,0,0,0,0,B,mercadolibre|5300000.0|atlatlahucan|lomas de cocoyoc|350.0|145.0|3.0|2.0,56d8db83a5a15a95a43c7f504c52a1c8dc3a3768,missing_coordinates
mercadolibre,MLM-2839042343,https://terreno.mercadolibre.com.mx/MLM-2839042343-terreno-en-venta-en-fraccionamiento-mirador-de-oaxtepec-_JM,550000.0,MXN,terreno,land,195.0,,,,,,,2820.51,<1M,,,18.9105594,-98.9720004,medium,Morelos,Yautepec,Oaxtepec,,,0108,approximate_coordinate,1976.0,603.0,1985.85527835229,606.0074558939427,0.48258706467661694,0.6252072968490879,10.5,0.973172987974098,489,820,212,337,127,202,22,35,3,10,2,3,10,19,B,mercadolibre|550000.0|yautepec|oaxtepec|195.0|||,,"missing_construction_area,missing_coordinates"
mercadolibre,MLM-2620762531,https://terreno.mercadolibre.com.mx/MLM-2620762531-terreno-en-venta-en-santa-rosa-oaxtepec-morelos-una-oportunidad-clara-para-quien-piensa-en-plusvalia-desarrollo-y-retorno-de-inversion-_JM,550000.0,MXN,terreno,land,462.0,,,,,,,1190.48,<1M,,,18.9149596,-98.9782797,medium,Morelos,Yautepec,Santa Rosa,,,0269,approximate_coordinate,452.0,130.0,1336.242074776095,384.31741088692996,0.38461538461538464,0.4153846153846154,9.01,0.9538461538461539,57,307,29,139,6,42,2,9,3,6,0,1,0,5,B,mercadolibre|550000.0|yautepec|santa rosa|462.0|||,,"missing_construction_area,missing_coordinates"
mercadolibre,MLM-3254233729,https://casa.mercadolibre.com.mx/MLM-3254233729-casa-en-condominio-en-venta-buenavista-cuernavaca-morelos-_JM,5500000.0,MXN,casa,residential,174.0,348.0,3,2.0,2,,15804.6,,5M-8M,,,18.9679302,-99.2885741,medium,Morelos,Cuernavaca,Buenavista,,,101A,approximate_coordinate,1694.0,605.0,897.2966711124132,320.46309682586184,0.8809917355371901,0.9487603305785124,14.37,0.9830687830687831,0,2,0,1,0,0,0,0,0,1,0,0,0,0,B,mercadolibre|5500000.0|cuernavaca|buenavista|174.0|348.0|3.0|2.0,36efb43bd8b8a06403c150248c03e6559c6c67c1,missing_coordinates
mercadolibre,MLM-5229559666,https://departamento.mercadolibre.com.mx/MLM-5229559666-departamento-duplex-en-venta-cumbres-del-campestre-xochite-_JM,560000.0,MXN,departamento,residential,81.0,53.0,2,2.0,1,,10566.04,,<1M,,,18.7828168,-99.1979842,medium,Morelos,Xochitepec,Lázaro Cárdenas,,,0384,approximate_coordinate,3215.0,875.0,1648.7768340122786,448.733975042222,0.42514285714285716,0.5222857142857142,9.62,0.9790794979079498,79,231,28,92,22,58,6,12,5,5,0,0,0,3,B,mercadolibre|560000.0|xochitepec|lázaro cárdenas|81.0|53.0|2.0|2.0,6b14f364db7ce5b92656a93b907da988c4925d9c,missing_coordinates
mercadolibre,MLM-5902633064,https://casa.mercadolibre.com.mx/MLM-5902633064-venta-casa-fraccionamiento-maravillas-v244-_JM,5600000.0,MXN,casa,residential,361.0,361.0,4,3.0,3,,15512.47,,5M-8M,,,18.9590058,-99.2328501,medium,Morelos,Cuernavaca,Maravillas,,,0064,approximate_coordinate,4622.0,1440.0,4320.998775933969,1346.2220331771778,0.5763888888888888,0.7833333333333333,11.96,0.9726027397260274,132,1001,46,325,22,150,12,59,3,24,2,22,6,43,B,mercadolibre|5600000.0|cuernavaca|maravillas|361.0|361.0|4.0|3.0,16725e29bb2df275bce423c3714e76e33700003d,"missing_coordinates,same_land_and_construction_area"
mercadolibre,MLM-5641679050,https://casa.mercadolibre.com.mx/MLM-5641679050-casa-en-venta-en-lomas-de-cocoyoc-_JM,5650000.0,MXN,casa,residential,525.0,215.0,3,2.0,2,,26279.07,,5M-8M,,,18.913685,-98.9455121,medium,Morelos,Atlatlahucan,Lomas De Cocoyoc,,,0138,approximate_coordinate,973.0,397.0,335.65998876705885,136.9547950056756,0.924433249370277,0.9420654911838791,14.18,0.972568578553616,46,49,16,16,15,15,1,1,0,1,0,0,0,0,B,mercadolibre|5650000.0|atlatlahucan|lomas de cocoyoc|525.0|215.0|3.0|2.0,ff6fff0aa7f1e31839e449f19a7958203f58e5af,missing_coordinates
mercadolibre,MLM-2919693713,https://casa.mercadolibre.com.mx/MLM-2919693713-se-vende-casa-en-agua-hedionda-cuautla-morelos-_JM,5650000.0,MXN,casa,residential,363.0,315.0,3,3.0,3,,17936.51,,5M-8M,,,18.8153188,-98.9297287,medium,Morelos,Cuautla,Agua Hedionda,,,0673,approximate_coordinate,2452.0,691.0,8144.252468548325,2295.1380325313594,0.361794500723589,0.5875542691751086,9.96,0.9863636363636363,196,942,94,443,30,120,8,41,5,29,0,0,1,8,B,mercadolibre|5650000.0|cuautla|agua hedionda|363.0|315.0|3.0|3.0,9628db92afc841280100b3017dff13e768dd9ee7,missing_coordinates
mercadolibre,MLM-3279323777,https://casa.mercadolibre.com.mx/MLM-3279323777-casa-con-jardin-y-jacuzzi-privado-en-condominio-con-seguridad-en-xochitepec-_JM,5750000.0,MXN,casa,residential,208.0,268.0,2,3.0,3,,21455.22,,5M-8M,,,18.7839664,-99.2294809,medium,Morelos,Xochitepec,Centro,,,0045,approximate_coordinate,2836.0,909.0,3021.7912815897585,968.5501674771123,0.49064906490649063,0.6798679867986799,11.16,0.9658634538152611,393,612,132,212,94,136,20,27,6,14,12,12,9,12,B,mercadolibre|5750000.0|xochitepec|centro|208.0|268.0|2.0|3.0,a85b6c3858c4c893bd06c2960c03362d82f9f70f,missing_coordinates
mercadolibre,MLM-4777893698,https://casa.mercadolibre.com.mx/MLM-4777893698-casa-minimalista-en-un-solo-nivel-en-venta-en-brisas-de-cuernavaca-_JM,5800000.0,MXN,casa,residential,344.0,180.0,3,3.0,3,,32222.22,,5M-8M,,,18.8489937,-99.2203112,medium,Morelos,Temixco,Brisas,,,0142,approximate_coordinate,1750.0,558.0,2464.4562809328013,785.8094884345732,0.53584229390681,0.7347670250896058,11.22,0.972193614830072,330,883,144,401,45,111,16,60,9,25,8,23,7,13,B,mercadolibre|5800000.0|temixco|brisas|344.0|180.0|3.0|3.0,5f939dd1ccaf307684aaee09327da629e285c164,missing_coordinates
mercadolibre,MLM-2988203701,https://casa.mercadolibre.com.mx/MLM-2988203701-casa-en-venta-en-oaxtepec-_JM,5890000.0,MXN,casa,residential,463.0,404.0,5,4.0,4,,14579.21,,5M-8M,,,18.900402,-98.9731656,medium,Morelos,Yautepec,Oaxtepec Centro,,,0273,approximate_coordinate,45.0,12.0,30.915232939279242,8.244062117141132,0.5833333333333334,0.6666666666666666,11.36,1.0,49,557,13,222,28,184,0,20,4,9,0,2,0,11,B,mercadolibre|5890000.0|yautepec|oaxtepec centro|463.0|404.0|5.0|4.0,e5f34125e13cbec29633db899d70eb4ace255370,missing_coordinates
mercadolibre,MLM-4534534796,https://terreno.mercadolibre.com.mx/MLM-4534534796-terreno-en-venta-en-lomas-de-cocoyoc-_JM,5912500.0,MXN,terreno,land,1075.0,,,,,,,5500.0,5M-8M,,,18.913685,-98.9455121,medium,Morelos,Atlatlahucan,Lomas De Cocoyoc,,,0138,approximate_coordinate,973.0,397.0,335.65998876705885,136.9547950056756,0.924433249370277,0.9420654911838791,14.18,0.972568578553616,46,49,16,16,15,15,1,1,0,1,0,0,0,0,B,mercadolibre|5912500.0|atlatlahucan|lomas de cocoyoc|1075.0|||,,"missing_construction_area,missing_coordinates"
mercadolibre,MLM-2438464407,https://terreno.mercadolibre.com.mx/MLM-2438464407-se-vende-terreno-con-construccion-en-el-fraccionamiento-lomas-de-cocoyoc-_JM,5950000.0,MXN,terreno,land,829.0,,,,,,,7177.32,5M-8M,,,18.913685,-98.9455121,medium,Morelos,Atlatlahucan,Lomas De Cocoyoc,,,0138,approximate_coordinate,973.0,397.0,335.65998876705885,136.9547950056756,0.924433249370277,0.9420654911838791,14.18,0.972568578553616,46,49,16,16,15,15,1,1,0,1,0,0,0,0,B,mercadolibre|5950000.0|atlatlahucan|lomas de cocoyoc|829.0|||,,"missing_construction_area,missing_coordinates"
mercadolibre,MLM-2988239261,https://casa.mercadolibre.com.mx/MLM-2988239261-casa-en-venta-pedregal-de-oaxtepec-_JM,5950000.0,MXN,casa,residential,715.0,483.0,4,4.0,4,,12318.84,,5M-8M,,,18.9112911,-98.9635639,medium,Morelos,Yautepec,Pedregal De Oaxtepec,,,0432,approximate_coordinate,630.0,187.0,653.8871844015503,194.09032298903156,0.4117647058823529,0.3689839572192513,9.09,0.9777777777777777,44,713,12,284,8,176,3,33,0,7,0,3,0,18,B,mercadolibre|5950000.0|yautepec|pedregal de oaxtepec|715.0|483.0|4.0|4.0,8960ca89d57d12cffaeca4a4f9c5f2b26abd7425,missing_coordinates
mercadolibre,MLM-5951002300,https://casa.mercadolibre.com.mx/MLM-5951002300-estrenacasa-nueva-en-el-fracc-burgos-de-cuernavaca-a-10-minutos-al-sur-de-cuernavaca-_JM,5980000.0,MXN,casa,residential,430.0,330.0,4,4.0,4,,18121.21,,5M-8M,,,18.8716955,-99.2535674,medium,Morelos,Temixco,Burgos,,,0918,approximate_coordinate,471.0,152.0,5847.590513522652,1887.1205054255693,0.39473684210526316,0.6578947368421053,11.27,1.0,33,199,14,105,1,20,1,4,4,8,0,0,1,3,B,mercadolibre|5980000.0|temixco|burgos|430.0|330.0|4.0|4.0,c442f253750483965bc1ee225f0026eed1493dfc,missing_coordinates
mercadolibre,MLM-4012688668,https://terreno.mercadolibre.com.mx/MLM-4012688668-terreno-en-venta-en-pedregal-de-oaxtepec-_JM,6075000.0,MXN,terreno,land,2430.0,,,,,,,2500.0,5M-8M,,,18.9112911,-98.9635639,medium,Morelos,Yautepec,Pedregal De Oaxtepec,,,0432,approximate_coordinate,630.0,187.0,653.8871844015503,194.09032298903156,0.4117647058823529,0.3689839572192513,9.09,0.9777777777777777,44,713,12,284,8,176,3,33,0,7,0,3,0,18,B,mercadolibre|6075000.0|yautepec|pedregal de oaxtepec|2430.0|||,,"missing_construction_area,missing_coordinates"
mercadolibre,MLM-4476112180,https://departamento.mercadolibre.com.mx/MLM-4476112180-paraiso-country-club-departamento-con-amplios-espacios-4-recamaras-alberca-jacuzzi-pool-bar-_JM,6200000.0,MXN,departamento,residential,187.66,187.66,4,4.0,4,,33038.47,,5M-8M,,,18.83995,-99.1870274,medium,Morelos,Emiliano Zapata,Emiliano Zapata,,,0038,approximate_coordinate,4664.0,1272.0,11925.068484559137,3252.2914048797647,0.2940251572327044,0.5345911949685535,9.3,0.9810126582278481,788,1784,414,892,76,207,33,62,17,30,6,12,13,23,B,mercadolibre|6200000.0|emiliano zapata|emiliano zapata|187.66|187.66|4.0|4.0,becfaa7db7e721ea91a966e530e1ac135a4baeb3,"missing_coordinates,same_land_and_construction_area"
mercadolibre,MLM-3166946981,https://casa.mercadolibre.com.mx/MLM-3166946981-venta-de-casas-con-locales-comerciales-_JM,6300000.0,MXN,casa,residential,472.0,282.0,5,6.0,6,,22340.43,,5M-8M,,,18.9548861,-99.2447377,medium,Morelos,Cuernavaca,Bellavista,,,0079,approximate_coordinate,3683.0,1310.0,4261.433028476901,1515.7418591650123,0.5694656488549619,0.8381679389312977,12.97,0.9713453132588635,138,611,37,160,25,84,5,50,6,27,9,31,3,27,B,mercadolibre|6300000.0|cuernavaca|bellavista|472.0|282.0|5.0|6.0,3692c951d48adcab68957fc4773359e43053bc2b,missing_coordinates
mercadolibre,MLM-5961635190,https://casa.mercadolibre.com.mx/MLM-5961635190-casa-en-exclusivo-fraccionamiento-en-col-reforma-cuernavaca-morelos-_JM,6300000.0,MXN,casa,residential,311.0,354.0,3,5.0,5,,17796.61,,5M-8M,,,18.9412445,-99.2272951,medium,Morelos,Cuernavaca,Reforma,,,0172,approximate_coordinate,652.0,219.0,1333.8700698265352,448.03304492639757,0.8310502283105022,0.9223744292237442,13.9,0.9655172413793104,234,1584,59,509,43,246,25,179,11,49,1,25,12,50,B,mercadolibre|6300000.0|cuernavaca|reforma|311.0|354.0|3.0|5.0,ddfed589da33d251d5981482649a44c5e101204a,missing_coordinates
mercadolibre,MLM-5468415308,https://terreno.mercadolibre.com.mx/MLM-5468415308-terrenos-en-venta-en-zona-dorada-de-cuernavaca-_JM,6300000.0,MXN,terreno,land,450.0,,,,,,,14000.0,5M-8M,,,18.9321537,-99.2212056,medium,Morelos,Cuernavaca,Vista Hermosa,,,0187,approximate_coordinate,630.0,227.0,1278.5954112765228,460.70025136471537,0.7929515418502202,0.9030837004405287,13.55,0.9970501474926253,426,1565,67,519,78,237,126,195,15,47,16,55,16,61,B,mercadolibre|6300000.0|cuernavaca|vista hermosa|450.0|||,,"missing_construction_area,missing_coordinates"
mercadolibre,MLM-5229646408,https://departamento.mercadolibre.com.mx/MLM-5229646408-bonito-departamento-con-alberca-en-campo-verde-temixco-_JM,650000.0,MXN,departamento,residential,42.0,42.0,1,1.0,1,,15476.19,,<1M,,,18.8673174,-99.2464313,medium,Morelos,Temixco,Pueblo Viejo,,,0797,approximate_coordinate,1018.0,264.0,4398.802163403339,1140.7502663442845,0.32954545454545453,0.45454545454545453,8.16,0.9817813765182186,209,436,110,223,22,45,5,9,7,13,0,0,4,6,B,mercadolibre|650000.0|temixco|pueblo viejo|42.0|42.0|1.0|1.0,5fac0b6f2d6c80e13460e7f8f18b5c1567e3d713,"missing_coordinates,same_land_and_construction_area"
mercadolibre,MLM-5902646032,https://casa.mercadolibre.com.mx/MLM-5902646032-venta-casa-en-delicias-v135-_JM,6500000.0,MXN,casa,residential,663.0,334.0,3,3.0,3,,19461.08,,5M-8M,,,18.9378232,-99.2062804,medium,Morelos,Cuernavaca,Delicias,,,0204,approximate_coordinate,1258.0,408.0,1514.5847769178977,491.21668440580464,0.8700980392156863,0.9362745098039216,13.48,0.9811046511627907,124,483,37,121,16,61,25,126,7,22,9,20,5,24,B,mercadolibre|6500000.0|cuernavaca|delicias|663.0|334.0|3.0|3.0,392f67ed6abb538150e51fd64c6edebfa3a8a719,missing_coordinates
mercadolibre,MLM-3170171627,https://casa.mercadolibre.com.mx/MLM-3170171627-casa-con-alberca-nueva-en-brisas-de-cuernavaca-temixco-morelos-_JM,6500000.0,MXN,casa,residential,340.0,300.0,4,4.0,4,,21666.67,,5M-8M,,,18.8489937,-99.2203112,medium,Morelos,Temixco,Brisas,,,0142,approximate_coordinate,1750.0,558.0,2464.4562809328013,785.8094884345732,0.53584229390681,0.7347670250896058,11.22,0.972193614830072,330,883,144,401,45,111,16,60,9,25,8,23,7,13,B,mercadolibre|6500000.0|temixco|brisas|340.0|300.0|4.0|4.0,3605e21a113805b91c5639f8bb5269abba1176dd,missing_coordinates
mercadolibre,MLM-5229647088,https://departamento.mercadolibre.com.mx/MLM-5229647088-departamento-oportunidad-a-credito-_JM,660000.0,MXN,departamento,residential,60.0,45.0,2,2.0,1,,14666.67,,<1M,,,18.828286,-99.2594267,medium,Morelos,Temixco,Lauro Ortega,,,0689,approximate_coordinate,2450.0,640.0,4660.181968652193,1217.3536571173076,0.30625,0.5265625,8.1,0.9854838709677419,147,502,69,260,18,57,2,14,1,6,0,0,2,9,B,mercadolibre|660000.0|temixco|lauro ortega|60.0|45.0|2.0|2.0,98f309292eb644bb54b0dc872bfe61169f9078c8,missing_coordinates
mercadolibre,MLM-5557575130,https://departamento.mercadolibre.com.mx/MLM-5557575130-departamento-equipado-2-recamaras-en-primer-nivel-sin-alberca-_JM,660000.0,MXN,departamento,residential,45.0,42.0,2,2.0,1,,15714.29,,<1M,,,18.8449428,-99.2236369,medium,Morelos,Temixco,Temixco,,,0176,approximate_coordinate,1139.0,368.0,1140.065376309023,368.34421289000915,0.6331521739130435,0.7717391304347826,12.16,0.9785932721712538,475,981,211,458,61,117,28,54,18,25,21,26,5,17,B,mercadolibre|660000.0|temixco|temixco|45.0|42.0|2.0|2.0,7a47a8fdee0400e4358caa84f5f98806b6c642ac,missing_coordinates
mercadolibre,MLM-5132961008,https://casa.mercadolibre.com.mx/MLM-5132961008-casa-con-alberca-y-amplio-jardin-en-lomas-de-cocoyoc-morelos-_JM,6690000.0,MXN,casa,residential,450.0,320.0,4,4.0,4,,20906.25,,5M-8M,,,18.913685,-98.9455121,medium,Morelos,Atlatlahucan,Lomas De Cocoyoc,,,0138,approximate_coordinate,973.0,397.0,335.65998876705885,136.9547950056756,0.924433249370277,0.9420654911838791,14.18,0.972568578553616,46,49,16,16,15,15,1,1,0,1,0,0,0,0,B,mercadolibre|6690000.0|atlatlahucan|lomas de cocoyoc|450.0|320.0|4.0|4.0,3b6f9ac6f3cb779351b74f50e745c4714de2964f,missing_coordinates
mercadolibre,MLM-5229660244,https://departamento.mercadolibre.com.mx/MLM-5229660244-departamento-con-alberca-en-temixco-_JM,680000.0,MXN,departamento,residential,45.0,45.0,2,2.0,1,,15111.11,,<1M,,,18.828286,-99.2594267,medium,Morelos,Temixco,Lauro Ortega,,,0689,approximate_coordinate,2450.0,640.0,4660.181968652193,1217.3536571173076,0.30625,0.5265625,8.1,0.9854838709677419,147,502,69,260,18,57,2,14,1,6,0,0,2,9,B,mercadolibre|680000.0|temixco|lauro ortega|45.0|45.0|2.0|2.0,2220e87879c612f6bc14de7acb6cc450659a2607,"missing_coordinates,same_land_and_construction_area"
mercadolibre,MLM-3254235919,https://casa.mercadolibre.com.mx/MLM-3254235919-venta-casa-nueva-en-lomas-de-la-selva-v268-_JM,6875000.0,MXN,casa,residential,320.0,250.0,4,4.0,4,,27500.0,,5M-8M,,,18.9361863,-99.2298977,medium,Morelos,Cuernavaca,Lomas de La Selva,,,0168,approximate_coordinate,2609.0,881.0,5786.065903602354,1953.8229440681005,0.5175936435868331,0.7343927355278093,11.88,0.9725036179450073,512,1930,226,604,58,281,67,304,8,60,8,27,5,65,B,mercadolibre|6875000.0|cuernavaca|lomas de la selva|320.0|250.0|4.0|4.0,638eb87074ff5bab37ae086da15a9bfbefa23d96,missing_coordinates
mercadolibre,MLM-2954634085,https://casa.mercadolibre.com.mx/MLM-2954634085-estrene-bonita-casa-de-un-nivel-con-amplio-jardin-_JM,6900000.0,MXN,casa,residential,480.0,140.0,3,3.0,3,,49285.71,,5M-8M,,,18.913685,-98.9455121,medium,Morelos,Atlatlahucan,Lomas De Cocoyoc,,,0138,approximate_coordinate,973.0,397.0,335.65998876705885,136.9547950056756,0.924433249370277,0.9420654911838791,14.18,0.972568578553616,46,49,16,16,15,15,1,1,0,1,0,0,0,0,B,mercadolibre|6900000.0|atlatlahucan|lomas de cocoyoc|480.0|140.0|3.0|3.0,91fa206d2d5e2c75765e2b5fa198a414be247d25,missing_coordinates
mercadolibre,MLM-3215727649,https://casa.mercadolibre.com.mx/MLM-3215727649-casa-en-venta-a-5-minutos-de-la-glorieta-tlaltenangoen-tetela-del-monte-cuernavaca-_JM,6900000.0,MXN,casa,residential,393.18,304.0,4,4.0,4,,22697.37,,5M-8M,,,18.9632314,-99.2596098,medium,Morelos,Cuernavaca,Tetela Del Monte,,,051A,approximate_coordinate,6076.0,1649.0,2685.5540217268144,728.8476928616716,0.4329896907216495,0.6300788356579745,10.09,0.9791542584871947,233,520,133,304,31,61,8,14,1,12,1,1,2,8,B,mercadolibre|6900000.0|cuernavaca|tetela del monte|393.18|304.0|4.0|4.0,7f43aba039ed4304439c77e34d9a61b43ad1cc97,missing_coordinates
mercadolibre,MLM-4213756184,https://terreno.mercadolibre.com.mx/MLM-4213756184-como-terreno-en-sumiya-jiutepec-con-construccion-_JM,6900000.0,MXN,terreno,land,995.0,480.0,,,,,14375.0,6934.67,5M-8M,,,18.8933187,-99.1966011,medium,Morelos,Jiutepec,Sumiya,,,0122,approximate_coordinate,1858.0,564.0,1540.789692968381,467.71011132086477,0.74822695035461,0.8156028368794326,12.28,0.9752380952380952,13,200,5,81,2,21,0,6,0,7,0,0,0,1,B,mercadolibre|6900000.0|jiutepec|sumiya|995.0|480.0||,764ff9d295a71d84c1ad6bd45a11ada22ea393d9,missing_coordinates
mercadolibre,MLM-2740600371,https://casa.mercadolibre.com.mx/MLM-2740600371-casa-nueva-minimalista-en-brisas-de-cuernavaca-temixco-morelos-_JM,6900000.0,MXN,casa,residential,330.0,280.0,6,5.0,5,,24642.86,,5M-8M,,,18.8489937,-99.2203112,medium,Morelos,Temixco,Brisas,,,0142,approximate_coordinate,1750.0,558.0,2464.4562809328013,785.8094884345732,0.53584229390681,0.7347670250896058,11.22,0.972193614830072,330,883,144,401,45,111,16,60,9,25,8,23,7,13,B,mercadolibre|6900000.0|temixco|brisas|330.0|280.0|6.0|5.0,776a78507cfebd796552e5ad9c5b9bbc735b1aab,missing_coordinates
mercadolibre,MLM-3009407155,https://casa.mercadolibre.com.mx/MLM-3009407155-casa-en-venta-en-lomas-de-cocoyoc-_JM,6950000.0,MXN,casa,residential,624.0,430.0,5,5.0,5,,16162.79,,5M-8M,,,18.913685,-98.9455121,medium,Morelos,Atlatlahucan,Lomas De Cocoyoc,,,0138,approximate_coordinate,973.0,397.0,335.65998876705885,136.9547950056756,0.924433249370277,0.9420654911838791,14.18,0.972568578553616,46,49,16,16,15,15,1,1,0,1,0,0,0,0,B,mercadolibre|6950000.0|atlatlahucan|lomas de cocoyoc|624.0|430.0|5.0|5.0,b80d93c53fd30b95fd29b74934d91067073889d4,missing_coordinates
mercadolibre,MLM-3240650217,https://terreno.mercadolibre.com.mx/MLM-3240650217-venta-de-terreno-en-tetelcingo-cuautla-mor-_JM,7000000.0,MXN,terreno,land,1000.0,,,,,,,7000.0,5M-8M,,,18.8658286,-98.9545589,medium,Morelos,Cuautla,Tetelcingo,,,0832,approximate_coordinate,4782.0,1262.0,4120.9850493128815,1087.553979973412,0.3795562599049128,0.47385103011093505,9.02,0.9799054373522459,52,370,33,196,8,70,1,2,2,4,1,3,0,1,B,mercadolibre|7000000.0|cuautla|tetelcingo|1000.0|||,,"missing_construction_area,missing_coordinates"
mercadolibre,MLM-5641653648,https://casa.mercadolibre.com.mx/MLM-5641653648-gran-terreno-con-jardin-maduro-casa-y-alberca-en-real-de-tezoyuca-morleos-_JM,7000000.0,MXN,casa,residential,2707.0,300.0,2,5.0,5,,23333.33,,5M-8M,,,18.8000657,-99.2051583,medium,Morelos,Emiliano Zapata,Real De Tezoyuca,,,0381,approximate_coordinate,25.0,9.0,348.2701037248519,125.37723734094666,0.4444444444444444,0.8888888888888888,12.11,1.0,14,249,3,109,5,35,0,9,0,2,0,1,0,6,B,mercadolibre|7000000.0|emiliano zapata|real de tezoyuca|2707.0|300.0|2.0|5.0,d0d86310432efebf0c4086655b8875105f6c6a5e,"missing_coordinates,suspicious_surface_pair"
mercadolibre,MLM-3299495311,https://terreno.mercadolibre.com.mx/MLM-3299495311-venta-de-terreno-709900000-_JM,7099000.0,MXN,terreno,land,9376.0,,,,,,,757.15,5M-8M,,,18.7839664,-99.2294809,medium,Morelos,Xochitepec,Centro,,,0045,approximate_coordinate,2836.0,909.0,3021.7912815897585,968.5501674771123,0.49064906490649063,0.6798679867986799,11.16,0.9658634538152611,393,612,132,212,94,136,20,27,6,14,12,12,9,12,B,mercadolibre|7099000.0|xochitepec|centro|9376.0|||,,"missing_construction_area,missing_coordinates"
mercadolibre,MLM-5229571020,https://departamento.mercadolibre.com.mx/MLM-5229571020-departamento-con-alberca-en-punta-verde-temixco-_JM,720000.0,MXN,departamento,residential,43.0,42.0,2,2.0,1,,17142.86,,<1M,,,18.828286,-99.2594267,medium,Morelos,Temixco,Lauro Ortega,,,0689,approximate_coordinate,2450.0,640.0,4660.181968652193,1217.3536571173076,0.30625,0.5265625,8.1,0.9854838709677419,147,502,69,260,18,57,2,14,1,6,0,0,2,9,B,mercadolibre|720000.0|temixco|lauro ortega|43.0|42.0|2.0|2.0,4dc3124a19cc7c3f7a9ca1bbba434c96993c0172,missing_coordinates
mercadolibre,MLM-5793107768,https://casa.mercadolibre.com.mx/MLM-5793107768-casa-minimalista-nueva-en-lomas-tetela-al-norte-de-cuernavaca-_JM,7380000.0,MXN,casa,residential,459.0,381.0,3,5.0,5,,19370.08,,5M-8M,,,18.9495268,-99.2709536,medium,Morelos,Cuernavaca,Lomas De Tetela,,,0492,approximate_coordinate,1487.0,475.0,3416.8131454654385,1091.4500632791414,0.7410526315789474,0.8589473684210527,13.24,0.9708994708994709,24,110,9,39,4,9,2,6,0,5,0,0,1,5,B,mercadolibre|7380000.0|cuernavaca|lomas de tetela|459.0|381.0|3.0|5.0,2efadba2cea27d792a0fac9cfa028f790e363b8e,missing_coordinates
mercadolibre,MLM-2874594771,https://casa.mercadolibre.com.mx/MLM-2874594771-oportunidad-casa-con-uso-comercial-en-vista-hermosa-cuernavaca-morelos-_JM,7470000.0,MXN,casa,residential,302.0,359.0,4,4.0,4,,20807.8,,5M-8M,,,18.9321537,-99.2212056,medium,Morelos,Cuernavaca,Vista Hermosa,,,0187,approximate_coordinate,630.0,227.0,1278.5954112765228,460.70025136471537,0.7929515418502202,0.9030837004405287,13.55,0.9970501474926253,426,1565,67,519,78,237,126,195,15,47,16,55,16,61,B,mercadolibre|7470000.0|cuernavaca|vista hermosa|302.0|359.0|4.0|4.0,60c09e2f8e1d61b7758839b9fa7b1dab928867d2,missing_coordinates
mercadolibre,MLM-4048570156,https://terreno.mercadolibre.com.mx/MLM-4048570156-terreno-en-venta-en-yautepec-morelos-cerca-de-de-sixflags-_JM,750000.0,MXN,terreno,land,900.0,,,,,,,833.33,<1M,,,18.900402,-98.9731656,medium,Morelos,Yautepec,Oaxtepec Centro,,,0273,approximate_coordinate,45.0,12.0,30.915232939279242,8.244062117141132,0.5833333333333334,0.6666666666666666,11.36,1.0,49,557,13,222,28,184,0,20,4,9,0,2,0,11,B,mercadolibre|750000.0|yautepec|oaxtepec centro|900.0|||,,"missing_construction_area,missing_coordinates"
mercadolibre,MLM-5439143118,https://departamento.mercadolibre.com.mx/MLM-5439143118-oprtunidad-de-inversin-departamento-en-venta-en-lomas-de-c-_JM,7500000.0,MXN,departamento,residential,1109.0,302.0,3,2.0,2,,24834.44,,5M-8M,,,18.913685,-98.9455121,medium,Morelos,Atlatlahucan,Lomas De Cocoyoc,,,0138,approximate_coordinate,973.0,397.0,335.65998876705885,136.9547950056756,0.924433249370277,0.9420654911838791,14.18,0.972568578553616,46,49,16,16,15,15,1,1,0,1,0,0,0,0,B,mercadolibre|7500000.0|atlatlahucan|lomas de cocoyoc|1109.0|302.0|3.0|2.0,27f07af7a33410caa75a2b0f57bd75434c0750fd,missing_coordinates
mercadolibre,MLM-2385543147,https://terreno.mercadolibre.com.mx/MLM-2385543147-terreno-en-venta-en-ixtlahuacan-yautepec-morelos-_JM,7500000.0,MXN,terreno,land,5350.0,,,,,,,1401.87,5M-8M,,,18.891422,-99.0546741,medium,Morelos,Yautepec,Ixtlahuacan,,,0165,approximate_coordinate,2945.0,899.0,2602.986670533835,794.5959310050655,0.42046718576195774,0.5962180200222469,10.73,0.9854570637119113,97,1191,39,622,13,159,2,46,2,27,0,19,1,19,B,mercadolibre|7500000.0|yautepec|ixtlahuacan|5350.0|||,,"missing_construction_area,missing_coordinates"
mercadolibre,MLM-3058415499,https://casa.mercadolibre.com.mx/MLM-3058415499-casa-en-burgos-cuernavaca-con-seguridad-247-alberca-y-excelentes-espacios-_JM,7600000.0,MXN,casa,residential,533.0,560.0,4,5.0,5,,13571.43,,5M-8M,,,18.8716955,-99.2535674,medium,Morelos,Temixco,Burgos,,,0918,approximate_coordinate,471.0,152.0,5847.590513522652,1887.1205054255693,0.39473684210526316,0.6578947368421053,11.27,1.0,33,199,14,105,1,20,1,4,4,8,0,0,1,3,B,mercadolibre|7600000.0|temixco|burgos|533.0|560.0|4.0|5.0,94aa535e44527450279e4b25b95fb95cd416d4cb,missing_coordinates
mercadolibre,MLM-4213847742,https://terreno.mercadolibre.com.mx/MLM-4213847742-terreno-urbano-con-lago-propio-sumiya-jiutepec-mor-_JM,7700000.0,MXN,terreno,land,1395.0,,,,,,,5519.71,5M-8M,,,18.8933187,-99.1966011,medium,Morelos,Jiutepec,Sumiya,,,0122,approximate_coordinate,1858.0,564.0,1540.789692968381,467.71011132086477,0.74822695035461,0.8156028368794326,12.28,0.9752380952380952,13,200,5,81,2,21,0,6,0,7,0,0,0,1,B,mercadolibre|7700000.0|jiutepec|sumiya|1395.0|||,,"missing_construction_area,missing_coordinates"
mercadolibre,MLM-5351347452,https://casa.mercadolibre.com.mx/MLM-5351347452-casa-en-venta-en-lomas-de-cocoyoc-_JM,7800000.0,MXN,casa,residential,595.0,278.0,3,5.0,5,,28057.55,,5M-8M,,,18.913685,-98.9455121,medium,Morelos,Atlatlahucan,Lomas De Cocoyoc,,,0138,approximate_coordinate,973.0,397.0,335.65998876705885,136.9547950056756,0.924433249370277,0.9420654911838791,14.18,0.972568578553616,46,49,16,16,15,15,1,1,0,1,0,0,0,0,B,mercadolibre|7800000.0|atlatlahucan|lomas de cocoyoc|595.0|278.0|3.0|5.0,6342e3305d948beb015b98f2bec10adb8b96b613,missing_coordinates
mercadolibre,MLM-4972124122,https://casa.mercadolibre.com.mx/MLM-4972124122-casa-en-venta-maravillas-4-recamaras-_JM,7800000.0,MXN,casa,residential,728.0,341.0,4,4.0,4,,22873.9,,5M-8M,,,18.9590058,-99.2328501,medium,Morelos,Cuernavaca,Maravillas,,,0064,approximate_coordinate,4622.0,1440.0,4320.998775933969,1346.2220331771778,0.5763888888888888,0.7833333333333333,11.96,0.9726027397260274,132,1001,46,325,22,150,12,59,3,24,2,22,6,43,B,mercadolibre|7800000.0|cuernavaca|maravillas|728.0|341.0|4.0|4.0,5c5ca8b67e043709d353e1b57e382096e40ae705,missing_coordinates
mercadolibre,MLM-3233382991,https://casa.mercadolibre.com.mx/MLM-3233382991-casa-en-venta-en-lomas-de-cocoyoc-_JM,7950000.0,MXN,casa,residential,471.0,305.0,4,4.0,4,,26065.57,,5M-8M,,,18.913685,-98.9455121,medium,Morelos,Atlatlahucan,Lomas De Cocoyoc,,,0138,approximate_coordinate,973.0,397.0,335.65998876705885,136.9547950056756,0.924433249370277,0.9420654911838791,14.18,0.972568578553616,46,49,16,16,15,15,1,1,0,1,0,0,0,0,B,mercadolibre|7950000.0|atlatlahucan|lomas de cocoyoc|471.0|305.0|4.0|4.0,79ea949f3f1ade67278531fb706c37505463106f,missing_coordinates
mercadolibre,MLM-2750437785,https://casa.mercadolibre.com.mx/MLM-2750437785-estrenecasa-estilo-minimalista-en-venta-en-burgos-bugambilias-temixco-morelos-_JM,7950000.0,MXN,casa,residential,469.0,402.0,4,6.0,6,,19776.12,,5M-8M,,,18.8716955,-99.2535674,medium,Morelos,Temixco,Burgos,,,0918,approximate_coordinate,471.0,152.0,5847.590513522652,1887.1205054255693,0.39473684210526316,0.6578947368421053,11.27,1.0,33,199,14,105,1,20,1,4,4,8,0,0,1,3,B,mercadolibre|7950000.0|temixco|burgos|469.0|402.0|4.0|6.0,7365acc94d4ba0f5d4ca6039dfdc3e67e09fce77,missing_coordinates
mercadolibre,MLM-4949213158,https://casa.mercadolibre.com.mx/MLM-4949213158-casa-en-venta-en-lomas-de-cocoyoc-_JM,7990000.0,MXN,casa,residential,543.0,288.0,4,4.0,4,,27743.06,,5M-8M,,,18.913685,-98.9455121,medium,Morelos,Atlatlahucan,Lomas De Cocoyoc,,,0138,approximate_coordinate,973.0,397.0,335.65998876705885,136.9547950056756,0.924433249370277,0.9420654911838791,14.18,0.972568578553616,46,49,16,16,15,15,1,1,0,1,0,0,0,0,B,mercadolibre|7990000.0|atlatlahucan|lomas de cocoyoc|543.0|288.0|4.0|4.0,29f5d4f3ae1472df457506e63df227b051de8d54,missing_coordinates
mercadolibre,MLM-5905335116,https://casa.mercadolibre.com.mx/MLM-5905335116-casa-en-venta-en-burgos-bugambilias-tres-de-mayo-emiliano-zapata-morelos-_JM,7990000.0,MXN,casa,residential,360.0,330.0,4,4.0,4,,24212.12,,5M-8M,,,18.8421353,-99.1970994,medium,Morelos,Emiliano Zapata,3 De Mayo,,,0409,approximate_coordinate,166.0,42.0,5069.797089269401,1282.7197454778004,0.35714285714285715,0.38095238095238093,7.98,1.0,257,715,140,349,28,93,3,15,5,15,0,0,2,7,B,mercadolibre|7990000.0|emiliano zapata|3 de mayo|360.0|330.0|4.0|4.0,826c2ad0ac7f4c6c5420d6142e91415022fe8dc4,missing_coordinates
mercadolibre,MLM-3254235099,https://casa.mercadolibre.com.mx/MLM-3254235099-venta-casa-en-fraccionamiento-lomas-de-tetela-v342-_JM,8000000.0,MXN,casa,residential,2120.0,325.0,3,3.0,3,,24615.38,,8M-12M,,,18.9495268,-99.2709536,medium,Morelos,Cuernavaca,Lomas De Tetela,,,0492,approximate_coordinate,1487.0,475.0,3416.8131454654385,1091.4500632791414,0.7410526315789474,0.8589473684210527,13.24,0.9708994708994709,24,110,9,39,4,9,2,6,0,5,0,0,1,5,B,mercadolibre|8000000.0|cuernavaca|lomas de tetela|2120.0|325.0|3.0|3.0,210d35adec764ccb9ce0951d34cf2f705e7a9d9e,missing_coordinates
mercadolibre,MLM-2365104551,https://terreno.mercadolibre.com.mx/MLM-2365104551-lindo-terreno-plano-y-centrico-_JM,8190000.0,MXN,terreno,land,2925.0,,,,,,,2800.0,8M-12M,,,18.8893782,-99.1766494,medium,Morelos,Jiutepec,Tlahuapan,,,1065,approximate_coordinate,4717.0,1441.0,8162.233260786099,2493.4869893561095,0.5905621096460791,0.7925052047189451,12.08,0.9761336515513126,308,1401,139,592,40,187,8,80,7,34,3,8,10,33,B,mercadolibre|8190000.0|jiutepec|tlahuapan|2925.0|||,,"missing_construction_area,missing_coordinates"
mercadolibre,MLM-5573130118,https://terreno.mercadolibre.com.mx/MLM-5573130118-venta-de-terreno-en-la-carretera-federal-mexico-acapulco-temixco-morelosclave-5522-_JM,842000.0,MXN,terreno,land,350.0,,,,,,,2405.71,<1M,,,18.8696022,-99.2317443,medium,Morelos,Temixco,Alta Palmira,,,0547,approximate_coordinate,3083.0,906.0,5609.703831903922,1648.5214634138674,0.3818984547461369,0.5408388520971302,9.74,0.9662576687116564,154,633,79,315,15,74,5,22,6,11,0,0,1,6,B,mercadolibre|842000.0|temixco|alta palmira|350.0|||,,"missing_construction_area,missing_coordinates"
mercadolibre,MLM-5253150544,https://casa.mercadolibre.com.mx/MLM-5253150544-casa-en-venta-en-colonia-lomas-de-cocoyoc-atlatlahucan-morelos-_JM,8450000.0,MXN,casa,residential,525.0,290.0,3,4.0,4,,29137.93,,8M-12M,,,18.913685,-98.9455121,medium,Morelos,Atlatlahucan,Lomas De Cocoyoc,,,0138,approximate_coordinate,973.0,397.0,335.65998876705885,136.9547950056756,0.924433249370277,0.9420654911838791,14.18,0.972568578553616,46,49,16,16,15,15,1,1,0,1,0,0,0,0,B,mercadolibre|8450000.0|atlatlahucan|lomas de cocoyoc|525.0|290.0|3.0|4.0,f8e19225eddcb64d22a0bf93909f5030e905fa61,missing_coordinates
mercadolibre,MLM-3162430391,https://casa.mercadolibre.com.mx/MLM-3162430391-casa-nueva-en-venta-en-fracc-brisas-de-cuernavaca-temixco-morelos-_JM,8500000.0,MXN,casa,residential,340.0,400.0,4,6.0,6,,21250.0,,8M-12M,,,18.8489937,-99.2203112,medium,Morelos,Temixco,Brisas,,,0142,approximate_coordinate,1750.0,558.0,2464.4562809328013,785.8094884345732,0.53584229390681,0.7347670250896058,11.22,0.972193614830072,330,883,144,401,45,111,16,60,9,25,8,23,7,13,B,mercadolibre|8500000.0|temixco|brisas|340.0|400.0|4.0|6.0,1187962b4d9d8e9c1f2cb7f5b31772809ae9304a,missing_coordinates
mercadolibre,MLM-2858219567,https://casa.mercadolibre.com.mx/MLM-2858219567-casa-en-venta-paraiso-country-club-_JM,8700000.0,MXN,casa,residential,508.0,447.0,4,3.0,3,,19463.09,,8M-12M,,,18.83995,-99.1870274,medium,Morelos,Emiliano Zapata,Emiliano Zapata,,,0038,approximate_coordinate,4664.0,1272.0,11925.068484559137,3252.2914048797647,0.2940251572327044,0.5345911949685535,9.3,0.9810126582278481,788,1784,414,892,76,207,33,62,17,30,6,12,13,23,B,mercadolibre|8700000.0|emiliano zapata|emiliano zapata|508.0|447.0|4.0|3.0,2a6fd01cbafba1ef733f6e0cf000b9bd9f64d127,missing_coordinates
mercadolibre,MLM-4761612978,https://casa.mercadolibre.com.mx/MLM-4761612978-casa-en-venta-en-lomas-de-cortes-_JM,8890000.0,MXN,casa,residential,604.0,506.0,4,4.0,4,,17569.17,,8M-12M,,,18.9525186,-99.2248233,medium,Morelos,Cuernavaca,Lomas De Cortes,,,0717,approximate_coordinate,4653.0,1465.0,6525.631889820488,2054.5993377577943,0.6621160409556314,0.8552901023890785,12.51,0.9622166246851386,266,1045,86,372,46,175,14,66,15,39,4,10,10,36,B,mercadolibre|8890000.0|cuernavaca|lomas de cortes|604.0|506.0|4.0|4.0,aafaae4cf239885f7d20a4f240c43af96f3486d4,missing_coordinates
mercadolibre,MLM-3168987851,https://casa.mercadolibre.com.mx/MLM-3168987851-casa-en-venta-con-alberca-_JM,8950000.0,MXN,casa,residential,1167.0,467.0,2,6.0,6,,19164.88,,8M-12M,,,18.8000657,-99.2051583,medium,Morelos,Emiliano Zapata,Real De Tezoyuca,,,0381,approximate_coordinate,25.0,9.0,348.2701037248519,125.37723734094666,0.4444444444444444,0.8888888888888888,12.11,1.0,14,249,3,109,5,35,0,9,0,2,0,1,0,6,B,mercadolibre|8950000.0|emiliano zapata|real de tezoyuca|1167.0|467.0|2.0|6.0,b9aec8c05cc5ae8125a217acf9d1430903da72b3,missing_coordinates
mercadolibre,MLM-5759035018,https://departamento.mercadolibre.com.mx/MLM-5759035018-departamento-en-venta-en-morelos-_JM,896000.0,MXN,departamento,residential,42.0,42.0,3,2.0,1,,21333.33,,<1M,,,18.83995,-99.1870274,medium,Morelos,Emiliano Zapata,Emiliano Zapata,,,0038,approximate_coordinate,4664.0,1272.0,11925.068484559137,3252.2914048797647,0.2940251572327044,0.5345911949685535,9.3,0.9810126582278481,788,1784,414,892,76,207,33,62,17,30,6,12,13,23,B,mercadolibre|896000.0|emiliano zapata|emiliano zapata|42.0|42.0|3.0|2.0,855768c812e63aac6268f278445632c01f2bfb12,"missing_coordinates,same_land_and_construction_area"
mercadolibre,MLM-3233369615,https://casa.mercadolibre.com.mx/MLM-3233369615-casa-de-un-nivel-con-amplio-terreno-y-alberca-en-cuernavaca-morelos-_JM,9300000.0,MXN,casa,residential,1353.0,415.0,3,4.0,4,,22409.64,,8M-12M,,,18.8818829,-99.1617436,medium,Morelos,Jiutepec,Pedregal De Las Fuentes,,,0230,approximate_coordinate,1506.0,513.0,2126.9645529782256,724.5237819905907,0.7875243664717348,0.9083820662768031,13.56,0.9685610640870617,34,514,10,223,5,70,0,22,4,17,0,1,0,7,B,mercadolibre|9300000.0|jiutepec|pedregal de las fuentes|1353.0|415.0|3.0|4.0,537cadd160b7759f552577a534e002d8ed279706,missing_coordinates
mercadolibre,MLM-2988240457,https://casa.mercadolibre.com.mx/MLM-2988240457-casa-en-venta-en-lomas-de-cocoyoc-_JM,9400000.0,MXN,casa,residential,498.0,238.0,3,3.0,3,,39495.8,,8M-12M,,,18.913685,-98.9455121,medium,Morelos,Atlatlahucan,Lomas De Cocoyoc,,,0138,approximate_coordinate,973.0,397.0,335.65998876705885,136.9547950056756,0.924433249370277,0.9420654911838791,14.18,0.972568578553616,46,49,16,16,15,15,1,1,0,1,0,0,0,0,B,mercadolibre|9400000.0|atlatlahucan|lomas de cocoyoc|498.0|238.0|3.0|3.0,c882c597d1e9f2a6789555fc59e2919582f6160c,missing_coordinates
mercadolibre,MLM-5029737738,https://departamento.mercadolibre.com.mx/MLM-5029737738-penthouse-en-venta-residencial-averanda-cuernavaca-morelos-_JM,9500000.0,MXN,departamento,residential,187.0,187.0,5,2.0,2,,50802.14,,8M-12M,,,18.932038,-99.1970684,medium,Morelos,Cuernavaca,Villas Del Lago,,,0609,approximate_coordinate,1340.0,411.0,1591.5286222621496,488.14795802219663,0.6447688564476886,0.7883211678832117,12.03,0.9624819624819625,379,1303,179,575,66,226,11,46,8,33,8,14,4,22,B,mercadolibre|9500000.0|cuernavaca|villas del lago|187.0|187.0|5.0|2.0,5b83f9a0a7a6d6e73193f235f1c804864a307144,"missing_coordinates,same_land_and_construction_area"
mercadolibre,MLM-3331641737,https://casa.mercadolibre.com.mx/MLM-3331641737-casa-en-venta-en-lomas-de-cocoyoc-_JM,9600000.0,MXN,casa,residential,1007.0,330.0,4,3.0,3,,29090.91,,8M-12M,,,18.913685,-98.9455121,medium,Morelos,Atlatlahucan,Lomas De Cocoyoc,,,0138,approximate_coordinate,973.0,397.0,335.65998876705885,136.9547950056756,0.924433249370277,0.9420654911838791,14.18,0.972568578553616,46,49,16,16,15,15,1,1,0,1,0,0,0,0,B,mercadolibre|9600000.0|atlatlahucan|lomas de cocoyoc|1007.0|330.0|4.0|3.0,cb3d9bc6decc29658eaecf2260760721b4a4c48a,missing_coordinates
mercadolibre,MLM-3233322599,https://casa.mercadolibre.com.mx/MLM-3233322599-oportunidad-casa-en-buen-estado-a-precio-de-terreno-en-vista-hermosa-cuernavaca-_JM,9885000.0,MXN,casa,residential,998.0,392.0,2,3.0,3,,25216.84,,8M-12M,,,18.9321537,-99.2212056,medium,Morelos,Cuernavaca,Vista Hermosa,,,0187,approximate_coordinate,630.0,227.0,1278.5954112765228,460.70025136471537,0.7929515418502202,0.9030837004405287,13.55,0.9970501474926253,426,1565,67,519,78,237,126,195,15,47,16,55,16,61,B,mercadolibre|9885000.0|cuernavaca|vista hermosa|998.0|392.0|2.0|3.0,eaddb7ba0c6cc2a16db30b4b35f91ed4b7bdbdab,missing_coordinates
mercadolibre,MLM-5991350540,https://casa.mercadolibre.com.mx/MLM-5991350540-venta-de-casa-en-condominio-en-oacalco-yautepec--_JM,990000.0,MXN,casa,residential,54.0,54.0,2,2.0,1,,18333.33,,<1M,,,18.9231041,-99.029846,medium,Morelos,Yautepec,Oacalco,,,0998,approximate_coordinate,1525.0,464.0,2251.084906966465,684.9202602179932,0.375,0.48060344827586204,10.06,0.9882198952879581,183,199,76,82,36,37,6,6,7,7,0,0,2,3,B,mercadolibre|990000.0|yautepec|oacalco|54.0|54.0|2.0|2.0,0cef0f217641602edba7fee02bf3a172feda7794,"missing_coordinates,same_land_and_construction_area"
mercadolibre,MLM-3002649895,https://departamento.mercadolibre.com.mx/MLM-3002649895-depto-en-condominio-vista-bela-con-alberca-a-10-min-de-blv-_JM,995000.0,MXN,departamento,residential,60.0,60.0,2,2.0,1,,16583.33,,<1M,,,18.8820463,-99.1451162,medium,Morelos,Jiutepec,Progreso,,,0067,approximate_coordinate,3675.0,1094.0,3309.5309493047475,985.2045873576582,0.5246800731261426,0.6709323583180987,10.74,0.969558599695586,123,616,49,295,14,67,4,17,4,13,0,0,1,2,B,mercadolibre|995000.0|jiutepec|progreso|60.0|60.0|2.0|2.0,5843cd601bf7b799c34d42bfd21bbc1e2a21e732,"missing_coordinates,same_land_and_construction_area"
