source,source_id,url,price,currency,property_type,land_area_m2,construction_area_m2,bedrooms,bathrooms,parking_spaces,age_years,price_per_construction_m2,price_per_land_m2,latitude,longitude,coordinate_quality,state,municipality,neighborhood,postal_code,street,inegi_cve_ageb,ageb_assignment_quality,population,occupied_housing,population_density,housing_density,car_ownership_ratio,internet_access_ratio,average_schooling,employment_ratio,establishments_500m,establishments_1km,retail_500m,retail_1km,restaurants_hotels_500m,restaurants_hotels_1km,health_500m,health_1km,education_500m,education_1km,financial_500m,financial_1km,professional_services_500m,professional_services_1km,training_readiness,market_segment,price_band,quality_flags
mercadolibre,MLM-2388867743,https://terreno.mercadolibre.com.mx/MLM-2388867743-terreno-en-venta-en-lomas-de-cocoyoc-atlatlahucan-morelos-_JM,4123000.0,MXN,terreno,665.0,,,,,,,6200.0,,,medium,Morelos,Atlatlahucan,Lomas De Cocoyoc,,,0138,approximate_coordinate,973.0,397.0,335.65998876705885,136.9547950056756,0.924433249370277,0.9420654911838791,14.18,0.972568578553616,46,49,16,16,15,15,1,1,0,1,0,0,0,0,B,land,3M-5M,"missing_construction_area,missing_coordinates"
mercadolibre,MLM-2776122689,https://terreno.mercadolibre.com.mx/MLM-2776122689-terrenos-en-cuautla-morelos-escrituras-publicas-exelente-ubicacion-privacidad-entrada-pavimentadaa-unos-minutos-del-vips-cuautla-oportunidad-_JM,1138000.0,MXN,terreno,207.0,,,,,,,5497.58,,,medium,Morelos,Cuautla,Centro,,,0832,approximate_coordinate,4782.0,1262.0,4120.9850493128815,1087.553979973412,0.3795562599049128,0.47385103011093505,9.02,0.9799054373522459,203,580,92,274,35,93,4,11,6,15,0,0,0,2,B,land,1M-2M,"missing_construction_area,missing_coordinates"
mercadolibre,MLM-2751879805,https://departamento.mercadolibre.com.mx/MLM-2751879805-oportunidad-unica-en-yautepec-departamento-en-venta-ideal-para-inversion-o-disfrute-propio-ubicacion-cuautla-morelos-caracteristicas-2-habitaciones2-bano-sala-y-comedor-cocina-amenidad-_JM,1300000.0,MXN,departamento,80.0,80.0,2,2.0,2,,16250.0,,,,medium,Morelos,Yautepec,Centro,,,0108,approximate_coordinate,1976.0,603.0,1985.85527835229,606.0074558939427,0.48258706467661694,0.6252072968490879,10.5,0.973172987974098,584,713,229,280,169,198,26,31,3,7,3,3,17,17,B,residential,1M-2M,"missing_coordinates,same_land_and_construction_area"
mercadolibre,MLM-2365104551,https://terreno.mercadolibre.com.mx/MLM-2365104551-lindo-terreno-plano-y-centrico-_JM,8190000.0,MXN,terreno,2925.0,,,,,,,2800.0,,,medium,Morelos,Jiutepec,Tlahuapan,,,1065,approximate_coordinate,4717.0,1441.0,8162.233260786099,2493.4869893561095,0.5905621096460791,0.7925052047189451,12.08,0.9761336515513126,308,1401,139,592,40,187,8,80,7,34,3,8,10,33,B,land,8M-12M,"missing_construction_area,missing_coordinates"
mercadolibre,MLM-5229659346,https://departamento.mercadolibre.com.mx/MLM-5229659346-departamento-planta-baja-economico-_JM,550000.0,MXN,departamento,60.0,50.0,2,2.0,1,,11000.0,,,,unusable,Morelos,Xochitepec,,,,,unusable,,,,,,,,,,,,,,,,,,,,,,,E,residential,<1M,missing_coordinates
mercadolibre,MLM-5793824378,https://departamento.mercadolibre.com.mx/MLM-5793824378-departamento-en-venta-en-fraccionamiento-paraiso-country-club-emiliano-zapata-morelos-_JM,4900000.0,MXN,departamento,,135.0,0,2.0,2,,36296.3,,,,medium,Morelos,Emiliano Zapata,Paraíso Country Club,,,,unusable,,,,,,,,,0,36,0,18,0,2,0,2,0,3,0,0,0,0,D,residential,3M-5M,"missing_coordinates,missing_land_area"
mercadolibre,MLM-5229660244,https://departamento.mercadolibre.com.mx/MLM-5229660244-departamento-con-alberca-en-temixco-_JM,680000.0,MXN,departamento,45.0,45.0,2,2.0,1,,15111.11,,,,medium,Morelos,Temixco,Lauro Ortega,,,0689,approximate_coordinate,2450.0,640.0,4660.181968652193,1217.3536571173076,0.30625,0.5265625,8.1,0.9854838709677419,147,502,69,260,18,57,2,14,1,6,0,0,2,9,B,residential,<1M,"missing_coordinates,same_land_and_construction_area"
mercadolibre,MLM-5364495494,https://terreno.mercadolibre.com.mx/MLM-5364495494-terreno-en-venta-en-islas-de-cuautla-con-conexion-a-servicios-_JM,810000.0,MXN,terreno,838.0,,,,,,,966.59,,,unusable,Morelos,Ayala,Islas de Cuautla,,,,unusable,,,,,,,,,,,,,,,,,,,,,,,E,land,<1M,"missing_construction_area,missing_coordinates"
mercadolibre,MLM-4978106948,https://departamento.mercadolibre.com.mx/MLM-4978106948-departamento-en-lomas-de-cortes-_JM,4500000.0,MXN,departamento,370.0,157.0,3,3.0,3,,28662.42,,,,medium,Morelos,Cuernavaca,Lomas De Cortes,,,0717,approximate_coordinate,4653.0,1465.0,6525.631889820488,2054.5993377577943,0.6621160409556314,0.8552901023890785,12.51,0.9622166246851386,266,1045,86,372,46,175,14,66,15,39,4,10,10,36,B,residential,3M-5M,missing_coordinates
mercadolibre,MLM-3204719438,https://terreno.mercadolibre.com.mx/MLM-3204719438-terreno-en-venta-atlatlahucan-morelos-_JM,4600000.0,MXN,terreno,1500.0,,,,,,,3066.67,,,low,Morelos,Atlatlahucan,Atlatlahucan,,,,unusable,,,,,,,,,,,,,,,,,,,,,,,E,land,3M-5M,"missing_construction_area,missing_coordinates"
mercadolibre,MLM-5598242574,https://terreno.mercadolibre.com.mx/MLM-5598242574-terreno-en-cuautla-morelos-oportunidad-_JM,6300000.0,MXN,terreno,,,,,,,,,,,unusable,Morelos,Cuautla,Otra Colonia,,,,unusable,,,,,,,,,,,,,,,,,,,,,,,E,land,5M-8M,"missing_construction_area,missing_coordinates,missing_land_area"
mercadolibre,MLM-2999749059,https://departamento.mercadolibre.com.mx/MLM-2999749059-autepec-departamento-3er-nivel-con-cocina-integral-solo-6-_JM,650000.0,MXN,departamento,65.0,56.0,2,2.0,1,,11607.14,,,,unusable,Morelos,Yautepec,,,,,unusable,,,,,,,,,,,,,,,,,,,,,,,E,residential,<1M,missing_coordinates
mercadolibre,MLM-2290406617,https://terreno.mercadolibre.com.mx/MLM-2290406617-excelente-terreno-centrico-en-jiutepec-_JM,8190000.0,MXN,terreno,2925.0,,,,,,,2800.0,,,unusable,Morelos,Jiutepec,Ampliación Bugambilias,,,,unusable,,,,,,,,,,,,,,,,,,,,,,,E,land,8M-12M,"missing_construction_area,missing_coordinates"
mercadolibre,MLM-5110450108,https://departamento.mercadolibre.com.mx/MLM-5110450108-departamento-colinas-de-santa-fe-_JM,2050000.0,MXN,departamento,10.0,10.0,3,1.0,1,,205000.0,,,,medium,Morelos,Xochitepec,Colinas de Santa Fe,,,,unusable,,,,,,,,,3,132,1,56,1,25,0,3,0,3,0,0,0,3,D,residential,2M-3M,"missing_coordinates,same_land_and_construction_area,suspicious_price_m2,suspicious_price_per_construction_m2"
mercadolibre,MLM-3183699711,https://departamento.mercadolibre.com.mx/MLM-3183699711-departamento-en-venta-en-paraiso-country-club-emiliano-zapata-morelos-_JM,4830000.0,MXN,departamento,,150.0,0,2.0,2,,32200.0,,,,medium,Morelos,Emiliano Zapata,Paraíso Country Club,,,,unusable,,,,,,,,,0,36,0,18,0,2,0,2,0,3,0,0,0,0,D,residential,3M-5M,"missing_coordinates,missing_land_area"
mercadolibre,MLM-2806685857,https://departamento.mercadolibre.com.mx/MLM-2806685857-departamento-en-venta-en-junto-al-rio-cuernavaca-_JM,3500000.0,MXN,departamento,149.0,149.0,3,3.0,3,,23489.93,,,,medium,Morelos,Temixco,Lomas De Cuernavaca,,,,unusable,,,,,,,,,6,183,4,68,0,34,0,13,1,2,0,4,0,4,D,residential,3M-5M,"missing_coordinates,same_land_and_construction_area"
mercadolibre,MLM-5364057646,https://terreno.mercadolibre.com.mx/MLM-5364057646-terreno-en-venta-en-citlalin-con-conexion-a-servicios-_JM,660000.0,MXN,terreno,780.0,,,,,,,846.15,,,unusable,Morelos,Ayala,Citlalli,,,,unusable,,,,,,,,,,,,,,,,,,,,,,,E,land,<1M,"missing_construction_area,missing_coordinates"
mercadolibre,MLM-4777818700,https://departamento.mercadolibre.com.mx/MLM-4777818700-departamento-en-venta-en-lomas-de-cortes-_JM,4400000.0,MXN,departamento,,156.0,0,2.0,2,,28205.13,,,,medium,Morelos,Cuernavaca,Lomas De Cortes,,,0717,approximate_coordinate,4653.0,1465.0,6525.631889820488,2054.5993377577943,0.6621160409556314,0.8552901023890785,12.51,0.9622166246851386,266,1045,86,372,46,175,14,66,15,39,4,10,10,36,B,residential,3M-5M,"missing_coordinates,missing_land_area"
mercadolibre,MLM-2425473975,https://terreno.mercadolibre.com.mx/MLM-2425473975-terreno-en-venta-en-lomas-de-cocoyoc-atlatlahucan-morelos-_JM,3942000.0,MXN,terreno,657.0,,,,,,,6000.0,,,medium,Morelos,Atlatlahucan,Lomas De Cocoyoc,,,0138,approximate_coordinate,973.0,397.0,335.65998876705885,136.9547950056756,0.924433249370277,0.9420654911838791,14.18,0.972568578553616,46,49,16,16,15,15,1,1,0,1,0,0,0,0,B,land,3M-5M,"missing_construction_area,missing_coordinates"
mercadolibre,MLM-2476985817,https://terreno.mercadolibre.com.mx/MLM-2476985817-terreno-urbano-en-morelos-cuautla-morelos-_JM,78637208.0,MXN,terreno,121541.0,,,,,,,647.0,,,low,Morelos,Cuautla,Morelos,,,,unusable,,,,,,,,,,,,,,,,,,,,,,,E,land,>20M,"missing_construction_area,missing_coordinates,suspicious_land_area"
mercadolibre,MLM-2800604071,https://departamento.mercadolibre.com.mx/MLM-2800604071-departamento-en-venta-en-cocoyoc-morelos-_JM,1950000.0,MXN,departamento,154.0,154.0,4,3.0,1,,12662.34,,,,medium,Morelos,Yautepec,Cocoyoc,,,0201,approximate_coordinate,4208.0,1234.0,3679.966722951729,1079.1537395728217,0.38006482982171796,0.5380875202593193,9.52,0.9859034600598034,288,527,142,263,41,84,8,16,4,15,0,0,3,4,B,residential,1M-2M,"missing_coordinates,same_land_and_construction_area"
mercadolibre,MLM-2505795545,https://terreno.mercadolibre.com.mx/MLM-2505795545-terreno-urbano-en-centro-jiutepec-jiutepec-morelos-_JM,16000000.0,MXN,terreno,9550.0,,,,,,,1675.39,,,medium,Morelos,Jiutepec,Centro Jiutepec,,,1084,approximate_coordinate,2129.0,704.0,6005.284940640889,1985.7776412452727,0.5710227272727273,0.8181818181818182,12.54,0.9747211895910781,545,1899,218,865,75,232,27,74,32,49,12,16,9,29,B,land,12M-20M,"missing_construction_area,missing_coordinates"
mercadolibre,MLM-5229559666,https://departamento.mercadolibre.com.mx/MLM-5229559666-departamento-duplex-en-venta-cumbres-del-campestre-xochite-_JM,560000.0,MXN,departamento,81.0,53.0,2,2.0,1,,10566.04,,,,medium,Morelos,Xochitepec,Lázaro Cárdenas,,,0384,approximate_coordinate,3215.0,875.0,1648.7768340122786,448.733975042222,0.42514285714285716,0.5222857142857142,9.62,0.9790794979079498,79,231,28,92,22,58,6,12,5,5,0,0,0,3,B,residential,<1M,missing_coordinates
mercadolibre,MLM-5793568720,https://departamento.mercadolibre.com.mx/MLM-5793568720-departamento-en-venta-lomas-de-san-francisco-emiliano-zapata-cuernavaca-morelos-_JM,1300000.0,MXN,departamento,,71.0,0,2.0,2,,18309.86,,,,medium,Morelos,Emiliano Zapata,San Francisco,,,0343,approximate_coordinate,5558.0,1669.0,5916.1311453321605,1776.5424400070847,0.4793289394847214,0.658478130617136,11.06,0.9792027729636048,117,327,60,160,20,38,0,3,3,14,0,1,2,5,B,residential,1M-2M,"missing_coordinates,missing_land_area"
mercadolibre,MLM-2973734863,https://departamento.mercadolibre.com.mx/MLM-2973734863-en-venta-departamento-colinas-del-altar-temixco-morelos-_JM,619000.0,MXN,departamento,10.0,42.0,2,2.0,1,,14738.1,,,,unusable,Morelos,Temixco,Temixco Centro,,,,unusable,,,,,,,,,,,,,,,,,,,,,,,E,residential,<1M,"missing_coordinates,suspicious_surface_pair"
mercadolibre,MLM-5369176782,https://terreno.mercadolibre.com.mx/MLM-5369176782-terreno-en-venta-en-parque-industrial-ideal-para-inversion-_JM,323000000.0,MXN,terreno,,,,,,,,,,,unusable,Morelos,Ayala,Parque Industrial Cuautla,,,,unusable,,,,,,,,,,,,,,,,,,,,,,,E,land,>20M,"missing_construction_area,missing_coordinates,missing_land_area"
mercadolibre,MLM-5768781800,https://departamento.mercadolibre.com.mx/MLM-5768781800-departamentos-en-preventa-con-amenidades-en-lomas-de-la-selva-cuernavaca-_JM,3221720.0,MXN,departamento,100.0,100.0,3,2.0,2,,32217.2,,,,unusable,Morelos,Cuernavaca,,,,,unusable,,,,,,,,,,,,,,,,,,,,,,,E,residential,3M-5M,"missing_coordinates,same_land_and_construction_area"
mercadolibre,MLM-2425396293,https://terreno.mercadolibre.com.mx/MLM-2425396293-terreno-en-venta-en-lomas-de-cocoyoc-_JM,2345000.0,MXN,terreno,350.0,,,,,,,6700.0,,,medium,Morelos,Atlatlahucan,Lomas De Cocoyoc,,,0138,approximate_coordinate,973.0,397.0,335.65998876705885,136.9547950056756,0.924433249370277,0.9420654911838791,14.18,0.972568578553616,46,49,16,16,15,15,1,1,0,1,0,0,0,0,B,land,2M-3M,"missing_construction_area,missing_coordinates"
mercadolibre,MLM-2718563093,https://terreno.mercadolibre.com.mx/MLM-2718563093-terreno-en-venta-km-27-libramiento-cuernavaca-cuautla-yautepec-morelos-_JM,2000000.0,MXN,terreno,632.0,,,,,,,3164.56,,,medium,Morelos,Cuautla,Miguel Hidalgo,,,0620,approximate_coordinate,3394.0,977.0,6289.341047804352,1810.4555697421483,0.3541453428863869,0.5721596724667349,9.92,0.9731653888280394,282,1297,97,523,47,200,14,83,15,43,1,18,4,21,B,land,2M-3M,"missing_construction_area,missing_coordinates"
mercadolibre,MLM-5218000456,https://departamento.mercadolibre.com.mx/MLM-5218000456-departamento-en-venta-en-cascadas-de-cocoyoc-3-recamaras-y-balcon-_JM,2600000.0,MXN,departamento,,100.74,3,2.0,2,,25809.01,,,,medium,Morelos,Yautepec,Real de Oaxtepec,,,0409,approximate_coordinate,288.0,100.0,353.56376816215766,122.76519727852695,0.83,0.79,11.66,0.9645390070921985,2,44,1,12,0,11,0,2,0,0,0,0,0,0,B,residential,2M-3M,"missing_coordinates,missing_land_area"
mercadolibre,MLM-2309651041,https://terreno.mercadolibre.com.mx/MLM-2309651041-magnifico-terreno-comercial-_JM,20776000.0,MXN,terreno,5936.0,,,,,,,3500.0,,,medium,Morelos,Jiutepec,José López Portillo,,,0508,approximate_coordinate,2157.0,558.0,4947.192618875219,1279.8022630191804,0.3924731182795699,0.5340501792114696,9.2,0.9669117647058824,89,486,30,222,7,61,2,13,2,16,0,1,2,6,B,land,>20M,"missing_construction_area,missing_coordinates"
mercadolibre,MLM-3081297101,https://departamento.mercadolibre.com.mx/MLM-3081297101-departamento-en-venta-con-3-recamaras-por-el-club-de-golf-santa-fe-xochitepec-morelos-_JM,1990000.0,MXN,departamento,89.0,89.0,3,2.0,2,,22359.55,,,,unusable,Morelos,Xochitepec,,,,,unusable,,,,,,,,,,,,,,,,,,,,,,,E,residential,1M-2M,"missing_coordinates,same_land_and_construction_area"
mercadolibre,MLM-3262786539,https://departamento.mercadolibre.com.mx/MLM-3262786539-departamento-en-venta-en-emiliano-zapata-morelos-_JM,1192000.0,MXN,departamento,71.0,71.0,3,2.0,1,,16788.73,,,,medium,Morelos,Emiliano Zapata,Emiliano Zapata,,,0038,approximate_coordinate,4664.0,1272.0,11925.068484559137,3252.2914048797647,0.2940251572327044,0.5345911949685535,9.3,0.9810126582278481,788,1784,414,892,76,207,33,62,17,30,6,12,13,23,B,residential,1M-2M,"missing_coordinates,same_land_and_construction_area"
mercadolibre,MLM-5228900708,https://departamento.mercadolibre.com.mx/MLM-5228900708-departamento-en-venta-en-fracccionamiento-junto-al-rio-_JM,3700000.0,MXN,departamento,333.0,149.0,3,3.0,1,,24832.21,,,,unusable,Morelos,Temixco,,,,,unusable,,,,,,,,,,,,,,,,,,,,,,,E,residential,3M-5M,missing_coordinates
mercadolibre,MLM-5953442436,https://terreno.mercadolibre.com.mx/MLM-5953442436-venta-terreno-0-ambiente-paraiso-tlahuica-_JM,750000.0,MXN,terreno,510.0,,,,,,,1470.59,,,unusable,Morelos,Ayala,Paraíso Tlahuica,,,,unusable,,,,,,,,,,,,,,,,,,,,,,,E,land,<1M,"missing_construction_area,missing_coordinates"
mercadolibre,MLM-5252272280,https://departamento.mercadolibre.com.mx/MLM-5252272280-departamento-en-planta-baja-2-recamaras-y-1-bano-en-ahuatlan-_JM,1745000.0,MXN,departamento,71.0,71.0,2,2.0,1,,24577.46,,,,medium,Morelos,Cuernavaca,Ahuatlan Tzompantle,,,051A,approximate_coordinate,6076.0,1649.0,2685.5540217268144,728.8476928616716,0.4329896907216495,0.6300788356579745,10.09,0.9791542584871947,213,535,113,295,30,66,8,16,1,12,1,1,2,10,B,residential,1M-2M,"missing_coordinates,same_land_and_construction_area"
mercadolibre,MLM-2425410073,https://terreno.mercadolibre.com.mx/MLM-2425410073-terreno-en-venta-lomas-de-cocoyoc-_JM,3282000.0,MXN,terreno,,,,,,,,,,,unusable,Morelos,Atlatlahucan,Lomas De Cocoyoc,,,,unusable,,,,,,,,,,,,,,,,,,,,,,,E,land,3M-5M,"missing_construction_area,missing_coordinates,missing_land_area"
mercadolibre,MLM-3240650217,https://terreno.mercadolibre.com.mx/MLM-3240650217-venta-de-terreno-en-tetelcingo-cuautla-mor-_JM,7000000.0,MXN,terreno,1000.0,,,,,,,7000.0,,,medium,Morelos,Cuautla,Tetelcingo,,,0832,approximate_coordinate,4782.0,1262.0,4120.9850493128815,1087.553979973412,0.3795562599049128,0.47385103011093505,9.02,0.9799054373522459,52,370,33,196,8,70,1,2,2,4,1,3,0,1,B,land,5M-8M,"missing_construction_area,missing_coordinates"
mercadolibre,MLM-5439147296,https://departamento.mercadolibre.com.mx/MLM-5439147296-departamento-unidad-san-carlos-yautepec-_JM,660000.0,MXN,departamento,56.0,65.0,2,2.0,1,,10153.85,,,,unusable,Morelos,Yautepec,,,,,unusable,,,,,,,,,,,,,,,,,,,,,,,E,residential,<1M,missing_coordinates
mercadolibre,MLM-2605315741,https://terreno.mercadolibre.com.mx/MLM-2605315741-terreno-plano-jiutepec-morelos-_JM,8190000.0,MXN,terreno,2925.0,,,,,,,2800.0,,,medium,Morelos,Jiutepec,Tlahuapan,,,1065,approximate_coordinate,4717.0,1441.0,8162.233260786099,2493.4869893561095,0.5905621096460791,0.7925052047189451,12.08,0.9761336515513126,308,1401,139,592,40,187,8,80,7,34,3,8,10,33,B,land,8M-12M,"missing_construction_area,missing_coordinates"
mercadolibre,MLM-3081322869,https://departamento.mercadolibre.com.mx/MLM-3081322869-departamento-en-venta-con-3-recamaras-por-el-club-de-golf-santa-fe-xochitepec-morelos-_JM,1990000.0,MXN,departamento,89.0,89.0,3,2.0,2,,22359.55,,,,unusable,Morelos,Xochitepec,,,,,unusable,,,,,,,,,,,,,,,,,,,,,,,E,residential,1M-2M,"missing_coordinates,same_land_and_construction_area"
mercadolibre,MLM-5758912546,https://departamento.mercadolibre.com.mx/MLM-5758912546-departamento-en-venta-en-morelos-_JM,1092000.0,MXN,departamento,71.0,71.0,3,2.0,1,,15380.28,,,,medium,Morelos,Emiliano Zapata,Emiliano Zapata,,,0038,approximate_coordinate,4664.0,1272.0,11925.068484559137,3252.2914048797647,0.2940251572327044,0.5345911949685535,9.3,0.9810126582278481,788,1784,414,892,76,207,33,62,17,30,6,12,13,23,B,residential,1M-2M,"missing_coordinates,same_land_and_construction_area"
mercadolibre,MLM-5041862982,https://departamento.mercadolibre.com.mx/MLM-5041862982-rancho-en-venta-en-cuantepec-_JM,7500000.0,MXN,departamento,19318.0,19318.0,2,2.0,2,,388.24,,,,low,Morelos,Temixco,Cuentepec,,,,unusable,,,,,,,,,,,,,,,,,,,,,,,E,residential,5M-8M,"missing_coordinates,same_land_and_construction_area,suspicious_construction_area,suspicious_price_m2,suspicious_price_per_construction_m2"
mercadolibre,MLM-5364447068,https://terreno.mercadolibre.com.mx/MLM-5364447068-terreno-en-venta-en-fracc-islas-de-cuautla-con-huerta-de-arboles-_JM,49505272.0,MXN,terreno,66007.0,400.0,,,,,123763.18,750.0,,,unusable,Morelos,Ayala,Fracc. Islas de Cuautla,,,,unusable,,,,,,,,,,,,,,,,,,,,,,,E,land,>20M,"missing_coordinates,suspicious_surface_pair"
mercadolibre,MLM-5029737738,https://departamento.mercadolibre.com.mx/MLM-5029737738-penthouse-en-venta-residencial-averanda-cuernavaca-morelos-_JM,9500000.0,MXN,departamento,187.0,187.0,5,2.0,2,,50802.14,,,,medium,Morelos,Cuernavaca,Villas Del Lago,,,0609,approximate_coordinate,1340.0,411.0,1591.5286222621496,488.14795802219663,0.6447688564476886,0.7883211678832117,12.03,0.9624819624819625,379,1303,179,575,66,226,11,46,8,33,8,14,4,22,B,residential,8M-12M,"missing_coordinates,same_land_and_construction_area"
mercadolibre,MLM-2711592527,https://terreno.mercadolibre.com.mx/MLM-2711592527-terreno-en-venta-lomas-de-cocoyoc-_JM,2600000.0,MXN,terreno,350.0,,,,,,,7428.57,,,medium,Morelos,Atlatlahucan,Lomas De Cocoyoc,,,0138,approximate_coordinate,973.0,397.0,335.65998876705885,136.9547950056756,0.924433249370277,0.9420654911838791,14.18,0.972568578553616,46,49,16,16,15,15,1,1,0,1,0,0,0,0,B,land,2M-3M,"missing_construction_area,missing_coordinates"
mercadolibre,MLM-5248474842,https://terreno.mercadolibre.com.mx/MLM-5248474842-terreno-en-venta-en-cuautl-morelos-_JM,6000000.0,MXN,terreno,1106.0,,2,,,,,5424.95,,,unusable,Morelos,Cuautla,,,,,unusable,,,,,,,,,,,,,,,,,,,,,,,E,land,5M-8M,"missing_construction_area,missing_coordinates"
mercadolibre,MLM-5158987186,https://departamento.mercadolibre.com.mx/MLM-5158987186-pre-venta-de-loft-oaxtepec-morelos-_JM,2830000.0,MXN,departamento,10.0,167.0,2,2.0,1,,16946.11,,,,medium,Morelos,Yautepec,Oaxtepec,,,0108,approximate_coordinate,1976.0,603.0,1985.85527835229,606.0074558939427,0.48258706467661694,0.6252072968490879,10.5,0.973172987974098,489,820,212,337,127,202,22,35,3,10,2,3,10,19,B,residential,2M-3M,"missing_coordinates,suspicious_surface_pair"
mercadolibre,MLM-2714460935,https://terreno.mercadolibre.com.mx/MLM-2714460935-buen-terreno-en-venta-jiutepecmorelos-pedregal-de-las-fuentes-_JM,5000000.0,MXN,terreno,1900.0,,,,,,,2631.58,,,medium,Morelos,Jiutepec,Pedregal De Las Fuentes,,,0230,approximate_coordinate,1506.0,513.0,2126.9645529782256,724.5237819905907,0.7875243664717348,0.9083820662768031,13.56,0.9685610640870617,34,514,10,223,5,70,0,22,4,17,0,1,0,7,B,land,5M-8M,"missing_construction_area,missing_coordinates"
mercadolibre,MLM-3081321717,https://departamento.mercadolibre.com.mx/MLM-3081321717-departamento-en-venta-con-3-recamaras-en-club-de-golf-santa-fe-a-15-minutos-de-cuernavaca-_JM,2094682.0,MXN,departamento,88.0,88.0,3,2.0,2,,23803.2,,,,unusable,Morelos,Xochitepec,,,,,unusable,,,,,,,,,,,,,,,,,,,,,,,E,residential,2M-3M,"missing_coordinates,same_land_and_construction_area"
mercadolibre,MLM-5759035018,https://departamento.mercadolibre.com.mx/MLM-5759035018-departamento-en-venta-en-morelos-_JM,896000.0,MXN,departamento,42.0,42.0,3,2.0,1,,21333.33,,,,medium,Morelos,Emiliano Zapata,Emiliano Zapata,,,0038,approximate_coordinate,4664.0,1272.0,11925.068484559137,3252.2914048797647,0.2940251572327044,0.5345911949685535,9.3,0.9810126582278481,788,1784,414,892,76,207,33,62,17,30,6,12,13,23,B,residential,<1M,"missing_coordinates,same_land_and_construction_area"
mercadolibre,MLM-5439156362,https://departamento.mercadolibre.com.mx/MLM-5439156362-departamento-con-roof-garden-preventa-_JM,2150000.0,MXN,departamento,120.0,62.0,2,2.0,2,,34677.42,,,,medium,Morelos,Temixco,Miguel Hidalgo,,,0496,approximate_coordinate,3345.0,1079.0,6252.677039313182,2016.932294594596,0.33271547729379053,0.5468025949953661,10.19,0.9728832318760376,483,1004,216,468,61,120,32,53,16,27,21,26,4,17,B,residential,2M-3M,missing_coordinates
mercadolibre,MLM-5586523012,https://terreno.mercadolibre.com.mx/MLM-5586523012-se-vende-terreno-_JM,750000.0,MXN,terreno,450.0,,,,,,,1666.67,,,unusable,Morelos,Ayala,Fracc. Paraiso,,,,unusable,,,,,,,,,,,,,,,,,,,,,,,E,land,<1M,"missing_construction_area,missing_coordinates"
mercadolibre,MLM-2943076973,https://departamento.mercadolibre.com.mx/MLM-2943076973-hermosos-departamentos-en-volcanes-_JM,3100000.0,MXN,departamento,130.0,130.0,3,2.0,2,,23846.15,,,,unusable,Morelos,Cuernavaca,Los Volcanes,,,,unusable,,,,,,,,,,,,,,,,,,,,,,,E,residential,3M-5M,"missing_coordinates,same_land_and_construction_area"
mercadolibre,MLM-2339663287,https://terreno.mercadolibre.com.mx/MLM-2339663287-renta-casa-en-cuautla-morelos-_JM,22000.0,MXN,casa,322.0,,4,4.0,,,,,,,low,Morelos,Atlatlahucan,Atlatlahucan,,,,unusable,,,,,,,,,,,,,,,,,,,,,,,E,residential,<1M,"missing_construction_area,missing_coordinates"
mercadolibre,MLM-5959078978,https://terreno.mercadolibre.com.mx/MLM-5959078978-tu-refugio-en-cuautla-terreno-de-708-m-en-brisas-_JM,3250000.0,MXN,terreno,708.0,,,,,,,4590.4,,,low,Morelos,Cuautla,Cuauhtémoc,,,,unusable,,,,,,,,,,,,,,,,,,,,,,,E,land,3M-5M,"missing_construction_area,missing_coordinates"
mercadolibre,MLM-5439221206,https://departamento.mercadolibre.com.mx/MLM-5439221206-en-venta-departamento-2r-y-alcoba-uh-san-carlos-yautepec-mor-_JM,660000.0,MXN,departamento,65.0,56.0,3,3.0,1,,11785.71,,,,unusable,Morelos,Yautepec,,,,,unusable,,,,,,,,,,,,,,,,,,,,,,,E,residential,<1M,missing_coordinates
mercadolibre,MLM-4777818686,https://terreno.mercadolibre.com.mx/MLM-4777818686-edificio-en-venta-en-centro-jiutepec-_JM,39500000.0,MXN,terreno,,,,,,,,,,,unusable,Morelos,Jiutepec,,,,,unusable,,,,,,,,,,,,,,,,,,,,,,,E,land,>20M,"missing_construction_area,missing_coordinates,missing_land_area"
mercadolibre,MLM-3081295701,https://departamento.mercadolibre.com.mx/MLM-3081295701-departamento-con-alberca-de-3-recamaras-en-venta-club-de-golf-santa-fe-al-sur-de-cuernavaca-morelos-_JM,2024050.0,MXN,departamento,88.0,88.0,3,2.0,2,,23000.57,,,,unusable,Morelos,Xochitepec,,,,,unusable,,,,,,,,,,,,,,,,,,,,,,,E,residential,2M-3M,"missing_coordinates,same_land_and_construction_area"
mercadolibre,MLM-2904775299,https://departamento.mercadolibre.com.mx/MLM-2904775299-departamento-en-venta-en-morelos-_JM,1142000.0,MXN,departamento,71.0,71.0,3,2.0,1,,16084.51,,,,medium,Morelos,Emiliano Zapata,Emiliano Zapata,,,0038,approximate_coordinate,4664.0,1272.0,11925.068484559137,3252.2914048797647,0.2940251572327044,0.5345911949685535,9.3,0.9810126582278481,788,1784,414,892,76,207,33,62,17,30,6,12,13,23,B,residential,1M-2M,"missing_coordinates,same_land_and_construction_area"
mercadolibre,MLM-5229647088,https://departamento.mercadolibre.com.mx/MLM-5229647088-departamento-oportunidad-a-credito-_JM,660000.0,MXN,departamento,60.0,45.0,2,2.0,1,,14666.67,,,,medium,Morelos,Temixco,Lauro Ortega,,,0689,approximate_coordinate,2450.0,640.0,4660.181968652193,1217.3536571173076,0.30625,0.5265625,8.1,0.9854838709677419,147,502,69,260,18,57,2,14,1,6,0,0,2,9,B,residential,<1M,missing_coordinates
mercadolibre,MLM-5832019542,https://terreno.mercadolibre.com.mx/MLM-5832019542-venta-terreno-tlayecac-ayala-morelos-_JM,38000000.0,MXN,terreno,45693.0,,,,,,,831.64,,,medium,Morelos,Ayala,Tlayecac,,,0043,approximate_coordinate,1614.0,459.0,4698.920401625593,1336.3100770422222,0.4684095860566449,0.45751633986928103,9.3,0.9942196531791907,104,160,48,70,14,25,2,3,4,6,0,0,1,1,B,land,>20M,"missing_construction_area,missing_coordinates"
mercadolibre,MLM-2973571541,https://departamento.mercadolibre.com.mx/MLM-2973571541-departamento-centrico-en-planta-baja-_JM,1480000.0,MXN,departamento,70.0,70.0,2,2.0,1,,21142.86,,,,medium,Morelos,Cuernavaca,La Pradera,,,012A,approximate_coordinate,4133.0,1476.0,2395.155084562358,855.371135933714,0.7018970189701897,0.8638211382113821,13.53,0.9696021457308895,269,1081,61,337,47,129,12,75,21,64,2,10,22,41,B,residential,1M-2M,"missing_coordinates,same_land_and_construction_area"
mercadolibre,MLM-2745738901,https://terreno.mercadolibre.com.mx/MLM-2745738901-se-vende-terreno-en-campo-de-golf-en-lomas-de-cocoyoc-_JM,4488000.0,MXN,terreno,660.0,,,,,,,6800.0,,,medium,Morelos,Atlatlahucan,Lomas De Cocoyoc,,,0138,approximate_coordinate,973.0,397.0,335.65998876705885,136.9547950056756,0.924433249370277,0.9420654911838791,14.18,0.972568578553616,46,49,16,16,15,15,1,1,0,1,0,0,0,0,B,land,3M-5M,"missing_construction_area,missing_coordinates"
mercadolibre,MLM-2811420647,https://terreno.mercadolibre.com.mx/MLM-2811420647-oportunidad-de-invertir-terreno-doble-frente-y-arboles-frutales-en-cuautla-morclave-6153-_JM,1150000.0,MXN,terreno,408.0,,3,,,,,2818.63,,,medium,Morelos,Cuautla,Hermenegildo Galeana,,,0476,approximate_coordinate,2592.0,802.0,6350.453763750154,1964.9166352344228,0.4077306733167082,0.6458852867830424,11.07,0.9784122562674095,497,1496,178,557,78,259,40,95,12,43,2,18,13,25,B,land,1M-2M,"missing_construction_area,missing_coordinates"
mercadolibre,MLM-3290173487,https://departamento.mercadolibre.com.mx/MLM-3290173487-venta-departamento-1-ambiente-amador-salazar-_JM,1300000.0,MXN,departamento,310.0,310.0,1,1.0,1,,4193.55,,,,medium,Morelos,Yautepec,Amador Salazar,,,0540,approximate_coordinate,1938.0,535.0,5015.249973501096,1384.4988316940592,0.3364485981308411,0.48411214953271026,8.72,0.9775280898876404,198,779,92,395,15,71,7,24,4,22,0,1,2,6,B,residential,1M-2M,"missing_coordinates,same_land_and_construction_area"
mercadolibre,MLM-4978168416,https://terreno.mercadolibre.com.mx/MLM-4978168416-terreno-en-venta-con-seguridad-en-lomas-de-jiutepec-_JM,3000000.0,MXN,terreno,909.0,,,,,,,3300.33,,,unusable,Morelos,Jiutepec,Residencial Lomas de Jiutepec,,,,unusable,,,,,,,,,,,,,,,,,,,,,,,E,land,3M-5M,"missing_construction_area,missing_coordinates"
mercadolibre,MLM-3081296059,https://departamento.mercadolibre.com.mx/MLM-3081296059-departamento-en-venta-2-recamaras-club-de-golf-santa-fe-xochitepec-_JM,1904050.0,MXN,departamento,88.0,88.0,2,2.0,2,,21636.93,,,,unusable,Morelos,Xochitepec,,,,,unusable,,,,,,,,,,,,,,,,,,,,,,,E,residential,1M-2M,"missing_coordinates,same_land_and_construction_area"
mercadolibre,MLM-5992386916,https://departamento.mercadolibre.com.mx/MLM-5992386916-departamento-en-venta-en-fraccionamiento-paraiso-country-club-emiliano-zapata-morelos-_JM,4500000.0,MXN,departamento,,143.0,0,2.0,2,,31468.53,,,,medium,Morelos,Emiliano Zapata,Paraíso Country Club,,,,unusable,,,,,,,,,0,36,0,18,0,2,0,2,0,3,0,0,0,0,D,residential,3M-5M,"missing_coordinates,missing_land_area"
mercadolibre,MLM-5229559646,https://departamento.mercadolibre.com.mx/MLM-5229559646-departamento-con-alberca-en-campo-verde-temixco-_JM,680000.0,MXN,departamento,42.0,42.0,2,2.0,1,,16190.48,,,,unusable,Morelos,Temixco,,,,,unusable,,,,,,,,,,,,,,,,,,,,,,,E,residential,<1M,"missing_coordinates,same_land_and_construction_area"
mercadolibre,MLM-3254951645,https://terreno.mercadolibre.com.mx/MLM-3254951645-venta-de-bonito-terreno-en-san-pedro-apatlaco-ayala270000-_JM,270000.0,MXN,terreno,148.0,,,,,,,1824.32,,,medium,Morelos,Ayala,San Pedro Apatlaco,,,0077,approximate_coordinate,6148.0,1804.0,8260.873582393971,2423.9778696549647,0.2893569844789357,0.4611973392461197,9.29,0.9799539927702925,300,587,123,246,56,90,10,13,8,11,0,0,1,2,B,land,<1M,"missing_construction_area,missing_coordinates"
mercadolibre,MLM-5010716328,https://departamento.mercadolibre.com.mx/MLM-5010716328-venta-de-propiedad-atencio-inversionistas-en-col-revolucion-en-dos-niveles-ideal-para-inversionistas-_JM,2650000.0,MXN,departamento,197.0,357.0,3,3.0,1,,7422.97,,,,medium,Morelos,Cuernavaca,Revolución,,,1306,approximate_coordinate,2161.0,623.0,5114.034333960833,1474.3375243209618,0.45425361155698235,0.637239165329053,10.67,0.968833481745325,561,1730,199,660,108,243,25,62,8,37,8,10,16,38,B,residential,2M-3M,missing_coordinates
mercadolibre,MLM-4791849034,https://terreno.mercadolibre.com.mx/MLM-4791849034-terreno-en-atlatlahucan-morelos-_JM,920000.0,MXN,terreno,263.0,,,,,,,3498.1,,,unusable,Morelos,Atlatlahucan,,,,,unusable,,,,,,,,,,,,,,,,,,,,,,,E,land,<1M,"missing_construction_area,missing_coordinates"
mercadolibre,MLM-5573424372,https://terreno.mercadolibre.com.mx/MLM-5573424372-parcela-de-temporal-con-certificado-parcelario-cuautla-morelosclave-5399-_JM,1534152.0,MXN,terreno,5113.0,,,,,,,300.05,,,unusable,Morelos,Cuautla,Ampliación Gabriel Tetepa,,,,unusable,,,,,,,,,,,,,,,,,,,,,,,E,land,1M-2M,"missing_construction_area,missing_coordinates"
mercadolibre,MLM-3160155361,https://departamento.mercadolibre.com.mx/MLM-3160155361-departamento-en-venta-en-centro-yautepec-gis-26-1904-_JM,1300000.0,MXN,departamento,80.0,80.0,0,2.0,2,,16250.0,,,,unusable,Morelos,Yautepec,,,,,unusable,,,,,,,,,,,,,,,,,,,,,,,E,residential,1M-2M,"missing_coordinates,same_land_and_construction_area"
mercadolibre,MLM-4747030498,https://terreno.mercadolibre.com.mx/MLM-4747030498-terreno-en-venta-500-m2-colonia-caudillo-del-sur-yautepec-ubicado-atras-de-la-gasolinera-que-esta-junto-a-la-unidad-deportiva-atlihuayan-_JM,250000.0,MXN,terreno,500.0,,,,,,,500.0,,,medium,Morelos,Jiutepec,Jiutepec,,,0620,approximate_coordinate,3641.0,1153.0,3802.7897203156135,1204.234152025241,0.593235039028621,0.7632263660017347,12.23,0.9759229534510433,779,1118,318,455,111,146,55,77,18,30,7,8,15,19,B,land,<1M,"missing_construction_area,missing_coordinates"
mercadolibre,MLM-3081321549,https://departamento.mercadolibre.com.mx/MLM-3081321549-departamento-en-venta-con-3-recamaras-en-venta-en-club-de-golf-santa-fe-cuernavaca-morelos-_JM,2094682.0,MXN,departamento,88.0,88.0,3,2.0,2,,23803.2,,,,unusable,Morelos,Xochitepec,,,,,unusable,,,,,,,,,,,,,,,,,,,,,,,E,residential,2M-3M,"missing_coordinates,same_land_and_construction_area"
mercadolibre,MLM-3337068897,https://departamento.mercadolibre.com.mx/MLM-3337068897-departamento-nuevo-en-venta-en-emiliano-zapata-morelos-_JM,1142000.0,MXN,departamento,58.0,58.0,3,2.0,1,,19689.66,,,,unusable,Morelos,Emiliano Zapata,"Las Garzas I, II, III Y IV",,,,unusable,,,,,,,,,,,,,,,,,,,,,,,E,residential,1M-2M,"missing_coordinates,same_land_and_construction_area"
mercadolibre,MLM-5229571020,https://departamento.mercadolibre.com.mx/MLM-5229571020-departamento-con-alberca-en-punta-verde-temixco-_JM,720000.0,MXN,departamento,43.0,42.0,2,2.0,1,,17142.86,,,,medium,Morelos,Temixco,Lauro Ortega,,,0689,approximate_coordinate,2450.0,640.0,4660.181968652193,1217.3536571173076,0.30625,0.5265625,8.1,0.9854838709677419,147,502,69,260,18,57,2,14,1,6,0,0,2,9,B,residential,<1M,missing_coordinates
mercadolibre,MLM-4761691198,https://terreno.mercadolibre.com.mx/MLM-4761691198-terreno-residencial-en-venta-en-fraccionamiento-islas-de-cuautla-_JM,1300000.0,MXN,terreno,1200.0,,,,,,,1083.33,,,unusable,Morelos,Ayala,Fracc. Islas de Cuautla,,,,unusable,,,,,,,,,,,,,,,,,,,,,,,E,land,1M-2M,"missing_construction_area,missing_coordinates"
mercadolibre,MLM-3254210227,https://departamento.mercadolibre.com.mx/MLM-3254210227-venta-departamento-en-acapatzingo-v345-_JM,4200000.0,MXN,departamento,173.0,173.0,0,3.0,3,,24277.46,,,,unusable,Morelos,Cuernavaca,Poblado Acapatzingo,,,,unusable,,,,,,,,,,,,,,,,,,,,,,,E,residential,3M-5M,"missing_coordinates,same_land_and_construction_area"
mercadolibre,MLM-4957380218,https://terreno.mercadolibre.com.mx/MLM-4957380218-se-vende-terreno-en-lomas-de-cocoyoc-_JM,2924870.0,MXN,terreno,450.0,,,,,,,6499.71,,,medium,Morelos,Atlatlahucan,Lomas De Cocoyoc,,,0138,approximate_coordinate,973.0,397.0,335.65998876705885,136.9547950056756,0.924433249370277,0.9420654911838791,14.18,0.972568578553616,46,49,16,16,15,15,1,1,0,1,0,0,0,0,B,land,2M-3M,"missing_construction_area,missing_coordinates"
mercadolibre,MLM-2963241833,https://terreno.mercadolibre.com.mx/MLM-2963241833-terreno-residencial-en-venta-en-hermenegildo-galeana-_JM,650000.0,MXN,terreno,450.0,,,,,,,1444.44,,,unusable,Morelos,Cuautla,,,,,unusable,,,,,,,,,,,,,,,,,,,,,,,E,land,<1M,"missing_construction_area,missing_coordinates"
mercadolibre,MLM-3305616531,https://departamento.mercadolibre.com.mx/MLM-3305616531-departamento-en-venta-en-centro-yautepec-rg-26-1904-_JM,1300000.0,MXN,departamento,80.0,80.0,0,2.0,2,,16250.0,,,,unusable,Morelos,Yautepec,,,,,unusable,,,,,,,,,,,,,,,,,,,,,,,E,residential,1M-2M,"missing_coordinates,same_land_and_construction_area"
mercadolibre,MLM-5338569872,https://terreno.mercadolibre.com.mx/MLM-5338569872-excelentes-terrenos-en-zona-de-alta-plusvalia-para-inversion-y-desarrollo-_JM,1820000.0,MXN,terreno,727.0,,,,,,,2503.44,,,unusable,Morelos,Jiutepec,Huertas Del Llano,,,,unusable,,,,,,,,,,,,,,,,,,,,,,,E,land,1M-2M,"missing_construction_area,missing_coordinates"
mercadolibre,MLM-3081309347,https://departamento.mercadolibre.com.mx/MLM-3081309347-departamento-en-venta-con-3-recamaras-a-alberca-club-de-golf-santa-fe-a-15-minutos-de-cuernavaca-mor-_JM,2094681.0,MXN,departamento,88.0,88.0,3,2.0,2,,23803.19,,,,unusable,Morelos,Xochitepec,,,,,unusable,,,,,,,,,,,,,,,,,,,,,,,E,residential,2M-3M,"missing_coordinates,same_land_and_construction_area"
mercadolibre,MLM-3337068559,https://departamento.mercadolibre.com.mx/MLM-3337068559-departamento-nuevo-en-venta-en-emiliano-zapata-morelos-_JM,1088000.0,MXN,departamento,58.0,58.0,3,2.0,1,,18758.62,,,,unusable,Morelos,Emiliano Zapata,"Las Garzas I, II, III Y IV",,,,unusable,,,,,,,,,,,,,,,,,,,,,,,E,residential,1M-2M,"missing_coordinates,same_land_and_construction_area"
mercadolibre,MLM-5229646408,https://departamento.mercadolibre.com.mx/MLM-5229646408-bonito-departamento-con-alberca-en-campo-verde-temixco-_JM,650000.0,MXN,departamento,42.0,42.0,1,1.0,1,,15476.19,,,,medium,Morelos,Temixco,Pueblo Viejo,,,0797,approximate_coordinate,1018.0,264.0,4398.802163403339,1140.7502663442845,0.32954545454545453,0.45454545454545453,8.16,0.9817813765182186,209,436,110,223,22,45,5,9,7,13,0,0,4,6,B,residential,<1M,"missing_coordinates,same_land_and_construction_area"
mercadolibre,MLM-5952544152,https://terreno.mercadolibre.com.mx/MLM-5952544152-venta-de-terreno-escriturado-jaloxtoc-villa-de-ayala-morelosclave-5791-_JM,23430985.0,MXN,terreno,46861.0,,,,,,,500.01,,,unusable,Morelos,Ayala,,,,,unusable,,,,,,,,,,,,,,,,,,,,,,,E,land,>20M,"missing_construction_area,missing_coordinates"
mercadolibre,MLM-2945662823,https://departamento.mercadolibre.com.mx/MLM-2945662823-lindo-y-amplio-departamento-en-1er-nivel-c-142-mts-cuenta-con-3-habitaciones-la-principal-con-bano-privado-sala-comedor-cocina-equipada-area-de-lavado-estacionamiento-para-3-autos-techado-gas-estacio-_JM,3950000.0,MXN,departamento,800.0,142.0,3,2.0,2,,27816.9,,,,medium,Morelos,Cuernavaca,Miraval,,,0153,approximate_coordinate,2273.0,786.0,3568.732428562898,1234.062335613919,0.5585241730279898,0.8346055979643766,12.38,0.9834494773519163,539,2457,161,892,66,287,65,214,27,74,7,29,23,91,B,residential,3M-5M,missing_coordinates
mercadolibre,MLM-5370001378,https://terreno.mercadolibre.com.mx/MLM-5370001378-se-vende-terreno-en-oportunidad-en-lomas-de-cocoyoc-_JM,3731662.0,MXN,terreno,643.0,,,,,,,5803.52,,,medium,Morelos,Atlatlahucan,Lomas De Cocoyoc,,,0138,approximate_coordinate,973.0,397.0,335.65998876705885,136.9547950056756,0.924433249370277,0.9420654911838791,14.18,0.972568578553616,46,49,16,16,15,15,1,1,0,1,0,0,0,0,B,land,3M-5M,"missing_construction_area,missing_coordinates"
mercadolibre,MLM-3240939371,https://terreno.mercadolibre.com.mx/MLM-3240939371-venta-de-terreno-en-cuautla-morelos-zona-centro-_JM,13000000.0,MXN,terreno,1734.0,,,,,,,7497.12,,,medium,Morelos,Cuautla,Centro,,,0832,approximate_coordinate,4782.0,1262.0,4120.9850493128815,1087.553979973412,0.3795562599049128,0.47385103011093505,9.02,0.9799054373522459,203,580,92,274,35,93,4,11,6,15,0,0,0,2,B,land,12M-20M,"missing_construction_area,missing_coordinates"
mercadolibre,MLM-5598243078,https://departamento.mercadolibre.com.mx/MLM-5598243078-excelente-departamento-en-yautepec-morelos-con-magnificas-areas-comunes-excelente-desarrollo-_JM,1950000.0,MXN,departamento,82.0,82.0,3,2.0,2,,23780.49,,,,unusable,Morelos,Yautepec,Otra Colonia,,,,unusable,,,,,,,,,,,,,,,,,,,,,,,E,residential,1M-2M,"missing_coordinates,same_land_and_construction_area"
mercadolibre,MLM-4602135488,https://terreno.mercadolibre.com.mx/MLM-4602135488-terreno-en-venta-subdivisible-en-el-centro-de-jiutepec-mor-mexico-_JM,10456000.0,MXN,terreno,4268.0,,,,,,,2449.86,,,medium,Morelos,Jiutepec,Centro Jiutepec,,,1084,approximate_coordinate,2129.0,704.0,6005.284940640889,1985.7776412452727,0.5710227272727273,0.8181818181818182,12.54,0.9747211895910781,545,1899,218,865,75,232,27,74,32,49,12,16,9,29,B,land,8M-12M,"missing_construction_area,missing_coordinates"
mercadolibre,MLM-3081310529,https://departamento.mercadolibre.com.mx/MLM-3081310529-departamento-con-3-habitaciones-alberca-en-venta-en-club-de-golf-santa-fe-al-sur-de-cuernavaca-_JM,2094681.0,MXN,departamento,88.0,88.0,3,2.0,2,,23803.19,,,,unusable,Morelos,Xochitepec,,,,,unusable,,,,,,,,,,,,,,,,,,,,,,,E,residential,2M-3M,"missing_coordinates,same_land_and_construction_area"
mercadolibre,MLM-3170634973,https://departamento.mercadolibre.com.mx/MLM-3170634973-venta-de-departamento-en-paraiso-country-club-zapata-morelosclave-6031-_JM,5500000.0,MXN,departamento,177.0,,8,3.0,3,,,,,,unusable,Morelos,Emiliano Zapata,Fraccionamiento Paraíso Country Club,,,,unusable,,,,,,,,,,,,,,,,,,,,,,,E,residential,5M-8M,"missing_construction_area,missing_coordinates"
mercadolibre,MLM-3081295881,https://departamento.mercadolibre.com.mx/MLM-3081295881-hermoso-departamento-con-alberca-y-seguridad-super-ubicado-_JM,1100000.0,MXN,departamento,64.0,64.0,2,2.0,1,,17187.5,,,,unusable,Morelos,Temixco,,,,,unusable,,,,,,,,,,,,,,,,,,,,,,,E,residential,1M-2M,"missing_coordinates,same_land_and_construction_area"
mercadolibre,MLM-3247099337,https://terreno.mercadolibre.com.mx/MLM-3247099337-terreno-en-venta-en-morelos-_JM,1600000.0,MXN,terreno,1255.0,,,,,,,1274.9,,,unusable,Morelos,Ayala,El Venadito,,,,unusable,,,,,,,,,,,,,,,,,,,,,,,E,land,1M-2M,"missing_construction_area,missing_coordinates"
mercadolibre,MLM-2358439615,https://departamento.mercadolibre.com.mx/MLM-2358439615-loft-en-venta-_JM,2700000.0,MXN,departamento,130.0,65.0,1,1.0,1,,41538.46,,,,medium,Morelos,Cuernavaca,Tetela Del Monte,,,051A,approximate_coordinate,6076.0,1649.0,2685.5540217268144,728.8476928616716,0.4329896907216495,0.6300788356579745,10.09,0.9791542584871947,233,520,133,304,31,61,8,14,1,12,1,1,2,8,B,residential,2M-3M,missing_coordinates
mercadolibre,MLM-2438464407,https://terreno.mercadolibre.com.mx/MLM-2438464407-se-vende-terreno-con-construccion-en-el-fraccionamiento-lomas-de-cocoyoc-_JM,5950000.0,MXN,terreno,829.0,,,,,,,7177.32,,,medium,Morelos,Atlatlahucan,Lomas De Cocoyoc,,,0138,approximate_coordinate,973.0,397.0,335.65998876705885,136.9547950056756,0.924433249370277,0.9420654911838791,14.18,0.972568578553616,46,49,16,16,15,15,1,1,0,1,0,0,0,0,B,land,5M-8M,"missing_construction_area,missing_coordinates"
mercadolibre,MLM-2914900147,https://terreno.mercadolibre.com.mx/MLM-2914900147-parcela-de-temporal-con-certificado-parcelario-cuautla-morelosclave-5398-_JM,15899487.0,MXN,terreno,52998.0,,,,,,,300.0,,,medium,Morelos,Cuautla,Gabriel Tepepa,,,,unusable,,,,,,,,,24,220,8,100,3,31,3,9,0,7,0,0,0,0,D,land,12M-20M,"missing_construction_area,missing_coordinates"
mercadolibre,MLM-5080238914,https://departamento.mercadolibre.com.mx/MLM-5080238914-departamento-en-venta-en-cascadas-cocoyoc-_JM,2900000.0,MXN,departamento,108.0,108.0,3,2.0,2,,26851.85,,,,unusable,Morelos,Yautepec,,,,,unusable,,,,,,,,,,,,,,,,,,,,,,,E,residential,2M-3M,"missing_coordinates,same_land_and_construction_area"
mercadolibre,MLM-5064745416,https://terreno.mercadolibre.com.mx/MLM-5064745416-espectacular-terreno-residencial-colindando-con-residencial-sumiya-_JM,50000000.0,MXN,terreno,14850.0,,,,,,,3367.0,,,medium,Morelos,Jiutepec,Sumiya,,,0122,approximate_coordinate,1858.0,564.0,1540.789692968381,467.71011132086477,0.74822695035461,0.8156028368794326,12.28,0.9752380952380952,13,200,5,81,2,21,0,6,0,7,0,0,0,1,B,land,>20M,"missing_construction_area,missing_coordinates"
mercadolibre,MLM-3081321367,https://departamento.mercadolibre.com.mx/MLM-3081321367-departamento-en-venta-con-2-recamaras-en-club-de-golf-santa-fe-morelos-_JM,1994500.0,MXN,departamento,88.0,88.0,2,2.0,2,,22664.77,,,,unusable,Morelos,Xochitepec,,,,,unusable,,,,,,,,,,,,,,,,,,,,,,,E,residential,1M-2M,"missing_coordinates,same_land_and_construction_area"
mercadolibre,MLM-5585040260,https://departamento.mercadolibre.com.mx/MLM-5585040260-departamento-en-venta-paraiso-country-club-morelos-_JM,5650000.0,MXN,departamento,150.0,165.0,0,3.0,3,,34242.42,,,,unusable,Morelos,Emiliano Zapata,Fraccionamiento Paraíso Country Club,,,,unusable,,,,,,,,,,,,,,,,,,,,,,,E,residential,5M-8M,missing_coordinates
mercadolibre,MLM-5945512750,https://departamento.mercadolibre.com.mx/MLM-5945512750-venta-departamento-2-ambientes-conjunto-habitacional-campo-verde-_JM,898000.0,MXN,departamento,46.0,46.0,2,2.0,1,,19521.74,,,,unusable,Morelos,Temixco,Campo Sotelo,,,,unusable,,,,,,,,,,,,,,,,,,,,,,,E,residential,<1M,"missing_coordinates,same_land_and_construction_area"
mercadolibre,MLM-5205962982,https://terreno.mercadolibre.com.mx/MLM-5205962982-venta-de-terreno-con-alberca-en-ayala-morelos-_JM,1222500.0,MXN,terreno,1500.0,,,,,,,815.0,,,medium,Morelos,Ayala,La Escopeta,,,,unusable,,,,,,,,,60,474,23,207,8,74,1,6,1,11,0,0,0,1,D,land,1M-2M,"missing_construction_area,missing_coordinates"
mercadolibre,MLM-5868683278,https://departamento.mercadolibre.com.mx/MLM-5868683278-ultimo-departamento-en-preventa-a-precio-especial-en-palmira-cuernavaca-_JM,1900000.0,MXN,departamento,600.0,64.0,2,2.0,1,,29687.5,,,,low,Morelos,Cuernavaca,Palmira,,,,unusable,,,,,,,,,,,,,,,,,,,,,,,E,residential,1M-2M,"missing_coordinates,suspicious_surface_pair"
mercadolibre,MLM-5608415186,https://terreno.mercadolibre.com.mx/MLM-5608415186-terreno-en-venta-en-lomas-de-cocoyoc-675-m2-irregular-y-vista-abierta-_JM,4224000.0,MXN,terreno,675.85,,,,,,,6249.91,,,medium,Morelos,Atlatlahucan,Lomas De Cocoyoc,,,0138,approximate_coordinate,973.0,397.0,335.65998876705885,136.9547950056756,0.924433249370277,0.9420654911838791,14.18,0.972568578553616,46,49,16,16,15,15,1,1,0,1,0,0,0,0,B,land,3M-5M,"missing_construction_area,missing_coordinates"
mercadolibre,MLM-4791732752,https://terreno.mercadolibre.com.mx/MLM-4791732752-terreno-en-cuautla-morelos-_JM,3750000.0,MXN,terreno,835.0,,2,,,,,4491.02,,,medium,Morelos,Cuautla,Lázaro Cárdenas,,,0368,approximate_coordinate,1914.0,476.0,3580.4896156099,890.4456933282719,0.47058823529411764,0.5105042016806722,9.39,0.9818763326226013,293,726,144,318,35,115,8,22,7,11,0,2,3,8,B,land,3M-5M,"missing_construction_area,missing_coordinates"
mercadolibre,MLM-3129049605,https://departamento.mercadolibre.com.mx/MLM-3129049605-departamento-loft-oaxtepec-_JM,2977000.0,MXN,departamento,167.0,167.0,2,2.0,2,,17826.35,,,,medium,Morelos,Yautepec,Oaxtepec Centro,,,0273,approximate_coordinate,45.0,12.0,30.915232939279242,8.244062117141132,0.5833333333333334,0.6666666666666666,11.36,1.0,49,557,13,222,28,184,0,20,4,9,0,2,0,11,B,residential,2M-3M,"missing_coordinates,same_land_and_construction_area"
mercadolibre,MLM-2989131911,https://terreno.mercadolibre.com.mx/MLM-2989131911-terreno-en-venta-en-sumiya-_JM,6500000.0,MXN,terreno,1327.0,,,,,,,4898.27,,,unusable,Morelos,Jiutepec,Fraccionamiento Residencial Sumiya,,,,unusable,,,,,,,,,,,,,,,,,,,,,,,E,land,5M-8M,"missing_construction_area,missing_coordinates"
mercadolibre,MLM-3081297029,https://departamento.mercadolibre.com.mx/MLM-3081297029-departamento-en-venta-con-3-recamaras-alberca-por-club-de-golf-santa-fe-al-sur-de-cuernavaca-morelos-_JM,2114050.0,MXN,departamento,100.0,95.0,2,2.0,2,,22253.16,,,,unusable,Morelos,Xochitepec,,,,,unusable,,,,,,,,,,,,,,,,,,,,,,,E,residential,2M-3M,missing_coordinates
mercadolibre,MLM-2904776697,https://departamento.mercadolibre.com.mx/MLM-2904776697-venta-de-departamento-club-de-golf-paraiso-country-zapata-morelosclave-4688-_JM,4800000.0,MXN,departamento,135.0,135.0,0,3.0,3,,35555.56,,,,unusable,Morelos,Emiliano Zapata,Fraccionamiento Paraíso Country Club,,,,unusable,,,,,,,,,,,,,,,,,,,,,,,E,residential,3M-5M,"missing_coordinates,same_land_and_construction_area"
mercadolibre,MLM-2919452369,https://departamento.mercadolibre.com.mx/MLM-2919452369-venta-de-bonito-depa-en-condominio-con-alberca-campo-verde-en-temixco-750000-_JM,750000.0,MXN,departamento,50.0,50.0,2,2.0,1,,15000.0,,,,unusable,Morelos,Temixco,Colonia Temixco Centro,,,,unusable,,,,,,,,,,,,,,,,,,,,,,,E,residential,<1M,"missing_coordinates,same_land_and_construction_area"
mercadolibre,MLM-5718305536,https://terreno.mercadolibre.com.mx/MLM-5718305536-terreno-en-venta-en-tlayecac-ayala-morelos-_JM,30850000.0,MXN,terreno,44051.0,,,,,,,700.32,,,medium,Morelos,Ayala,Tlayecac,,,0043,approximate_coordinate,1614.0,459.0,4698.920401625593,1336.3100770422222,0.4684095860566449,0.45751633986928103,9.3,0.9942196531791907,104,160,48,70,14,25,2,3,4,6,0,0,1,1,B,land,>20M,"missing_construction_area,missing_coordinates"
mercadolibre,MLM-5791168368,https://departamento.mercadolibre.com.mx/MLM-5791168368-excelente-departamento-con-roof-garden-privado-cuernavaca-morelos-_JM,3150000.0,MXN,departamento,193.0,103.0,3,2.0,2,,30582.52,,,,medium,Morelos,Cuernavaca,La Pradera,,,012A,approximate_coordinate,4133.0,1476.0,2395.155084562358,855.371135933714,0.7018970189701897,0.8638211382113821,13.53,0.9696021457308895,269,1081,61,337,47,129,12,75,21,64,2,10,22,41,B,residential,3M-5M,missing_coordinates
mercadolibre,MLM-4534534796,https://terreno.mercadolibre.com.mx/MLM-4534534796-terreno-en-venta-en-lomas-de-cocoyoc-_JM,5912500.0,MXN,terreno,1075.0,,,,,,,5500.0,,,medium,Morelos,Atlatlahucan,Lomas De Cocoyoc,,,0138,approximate_coordinate,973.0,397.0,335.65998876705885,136.9547950056756,0.924433249370277,0.9420654911838791,14.18,0.972568578553616,46,49,16,16,15,15,1,1,0,1,0,0,0,0,B,land,5M-8M,"missing_construction_area,missing_coordinates"
mercadolibre,MLM-4791784264,https://terreno.mercadolibre.com.mx/MLM-4791784264-terreno-residencial-a-la-venta-en-cuautla-morelos-ubicado-en-miguel-hidalgo-_JM,3700000.0,MXN,terreno,800.0,,,,,,,4625.0,,,medium,Morelos,Cuautla,Miguel Hidalgo,,,0620,approximate_coordinate,3394.0,977.0,6289.341047804352,1810.4555697421483,0.3541453428863869,0.5721596724667349,9.92,0.9731653888280394,282,1297,97,523,47,200,14,83,15,43,1,18,4,21,B,land,3M-5M,"missing_construction_area,missing_coordinates"
mercadolibre,MLM-3054009757,https://departamento.mercadolibre.com.mx/MLM-3054009757-hermoso-departamento-2-recamaras-con-piscina-y-street-gym-en-yautepec-y-pet-park-_JM,1262500.0,MXN,departamento,69.0,75.0,2,2.0,1,,16833.33,,,,medium,Morelos,Yautepec,Felipe Neri,,,0502,approximate_coordinate,4591.0,1380.0,4856.398831602696,1459.7757324355741,0.4608695652173913,0.586231884057971,10.47,0.9813084112149533,236,659,88,249,42,89,11,26,7,14,1,6,2,11,B,residential,1M-2M,missing_coordinates
mercadolibre,MLM-3200946725,https://departamento.mercadolibre.com.mx/MLM-3200946725-departamento-con-roof-garden-propio-amplio-ideal-para-descansar-_JM,1200000.0,MXN,departamento,50.0,50.0,2,2.0,2,,24000.0,,,,medium,Morelos,Jiutepec,Progreso,,,0067,approximate_coordinate,3675.0,1094.0,3309.5309493047475,985.2045873576582,0.5246800731261426,0.6709323583180987,10.74,0.969558599695586,123,616,49,295,14,67,4,17,4,13,0,0,1,2,B,residential,1M-2M,"missing_coordinates,same_land_and_construction_area"
mercadolibre,MLM-3081310475,https://departamento.mercadolibre.com.mx/MLM-3081310475-departamento-con-3-recamaras-en-venta-en-club-de-golf-santa-fe-al-sur-de-cuernavaca-morelos-_JM,2094681.0,MXN,departamento,88.0,88.0,3,2.0,2,,23803.19,,,,unusable,Morelos,Xochitepec,,,,,unusable,,,,,,,,,,,,,,,,,,,,,,,E,residential,2M-3M,"missing_coordinates,same_land_and_construction_area"
mercadolibre,MLM-3125630373,https://departamento.mercadolibre.com.mx/MLM-3125630373-venta-de-departamento-en-paraiso-country-club-zapata-morelosclave-5739-_JM,4350000.0,MXN,departamento,135.0,135.0,7,3.0,3,,32222.22,,,,unusable,Morelos,Emiliano Zapata,Fraccionamiento Paraíso Country Club,,,,unusable,,,,,,,,,,,,,,,,,,,,,,,E,residential,3M-5M,"missing_coordinates,same_land_and_construction_area"
mercadolibre,MLM-5082246930,https://departamento.mercadolibre.com.mx/MLM-5082246930-edificio-en-venta-sobre-avenida-principal-temixco-morelos-_JM,10000000.0,MXN,departamento,789.0,789.0,0,0.0,0,,12674.27,,,,unusable,Morelos,Temixco,Temixco Centro,,,,unusable,,,,,,,,,,,,,,,,,,,,,,,E,residential,8M-12M,"missing_coordinates,same_land_and_construction_area"
mercadolibre,MLM-5806046348,https://terreno.mercadolibre.com.mx/MLM-5806046348-terreno-en-venta-en-colonia-jaloxtoc-ayala-morelos-_JM,30000000.0,MXN,terreno,98980.0,,,,,,,303.09,,,unusable,Morelos,Ayala,,,,,unusable,,,,,,,,,,,,,,,,,,,,,,,E,land,>20M,"missing_construction_area,missing_coordinates"
mercadolibre,MLM-3227757771,https://departamento.mercadolibre.com.mx/MLM-3227757771-venta-departamento-2-ambientes-chulavista-_JM,2350000.0,MXN,departamento,100.0,100.0,2,2.0,2,,23500.0,,,,medium,Morelos,Cuernavaca,Chulavista,,,1005,approximate_coordinate,5061.0,1541.0,3964.6664536657595,1207.1825736216035,0.49059052563270605,0.7501622323166774,11.51,0.9756540697674418,123,1668,29,662,16,246,13,122,6,54,4,26,4,98,B,residential,2M-3M,"missing_coordinates,same_land_and_construction_area"
mercadolibre,MLM-4532067472,https://terreno.mercadolibre.com.mx/MLM-4532067472-terreno-en-venta-en-lomas-de-cocoyoc-_JM,4014500.0,MXN,terreno,647.0,,,,,,,6204.79,,,medium,Morelos,Atlatlahucan,Lomas De Cocoyoc,,,0138,approximate_coordinate,973.0,397.0,335.65998876705885,136.9547950056756,0.924433249370277,0.9420654911838791,14.18,0.972568578553616,46,49,16,16,15,15,1,1,0,1,0,0,0,0,B,land,3M-5M,"missing_construction_area,missing_coordinates"
mercadolibre,MLM-4791719564,https://terreno.mercadolibre.com.mx/MLM-4791719564-terreno-en-venta-en-gabriel-tepepa-cuautla-morelos-_JM,6300000.0,MXN,terreno,1800.0,,,,,,,3500.0,,,medium,Morelos,Cuautla,Gabriel Tepepa,,,,unusable,,,,,,,,,24,220,8,100,3,31,3,9,0,7,0,0,0,0,D,land,5M-8M,"missing_construction_area,missing_coordinates"
mercadolibre,MLM-3054025053,https://departamento.mercadolibre.com.mx/MLM-3054025053-departamento-2-recamaras-con-piscina-street-gym-y-pet-park-en-yautepec-morelos-_JM,1262500.0,MXN,departamento,69.0,75.0,2,2.0,1,,16833.33,,,,medium,Morelos,Yautepec,Felipe Neri,,,0502,approximate_coordinate,4591.0,1380.0,4856.398831602696,1459.7757324355741,0.4608695652173913,0.586231884057971,10.47,0.9813084112149533,236,659,88,249,42,89,11,26,7,14,1,6,2,11,B,residential,1M-2M,missing_coordinates
mercadolibre,MLM-3002649895,https://departamento.mercadolibre.com.mx/MLM-3002649895-depto-en-condominio-vista-bela-con-alberca-a-10-min-de-blv-_JM,995000.0,MXN,departamento,60.0,60.0,2,2.0,1,,16583.33,,,,medium,Morelos,Jiutepec,Progreso,,,0067,approximate_coordinate,3675.0,1094.0,3309.5309493047475,985.2045873576582,0.5246800731261426,0.6709323583180987,10.74,0.969558599695586,123,616,49,295,14,67,4,17,4,13,0,0,1,2,B,residential,<1M,"missing_coordinates,same_land_and_construction_area"
mercadolibre,MLM-3081295837,https://departamento.mercadolibre.com.mx/MLM-3081295837-departamento-en-venta-de-3-recamaras-en-santa-fe-lifestyle-xochitepec-morelos-_JM,2094681.0,MXN,departamento,88.0,88.0,3,2.0,2,,23803.19,,,,unusable,Morelos,Xochitepec,,,,,unusable,,,,,,,,,,,,,,,,,,,,,,,E,residential,2M-3M,"missing_coordinates,same_land_and_construction_area"
mercadolibre,MLM-5281776348,https://departamento.mercadolibre.com.mx/MLM-5281776348-venta-de-departamento-en-paraiso-country-club-emiliano-zapataclave-4666-_JM,4500000.0,MXN,departamento,130.0,130.0,0,3.0,3,,34615.38,,,,unusable,Morelos,Emiliano Zapata,Fraccionamiento Paraíso Country Club,,,,unusable,,,,,,,,,,,,,,,,,,,,,,,E,residential,3M-5M,"missing_coordinates,same_land_and_construction_area"
mercadolibre,MLM-2982264027,https://departamento.mercadolibre.com.mx/MLM-2982264027-departamento-con-alberca-lomas-de-cuernavaca-_JM,3500000.0,MXN,departamento,145.0,150.0,0,4.0,4,,23333.33,,,,unusable,Morelos,Temixco,Junto al Río,,,,unusable,,,,,,,,,,,,,,,,,,,,,,,E,residential,3M-5M,missing_coordinates
mercadolibre,MLM-5573424418,https://terreno.mercadolibre.com.mx/MLM-5573424418-venta-de-terreno-en-exclusivo-fraccionamiento-ayala-morelosclave-5042-_JM,850000.0,MXN,terreno,1000.0,,,,,,,850.0,,,unusable,Morelos,Ayala,,,,,unusable,,,,,,,,,,,,,,,,,,,,,,,E,land,<1M,"missing_construction_area,missing_coordinates"
mercadolibre,MLM-3077846581,https://departamento.mercadolibre.com.mx/MLM-3077846581-estrena-departamento-o-casa-con-alberca-a-5-minutos-de-galerias-plusvalia-garantizada-aceptamos-todos-los-creditos-_JM,1760000.0,MXN,casa,60.0,60.0,2,2.0,2,,29333.33,,,,medium,Morelos,Cuernavaca,Chipitlan,,,0401,approximate_coordinate,4260.0,1416.0,5872.738090755191,1952.0650555186267,0.6016949152542372,0.7853107344632768,12.64,0.9814424293547026,315,581,143,225,55,73,10,88,6,12,2,4,9,19,B,residential,1M-2M,"missing_coordinates,same_land_and_construction_area"
mercadolibre,MLM-4532041374,https://terreno.mercadolibre.com.mx/MLM-4532041374-terreno-en-venta-en-lomas-de-cocoyoc-_JM,4670568.0,MXN,terreno,741.0,,,,,,,6303.06,,,medium,Morelos,Atlatlahucan,Lomas De Cocoyoc,,,0138,approximate_coordinate,973.0,397.0,335.65998876705885,136.9547950056756,0.924433249370277,0.9420654911838791,14.18,0.972568578553616,46,49,16,16,15,15,1,1,0,1,0,0,0,0,B,land,3M-5M,"missing_construction_area,missing_coordinates"
mercadolibre,MLM-2988362213,https://terreno.mercadolibre.com.mx/MLM-2988362213-terreno-residencial-en-venta-en-emiliano-zapata-_JM,41000000.0,MXN,terreno,5500.0,,,,,,,7454.55,,,unusable,Morelos,Cuautla,Ampliación Emiliano Zapata,,,,unusable,,,,,,,,,,,,,,,,,,,,,,,E,land,>20M,"missing_construction_area,missing_coordinates"
mercadolibre,MLM-5585278090,https://departamento.mercadolibre.com.mx/MLM-5585278090-hermoso-depto-en-yautepec-2-rec-en-residencial-con-piscina-amenidades-_JM,1262500.0,MXN,departamento,69.0,75.0,2,2.0,1,,16833.33,,,,medium,Morelos,Yautepec,Felipe Neri,,,0502,approximate_coordinate,4591.0,1380.0,4856.398831602696,1459.7757324355741,0.4608695652173913,0.586231884057971,10.47,0.9813084112149533,236,659,88,249,42,89,11,26,7,14,1,6,2,11,B,residential,1M-2M,missing_coordinates
mercadolibre,MLM-4960805152,https://departamento.mercadolibre.com.mx/MLM-4960805152-departamento-en-venta-en-la-colonia-pedregal-de-las-fuentes-_JM,2000000.0,MXN,departamento,300.0,93.0,2,2.0,1,,21505.38,,,,unusable,Morelos,Jiutepec,Fraccionamiento Valle de las Fuentes,,,,unusable,,,,,,,,,,,,,,,,,,,,,,,E,residential,2M-3M,missing_coordinates
mercadolibre,MLM-5511353314,https://departamento.mercadolibre.com.mx/MLM-5511353314-venta-de-departamento-con-alberca-en-xochitepec-morelos-_JM,1400000.0,MXN,departamento,57.0,51.0,0,2.0,1,,27450.98,,,,medium,Morelos,Xochitepec,Atlacholoaya,,,0473,approximate_coordinate,4533.0,1113.0,3774.8340204221518,926.8454146767824,0.31626235399820307,0.2407906558849955,7.74,0.9912971404890178,202,236,100,115,22,24,4,6,4,7,0,0,1,1,B,residential,1M-2M,missing_coordinates
mercadolibre,MLM-3140704873,https://departamento.mercadolibre.com.mx/MLM-3140704873-departamento-en-venta-en-el-fraccionamiento-country-club-emiliano-zapata-morelos-_JM,4950000.0,MXN,departamento,150.0,150.0,0,2.0,2,,33000.0,,,,unusable,Morelos,Emiliano Zapata,Fraccionamiento Paraíso Country Club,,,,unusable,,,,,,,,,,,,,,,,,,,,,,,E,residential,3M-5M,"missing_coordinates,same_land_and_construction_area"
mercadolibre,MLM-2767444975,https://departamento.mercadolibre.com.mx/MLM-2767444975-pent-house-ubicado-en-el-mejor-clima-de-cuernavaca-_JM,5300000.0,MXN,casa,255.0,217.0,3,3.0,3,,24423.96,,,,medium,Morelos,Temixco,Lomas De Cuernavaca,,,,unusable,,,,,,,,,6,183,4,68,0,34,0,13,1,2,0,4,0,4,D,residential,5M-8M,missing_coordinates
mercadolibre,MLM-3239815339,https://terreno.mercadolibre.com.mx/MLM-3239815339-terreno-en-venta-paraiso-tlahuica-morelos-465-m2-_JM,660000.0,MXN,terreno,465.0,,,,,,,1419.35,,,unusable,Morelos,Ayala,Paraíso Tlahuica,,,,unusable,,,,,,,,,,,,,,,,,,,,,,,E,land,<1M,"missing_construction_area,missing_coordinates"
mercadolibre,MLM-3227682563,https://departamento.mercadolibre.com.mx/MLM-3227682563-loft-en-venta-condominio-altea-jardines-de-reforma-ii-cuernavaca-_JM,2800000.0,MXN,departamento,50.0,50.0,4,2.0,2,,56000.0,,,,medium,Morelos,Cuernavaca,Jardines De Reforma,,,0721,approximate_coordinate,2498.0,796.0,1688.719393048735,538.1187497465145,0.8165829145728644,0.8932160804020101,13.3,0.9615082482325216,161,921,25,248,37,177,25,95,8,37,4,20,14,44,B,residential,2M-3M,"missing_coordinates,same_land_and_construction_area"
mercadolibre,MLM-3015924537,https://departamento.mercadolibre.com.mx/MLM-3015924537-departamento-en-venta-apti-para-creditos-en-emiliano-zapata-_JM,851000.0,MXN,departamento,42.0,10.0,2,2.0,1,,85100.0,,,,unusable,Morelos,Atlatlahucan,Colonia Emiliano Zapata,,,,unusable,,,,,,,,,,,,,,,,,,,,,,,E,residential,<1M,missing_coordinates
mercadolibre,MLM-2855956733,https://terreno.mercadolibre.com.mx/MLM-2855956733-terreno-en-venta-centro-263-m2-_JM,5680000.0,MXN,terreno,263.0,,,,,,,21596.96,,,unusable,Morelos,Cuautla,Centro,,,,unusable,,,,,,,,,,,,,,,,,,,,,,,E,land,5M-8M,"missing_construction_area,missing_coordinates"
mercadolibre,MLM-3054010939,https://departamento.mercadolibre.com.mx/MLM-3054010939-bonito-departamento-2-recamaras-con-piscina-street-gym-y-pet-park-en-yautepec-_JM,1262500.0,MXN,departamento,69.0,75.0,2,2.0,1,,16833.33,,,,medium,Morelos,Yautepec,Felipe Neri,,,0502,approximate_coordinate,4591.0,1380.0,4856.398831602696,1459.7757324355741,0.4608695652173913,0.586231884057971,10.47,0.9813084112149533,236,659,88,249,42,89,11,26,7,14,1,6,2,11,B,residential,1M-2M,missing_coordinates
mercadolibre,MLM-2755434243,https://departamento.mercadolibre.com.mx/MLM-2755434243-departamento-en-venta-colonia-pedregal-de-las-fuentes-_JM,1800000.0,MXN,departamento,300.0,90.0,2,2.0,1,,20000.0,,,,unusable,Morelos,Jiutepec,Fraccionamiento Valle de las Fuentes,,,,unusable,,,,,,,,,,,,,,,,,,,,,,,E,residential,1M-2M,missing_coordinates
mercadolibre,MLM-5585350502,https://departamento.mercadolibre.com.mx/MLM-5585350502-departamento-en-venta-santa-fe-lifestyle-xochitepec-morelos-_JM,2058050.0,MXN,departamento,88.0,88.0,4,2.0,2,,23386.93,,,,medium,Morelos,Xochitepec,Colinas de Santa Fe,,,,unusable,,,,,,,,,3,132,1,56,1,25,0,3,0,3,0,0,0,3,D,residential,2M-3M,"missing_coordinates,same_land_and_construction_area"
mercadolibre,MLM-4977511762,https://departamento.mercadolibre.com.mx/MLM-4977511762-amueblado-y-equipado-en-exclusivo-fraccionamiento-_JM,5300000.0,MXN,departamento,166.0,166.0,0,4.0,4,,31927.71,,,,medium,Morelos,Emiliano Zapata,Paraíso Country Club,,,,unusable,,,,,,,,,0,36,0,18,0,2,0,2,0,3,0,0,0,0,D,residential,5M-8M,"missing_coordinates,same_land_and_construction_area"
mercadolibre,MLM-2896931467,https://departamento.mercadolibre.com.mx/MLM-2896931467-departamento-en-venta-en-lomas-de-cuernavaca-_JM,3500000.0,MXN,departamento,155.0,155.0,0,2.0,2,,22580.65,,,,unusable,Morelos,Temixco,Junto al Río,,,,unusable,,,,,,,,,,,,,,,,,,,,,,,E,residential,3M-5M,"missing_coordinates,same_land_and_construction_area"
mercadolibre,MLM-4301628038,https://terreno.mercadolibre.com.mx/MLM-4301628038-venta-de-terreno-en-el-fracc-islas-de-cuautla-ayala-morelosclave-5934-_JM,1250000.0,MXN,terreno,623.0,,,,,,,2006.42,,,unusable,Morelos,Ayala,Islas de Cuautla,,,,unusable,,,,,,,,,,,,,,,,,,,,,,,E,land,1M-2M,"missing_construction_area,missing_coordinates"
mercadolibre,MLM-2643948247,https://departamento.mercadolibre.com.mx/MLM-2643948247-departamento-penthouse-en-venta-en-lomas-de-cortes-_JM,3950000.0,MXN,departamento,90.0,95.0,2,2.0,2,,41578.95,,,,medium,Morelos,Cuernavaca,Lomas De Cortes,,,0717,approximate_coordinate,4653.0,1465.0,6525.631889820488,2054.5993377577943,0.6621160409556314,0.8552901023890785,12.51,0.9622166246851386,266,1045,86,372,46,175,14,66,15,39,4,10,10,36,B,residential,3M-5M,missing_coordinates
mercadolibre,MLM-3015912791,https://departamento.mercadolibre.com.mx/MLM-3015912791-departamento-en-venta-apti-para-creditos-en-emiliano-zapata-_JM,851000.0,MXN,departamento,42.0,10.0,2,2.0,1,,85100.0,,,,unusable,Morelos,Atlatlahucan,Colonia Emiliano Zapata,,,,unusable,,,,,,,,,,,,,,,,,,,,,,,E,residential,<1M,missing_coordinates
mercadolibre,MLM-4335857836,https://terreno.mercadolibre.com.mx/MLM-4335857836-terreno-en-venta-en-morelos-juan-morales-yecapixtla-_JM,1356000.0,MXN,terreno,904.0,,,,,,,1500.0,,,unusable,Morelos,Cuautla,Juan Morales,,,,unusable,,,,,,,,,,,,,,,,,,,,,,,E,land,1M-2M,"missing_construction_area,missing_coordinates"
mercadolibre,MLM-2926694113,https://departamento.mercadolibre.com.mx/MLM-2926694113-departamentos-en-venta-en-cocoyoc-yautepec-morelos-_JM,1463000.0,MXN,departamento,65.81,65.81,0,2.0,1,,22230.66,,,,medium,Morelos,Yautepec,Cocoyoc,,,0201,approximate_coordinate,4208.0,1234.0,3679.966722951729,1079.1537395728217,0.38006482982171796,0.5380875202593193,9.52,0.9859034600598034,288,527,142,263,41,84,8,16,4,15,0,0,3,4,B,residential,1M-2M,"missing_coordinates,same_land_and_construction_area"
mercadolibre,MLM-5229571946,https://departamento.mercadolibre.com.mx/MLM-5229571946-penthouses-en-morelos-con-alberca-900000-aplica-para-credi-_JM,1200000.0,MXN,departamento,10.0,80.0,1,1.0,1,,15000.0,,,,medium,Morelos,Jiutepec,Progreso,,,0067,approximate_coordinate,3675.0,1094.0,3309.5309493047475,985.2045873576582,0.5246800731261426,0.6709323583180987,10.74,0.969558599695586,123,616,49,295,14,67,4,17,4,13,0,0,1,2,B,residential,1M-2M,"missing_coordinates,suspicious_surface_pair"
mercadolibre,MLM-5908813138,https://departamento.mercadolibre.com.mx/MLM-5908813138-departamento-en-venta-en-jardines-de-xochitepec-_JM,2036000.0,MXN,departamento,,95.0,4,2.0,2,,21431.58,,,,medium,Morelos,Xochitepec,Jardines De Xochitepec,,,,unusable,,,,,,,,,76,670,34,239,14,140,3,29,1,15,0,11,1,13,D,residential,2M-3M,"missing_coordinates,missing_land_area"
mercadolibre,MLM-5761453374,https://departamento.mercadolibre.com.mx/MLM-5761453374-departamento-en-venta-paraiso-country-club-emiliano-zapata-morelosclave-5757-_JM,5200000.0,MXN,departamento,172.0,172.0,8,2.0,2,,30232.56,,,,unusable,Morelos,Emiliano Zapata,Fraccionamiento Paraíso Country Club,,,,unusable,,,,,,,,,,,,,,,,,,,,,,,E,residential,5M-8M,"missing_coordinates,same_land_and_construction_area"
mercadolibre,MLM-5264352666,https://departamento.mercadolibre.com.mx/MLM-5264352666-departamento-en-venta-en-mariano-matamoros-_JM,5300000.0,MXN,departamento,217.0,217.0,0,3.0,3,,24423.96,,,,medium,Morelos,Temixco,Lomas De Cuernavaca,,,,unusable,,,,,,,,,6,183,4,68,0,34,0,13,1,2,0,4,0,4,D,residential,5M-8M,"missing_coordinates,same_land_and_construction_area"
mercadolibre,MLM-4991661538,https://terreno.mercadolibre.com.mx/MLM-4991661538-terreno-en-venta-cuautla-1400m2-_JM,1470000.0,MXN,terreno,1400.0,,,,,,,1050.0,,,unusable,Morelos,Ayala,El Venadito,,,,unusable,,,,,,,,,,,,,,,,,,,,,,,E,land,1M-2M,"missing_construction_area,missing_coordinates"
mercadolibre,MLM-5338577512,https://departamento.mercadolibre.com.mx/MLM-5338577512-departamento-en-san-miguel-acapantzingo-_JM,7890000.0,MXN,departamento,363.0,,0,3.0,3,,,,,,medium,Morelos,Cuernavaca,San Miguel Acapantzingo,,,0416,approximate_coordinate,5741.0,1841.0,5881.919538448441,1886.1894914272043,0.5681694731124389,0.7566539923954373,11.55,0.9880331389996931,366,847,112,276,56,127,16,52,13,34,2,4,19,56,D,residential,5M-8M,"missing_construction_area,missing_coordinates"
mercadolibre,MLM-3015912687,https://departamento.mercadolibre.com.mx/MLM-3015912687-departamento-en-venta-apti-para-creditos-en-emiliano-zapata-_JM,1038000.0,MXN,departamento,42.0,10.0,2,2.0,1,,103800.0,,,,unusable,Morelos,Atlatlahucan,Colonia Emiliano Zapata,,,,unusable,,,,,,,,,,,,,,,,,,,,,,,E,residential,1M-2M,missing_coordinates
mercadolibre,MLM-2897440679,https://terreno.mercadolibre.com.mx/MLM-2897440679-oportunidad-se-vende-terreno-500-o-1000-metros-a-un-lado-de-sams-cuautla-_JM,2000000.0,MXN,terreno,1000.0,,,,,,,2000.0,,,medium,Morelos,Cuautla,Lázaro Cárdenas,,,0368,approximate_coordinate,1914.0,476.0,3580.4896156099,890.4456933282719,0.47058823529411764,0.5105042016806722,9.39,0.9818763326226013,293,726,144,318,35,115,8,22,7,11,0,2,3,8,B,land,2M-3M,"missing_construction_area,missing_coordinates"
mercadolibre,MLM-2930597693,https://departamento.mercadolibre.com.mx/MLM-2930597693-departamentos-en-venta-en-cocoyoc-yautepec-morelos-_JM,2495937.0,MXN,departamento,82.13,82.13,0,2.0,2,,30390.08,,,,medium,Morelos,Yautepec,Cocoyoc,,,0201,approximate_coordinate,4208.0,1234.0,3679.966722951729,1079.1537395728217,0.38006482982171796,0.5380875202593193,9.52,0.9859034600598034,288,527,142,263,41,84,8,16,4,15,0,0,3,4,B,residential,2M-3M,"missing_coordinates,same_land_and_construction_area"
mercadolibre,MLM-5439223548,https://departamento.mercadolibre.com.mx/MLM-5439223548-dos-departamentos-remodelados-en-venta-parador-hacienda-san-_JM,2700000.0,MXN,departamento,186.0,186.0,2,3.0,3,,14516.13,,,,medium,Morelos,Jiutepec,Emiliano Zapata,,,0067,approximate_coordinate,3675.0,1094.0,3309.5309493047475,985.2045873576582,0.5246800731261426,0.6709323583180987,10.74,0.969558599695586,19,523,9,246,2,62,1,19,1,13,0,0,0,2,B,residential,2M-3M,"missing_coordinates,same_land_and_construction_area"
mercadolibre,MLM-5376528522,https://departamento.mercadolibre.com.mx/MLM-5376528522-departamento-santa-fe-lifestyle-xochitepec-morelos-_JM,2350000.0,MXN,departamento,96.0,96.0,5,2.0,2,,24479.17,,,,medium,Morelos,Xochitepec,Atlacholoaya,,,0473,approximate_coordinate,4533.0,1113.0,3774.8340204221518,926.8454146767824,0.31626235399820307,0.2407906558849955,7.74,0.9912971404890178,202,236,100,115,22,24,4,6,4,7,0,0,1,1,B,residential,2M-3M,"missing_coordinates,same_land_and_construction_area"
mercadolibre,MLM-5281776416,https://departamento.mercadolibre.com.mx/MLM-5281776416-venta-o-renta-de-departamento-club-de-golf-paraiso-country-clubclave-4973-_JM,5000000.0,MXN,departamento,135.0,135.0,0,3.0,3,,37037.04,,,,unusable,Morelos,Emiliano Zapata,Fraccionamiento Paraíso Country Club,,,,unusable,,,,,,,,,,,,,,,,,,,,,,,E,residential,5M-8M,"missing_coordinates,same_land_and_construction_area"
mercadolibre,MLM-2876268967,https://departamento.mercadolibre.com.mx/MLM-2876268967-departamento-en-venta-zona-sur-de-cuernavaca-_JM,3500000.0,MXN,departamento,149.0,149.0,0,3.0,3,,23489.93,,,,unusable,Morelos,Temixco,Junto al Río,,,,unusable,,,,,,,,,,,,,,,,,,,,,,,E,residential,3M-5M,"missing_coordinates,same_land_and_construction_area"
mercadolibre,MLM-4991664272,https://terreno.mercadolibre.com.mx/MLM-4991664272-rancho-en-venta-cuautla-66604-m2-_JM,36632000.0,MXN,terreno,66604.0,,,,,,,550.0,,,unusable,Morelos,Ayala,El Venadito,,,,unusable,,,,,,,,,,,,,,,,,,,,,,,E,land,>20M,"missing_construction_area,missing_coordinates"
mercadolibre,MLM-2720564119,https://departamento.mercadolibre.com.mx/MLM-2720564119-departamento-en-venta-en-tetela-cuernavaca-_JM,2500000.0,MXN,departamento,225.0,150.0,3,2.0,2,,16666.67,,,,medium,Morelos,Cuernavaca,Tetela Del Monte,,,051A,approximate_coordinate,6076.0,1649.0,2685.5540217268144,728.8476928616716,0.4329896907216495,0.6300788356579745,10.09,0.9791542584871947,233,520,133,304,31,61,8,14,1,12,1,1,2,8,B,residential,2M-3M,missing_coordinates
mercadolibre,MLM-3015924229,https://departamento.mercadolibre.com.mx/MLM-3015924229-departamento-en-venta-apti-para-creditos-en-emiliano-zapata-_JM,1038000.0,MXN,departamento,42.0,10.0,2,2.0,1,,103800.0,,,,unusable,Morelos,Atlatlahucan,Colonia Emiliano Zapata,,,,unusable,,,,,,,,,,,,,,,,,,,,,,,E,residential,1M-2M,missing_coordinates
mercadolibre,MLM-4044905808,https://terreno.mercadolibre.com.mx/MLM-4044905808-terreno-en-cuautla-morelos-con-bardas-excelente-ubicacion-_JM,3700000.0,MXN,terreno,,,,,,,,,,,medium,Morelos,Cuautla,Miguel Hidalgo,,,0620,approximate_coordinate,3394.0,977.0,6289.341047804352,1810.4555697421483,0.3541453428863869,0.5721596724667349,9.92,0.9731653888280394,282,1297,97,523,47,200,14,83,15,43,1,18,4,21,D,land,3M-5M,"missing_construction_area,missing_coordinates,missing_land_area"
mercadolibre,MLM-3006163883,https://departamento.mercadolibre.com.mx/MLM-3006163883-departamento-en-oacalco-con-roofgarden-_JM,2250000.0,MXN,departamento,153.0,153.0,5,3.0,3,,14705.88,,,,medium,Morelos,Yautepec,Oacalco,,,0998,approximate_coordinate,1525.0,464.0,2251.084906966465,684.9202602179932,0.375,0.48060344827586204,10.06,0.9882198952879581,183,199,76,82,36,37,6,6,7,7,0,0,2,3,B,residential,2M-3M,"missing_coordinates,same_land_and_construction_area"
mercadolibre,MLM-2853171345,https://departamento.mercadolibre.com.mx/MLM-2853171345-departamento-jiutepec-_JM,1188000.0,MXN,departamento,60.0,60.0,2,2.0,1,,19800.0,,,,medium,Morelos,Jiutepec,Vista Hermosa,,,0692,approximate_coordinate,4084.0,1127.0,4417.972614073187,1219.161394725877,0.318544809228039,0.5048802129547472,8.73,0.9756769160165213,117,421,74,203,8,35,2,13,0,14,0,1,0,4,B,residential,1M-2M,"missing_coordinates,same_land_and_construction_area"
mercadolibre,MLM-5573130126,https://departamento.mercadolibre.com.mx/MLM-5573130126-venta-de-departamento-en-condominio-santa-fe-xochitepec-morelosclave-5997-_JM,1904050.0,MXN,departamento,88.0,,0,2.0,1,,,,,,unusable,Morelos,Xochitepec,Club de Golf Santa Fe,,,,unusable,,,,,,,,,,,,,,,,,,,,,,,E,residential,1M-2M,"missing_construction_area,missing_coordinates"
mercadolibre,MLM-5824022714,https://departamento.mercadolibre.com.mx/MLM-5824022714-se-vende-departamento-en-condominio-ceiba-emiliano-zapata-morelos-_JM,1100000.0,MXN,departamento,74.0,74.0,4,2.0,2,,14864.86,,,,medium,Morelos,Emiliano Zapata,Emiliano Zapata,,,0038,approximate_coordinate,4664.0,1272.0,11925.068484559137,3252.2914048797647,0.2940251572327044,0.5345911949685535,9.3,0.9810126582278481,788,1784,414,892,76,207,33,62,17,30,6,12,13,23,B,residential,1M-2M,"missing_coordinates,same_land_and_construction_area"
mercadolibre,MLM-5759035700,https://departamento.mercadolibre.com.mx/MLM-5759035700-departamento-en-venta-149-m2-3-recamaras-3-banos-completos-_JM,3750000.0,MXN,departamento,149.0,149.0,3,3.0,3,,25167.79,,,,medium,Morelos,Temixco,Burgos,,,0918,approximate_coordinate,471.0,152.0,5847.590513522652,1887.1205054255693,0.39473684210526316,0.6578947368421053,11.27,1.0,33,199,14,105,1,20,1,4,4,8,0,0,1,3,B,residential,3M-5M,"missing_coordinates,same_land_and_construction_area"
mercadolibre,MLM-4048532224,https://terreno.mercadolibre.com.mx/MLM-4048532224-terreno-en-venta-en-fraccionamiento-isla-de-cuautla-1098-m2-morelos-_JM,770000.0,MXN,terreno,1098.0,,,,,,,701.28,,,unusable,Morelos,Ayala,,,,,unusable,,,,,,,,,,,,,,,,,,,,,,,E,land,<1M,"missing_construction_area,missing_coordinates"
mercadolibre,MLM-2748679689,https://departamento.mercadolibre.com.mx/MLM-2748679689-departamento-en-venta-en-cuernavaca-seguridad-24hrs-_JM,2800000.0,MXN,departamento,2000.0,90.0,2,2.0,2,,31111.11,,,,medium,Morelos,Cuernavaca,Tlaltenango,,,012A,approximate_coordinate,4133.0,1476.0,2395.155084562358,855.371135933714,0.7018970189701897,0.8638211382113821,13.53,0.9696021457308895,170,592,44,169,21,79,15,31,19,42,2,10,5,27,B,residential,2M-3M,"missing_coordinates,suspicious_surface_pair"
mercadolibre,MLM-5107528548,https://departamento.mercadolibre.com.mx/MLM-5107528548-departamento-en-venta-para-estrenar-_JM,960480.0,MXN,departamento,48.0,48.0,2,2.0,1,,20010.0,,,,unusable,Morelos,Atlatlahucan,Colonia Emiliano Zapata,,,,unusable,,,,,,,,,,,,,,,,,,,,,,,E,residential,<1M,"missing_coordinates,same_land_and_construction_area"
mercadolibre,MLM-4819267738,https://terreno.mercadolibre.com.mx/MLM-4819267738-terreno-en-venta-en-el-polvorin-cuautla-morelos-_JM,1200000.0,MXN,terreno,900.0,,,,,,,1333.33,,,unusable,Morelos,Cuautla,Otra Colonia,,,,unusable,,,,,,,,,,,,,,,,,,,,,,,E,land,1M-2M,"missing_construction_area,missing_coordinates"
mercadolibre,MLM-3009382263,https://departamento.mercadolibre.com.mx/MLM-3009382263-departamento-con-roff-en-oacalco-_JM,2250000.0,MXN,departamento,153.0,153.0,5,3.0,3,,14705.88,,,,medium,Morelos,Yautepec,Oacalco,,,0998,approximate_coordinate,1525.0,464.0,2251.084906966465,684.9202602179932,0.375,0.48060344827586204,10.06,0.9882198952879581,183,199,76,82,36,37,6,6,7,7,0,0,2,3,B,residential,2M-3M,"missing_coordinates,same_land_and_construction_area"
mercadolibre,MLM-3222293613,https://departamento.mercadolibre.com.mx/MLM-3222293613-departamento-en-campestre-jiutepec-morelos-_JM,800000.0,MXN,departamento,58.0,58.0,2,2.0,1,,13793.1,,,,low,Morelos,Jiutepec,Campestre,,,,unusable,,,,,,,,,,,,,,,,,,,,,,,E,residential,<1M,"missing_coordinates,same_land_and_construction_area"
mercadolibre,MLM-3308278815,https://departamento.mercadolibre.com.mx/MLM-3308278815-departamento-venta-blv-mar-mediterraneo-14-burdeos-xochitepec-mor-_JM,2420000.0,MXN,departamento,95.98,95.98,0,2.0,2,,25213.59,,,,medium,Morelos,Xochitepec,Real Del Puente,,,,unusable,,,,,,,,,46,365,21,140,5,65,3,18,0,5,0,0,0,7,D,residential,2M-3M,"missing_coordinates,same_land_and_construction_area"
mercadolibre,MLM-5281622380,https://departamento.mercadolibre.com.mx/MLM-5281622380-venta-de-departamento-paraiso-country-club-zapata-morelosclave-5142-_JM,4200000.0,MXN,departamento,135.0,135.0,10,3.0,3,,31111.11,,,,unusable,Morelos,Emiliano Zapata,Fraccionamiento Paraíso Country Club,,,,unusable,,,,,,,,,,,,,,,,,,,,,,,E,residential,3M-5M,"missing_coordinates,same_land_and_construction_area"
mercadolibre,MLM-2896969225,https://departamento.mercadolibre.com.mx/MLM-2896969225-departamento-en-planta-baja-en-fraccionamiento-junto-al-rio-_JM,3600000.0,MXN,departamento,145.0,,0,3.0,3,,,,,,unusable,Morelos,Temixco,Junto al Río,,,,unusable,,,,,,,,,,,,,,,,,,,,,,,E,residential,3M-5M,"missing_construction_area,missing_coordinates"
mercadolibre,MLM-6013097444,https://terreno.mercadolibre.com.mx/MLM-6013097444-terreno-en-venta-en-islas-de-cuautla-_JM,511200.0,MXN,terreno,426.0,,,,,,,1200.0,,,unusable,Morelos,Ayala,Islas de Cuautla,,,,unusable,,,,,,,,,,,,,,,,,,,,,,,E,land,<1M,"missing_construction_area,missing_coordinates"
mercadolibre,MLM-3006475005,https://departamento.mercadolibre.com.mx/MLM-3006475005-departamento-en-venta-in-rancho-cortes-morelos-_JM,4950000.0,MXN,departamento,150.0,150.0,3,3.0,3,,33000.0,,,,unusable,Morelos,Cuernavaca,Rancho Cortes,,,,unusable,,,,,,,,,,,,,,,,,,,,,,,E,residential,3M-5M,"missing_coordinates,same_land_and_construction_area"
mercadolibre,MLM-5439143118,https://departamento.mercadolibre.com.mx/MLM-5439143118-oprtunidad-de-inversin-departamento-en-venta-en-lomas-de-c-_JM,7500000.0,MXN,departamento,1109.0,302.0,3,2.0,2,,24834.44,,,,medium,Morelos,Atlatlahucan,Lomas De Cocoyoc,,,0138,approximate_coordinate,973.0,397.0,335.65998876705885,136.9547950056756,0.924433249370277,0.9420654911838791,14.18,0.972568578553616,46,49,16,16,15,15,1,1,0,1,0,0,0,0,B,residential,5M-8M,missing_coordinates
mercadolibre,MLM-4647992916,https://terreno.mercadolibre.com.mx/MLM-4647992916-terreno-en-venta-en-colonia-del-empleado-en-cuautla-morelos-_JM,2300000.0,MXN,terreno,1000.0,,,,,,,2300.0,,,unusable,Morelos,Cuautla,Empleado Municipal,,,,unusable,,,,,,,,,,,,,,,,,,,,,,,E,land,2M-3M,"missing_construction_area,missing_coordinates"
mercadolibre,MLM-5811579362,https://departamento.mercadolibre.com.mx/MLM-5811579362-departamento-en-altos-de-oaxtepec-preventa-_JM,1799000.0,MXN,departamento,94.0,94.0,4,2.0,2,,19138.3,,,,medium,Morelos,Yautepec,Altos De Oaxtepec,,,0610,approximate_coordinate,122.0,44.0,220.311520394528,79.4566139127806,0.7954545454545454,0.7045454545454546,11.64,0.9245283018867925,0,3,0,0,0,0,0,1,0,1,0,0,0,0,B,residential,1M-2M,"missing_coordinates,same_land_and_construction_area"
mercadolibre,MLM-5264352732,https://departamento.mercadolibre.com.mx/MLM-5264352732-departamento-en-venta-en-dr-jose-g-parres-_JM,3000000.0,MXN,departamento,,160.0,0,3.0,3,,18750.0,,,,unusable,Morelos,Jiutepec,Pueblo José G Parres,,,,unusable,,,,,,,,,,,,,,,,,,,,,,,E,residential,3M-5M,"missing_coordinates,missing_land_area"
mercadolibre,MLM-5823148098,https://departamento.mercadolibre.com.mx/MLM-5823148098-departamento-en-venta-en-xochitepec-morelos-loft-en-zona-exclusiva-en-lujoso-condominio-_JM,2780000.0,MXN,departamento,199.16,89.55,1,1.0,1,,31044.11,,,,unusable,Morelos,Xochitepec,Otra Colonia,,,,unusable,,,,,,,,,,,,,,,,,,,,,,,E,residential,2M-3M,missing_coordinates
mercadolibre,MLM-5330777556,https://departamento.mercadolibre.com.mx/MLM-5330777556-departamento-en-venta-en-morelos-emiliano-zapata-_JM,1250000.0,MXN,departamento,50.0,50.0,3,2.0,1,,25000.0,,,,medium,Morelos,Emiliano Zapata,Modesto Rangel,,,0269,approximate_coordinate,3079.0,985.0,2243.575931821806,717.7402704918737,0.8395939086294416,0.8913705583756345,13.39,0.9699754901960784,62,319,23,144,10,36,1,4,0,5,0,1,0,1,B,residential,1M-2M,"missing_coordinates,same_land_and_construction_area"
mercadolibre,MLM-2904775199,https://departamento.mercadolibre.com.mx/MLM-2904775199-departamento-en-venta-149-m2-3-recamaras-3-banos-completos-_JM,3750000.0,MXN,departamento,149.0,149.0,3,3.0,3,,25167.79,,,,medium,Morelos,Temixco,Burgos,,,0918,approximate_coordinate,471.0,152.0,5847.590513522652,1887.1205054255693,0.39473684210526316,0.6578947368421053,11.27,1.0,33,199,14,105,1,20,1,4,4,8,0,0,1,3,B,residential,3M-5M,"missing_coordinates,same_land_and_construction_area"
mercadolibre,MLM-5996884654,https://terreno.mercadolibre.com.mx/MLM-5996884654-terreno-en-venta-en-morelos-cuahuixtla-ayala-_JM,1688225.0,MXN,terreno,964.0,,,,,,,1751.27,,,unusable,Morelos,Ayala,Cuahuixtla,,,,unusable,,,,,,,,,,,,,,,,,,,,,,,E,land,1M-2M,"missing_construction_area,missing_coordinates"
mercadolibre,MLM-5633123440,https://departamento.mercadolibre.com.mx/MLM-5633123440-loft-en-venta-condominio-altea-jardines-de-reforma-ii-cuernavaca-_JM,2800000.0,MXN,departamento,50.0,50.0,2,1.0,1,,56000.0,,,,medium,Morelos,Cuernavaca,Jardines De Reforma,,,0721,approximate_coordinate,2498.0,796.0,1688.719393048735,538.1187497465145,0.8165829145728644,0.8932160804020101,13.3,0.9615082482325216,161,921,25,248,37,177,25,95,8,37,4,20,14,44,B,residential,2M-3M,"missing_coordinates,same_land_and_construction_area"
mercadolibre,MLM-5228900742,https://departamento.mercadolibre.com.mx/MLM-5228900742-departamento-en-paraiso-country-club-_JM,4250000.0,MXN,departamento,135.0,135.0,3,3.0,3,,31481.48,,,,unusable,Morelos,Atlatlahucan,Colonia Emiliano Zapata,,,,unusable,,,,,,,,,,,,,,,,,,,,,,,E,residential,3M-5M,"missing_coordinates,same_land_and_construction_area"
mercadolibre,MLM-4972242480,https://terreno.mercadolibre.com.mx/MLM-4972242480-terreno-planoescrituras-publicas-col-cuautlixco-_JM,1138500.0,MXN,terreno,195.0,,,,,,,5838.46,,,low,Morelos,Cuautla,Cuautlixco,,,,unusable,,,,,,,,,,,,,,,,,,,,,,,E,land,1M-2M,"missing_construction_area,missing_coordinates"
mercadolibre,MLM-5369657832,https://departamento.mercadolibre.com.mx/MLM-5369657832-departamento-en-venta-en-morelos-cascadas-de-cocoyoc-oaxtepec-_JM,2650000.0,MXN,departamento,104.0,104.0,5,2.0,2,,25480.77,,,,medium,Morelos,Yautepec,Real de Oaxtepec,,,0409,approximate_coordinate,288.0,100.0,353.56376816215766,122.76519727852695,0.83,0.79,11.66,0.9645390070921985,2,44,1,12,0,11,0,2,0,0,0,0,0,0,B,residential,2M-3M,"missing_coordinates,same_land_and_construction_area"
mercadolibre,MLM-5573424364,https://departamento.mercadolibre.com.mx/MLM-5573424364-pre-venta-de-departamentos-centro-de-jiutepec-morelosclave-4287-_JM,1417500.0,MXN,departamento,72.0,72.0,0,2.0,1,,19687.5,,,,medium,Morelos,Jiutepec,Centro Jiutepec,,,1084,approximate_coordinate,2129.0,704.0,6005.284940640889,1985.7776412452727,0.5710227272727273,0.8181818181818182,12.54,0.9747211895910781,545,1899,218,865,75,232,27,74,32,49,12,16,9,29,B,residential,1M-2M,"missing_coordinates,same_land_and_construction_area"
mercadolibre,MLM-4511498940,https://departamento.mercadolibre.com.mx/MLM-4511498940-departamento-modelo-bilbao-tu-nuevo-hogar-en-grand-montessino-santa-fe-xochitepec-_JM,1900000.0,MXN,departamento,80.0,80.0,3,2.0,2,,23750.0,,,,unusable,Morelos,Xochitepec,Club de Golf Santa Fe,,,,unusable,,,,,,,,,,,,,,,,,,,,,,,E,residential,1M-2M,"missing_coordinates,same_land_and_construction_area"
mercadolibre,MLM-5624954940,https://departamento.mercadolibre.com.mx/MLM-5624954940-se-vende-departamento-3-rec-2-banos-alberca-y-jardin-_JM,1150000.0,MXN,departamento,72.0,72.0,3,2.0,2,,15972.22,,,,unusable,Morelos,Emiliano Zapata,Colonia San Francisco,,,,unusable,,,,,,,,,,,,,,,,,,,,,,,E,residential,1M-2M,"missing_coordinates,same_land_and_construction_area"
mercadolibre,MLM-4819147924,https://departamento.mercadolibre.com.mx/MLM-4819147924-departamento-en-venta-fracc-colinas-del-altar-santa-ursula-temixco-_JM,850000.0,MXN,departamento,70.0,70.0,0,2.0,1,,12142.86,,,,unusable,Morelos,Temixco,,,,,unusable,,,,,,,,,,,,,,,,,,,,,,,E,residential,<1M,"missing_coordinates,same_land_and_construction_area"
mercadolibre,MLM-2385530245,https://terreno.mercadolibre.com.mx/MLM-2385530245-casa-en-venta-en-altos-de-oaxtepec-_JM,3500000.0,MXN,casa,300.0,300.0,3,1.0,,,11666.67,,,,low,Morelos,Ayala,Leopoldo Heredia,,,,unusable,,,,,,,,,,,,,,,,,,,,,,,E,residential,3M-5M,"missing_coordinates,same_land_and_construction_area"
mercadolibre,MLM-2784891811,https://departamento.mercadolibre.com.mx/MLM-2784891811-departamento-en-venta-san-anton-cuernavaca-puente-2000-_JM,2000000.0,MXN,departamento,70.0,70.0,4,2.0,2,,28571.43,,,,medium,Morelos,Cuernavaca,San Antón,,,0986,approximate_coordinate,3987.0,1161.0,7790.625045113483,2268.6018754393663,0.4453057708871662,0.7002583979328165,11.3,0.9738717339667459,297,1880,137,770,34,262,4,99,8,49,0,46,8,95,B,residential,2M-3M,"missing_coordinates,same_land_and_construction_area"
mercadolibre,MLM-2945637589,https://departamento.mercadolibre.com.mx/MLM-2945637589-departamento-en-venta-en-fraccionamiento-la-loma-_JM,1400000.0,MXN,departamento,45.0,45.0,2,2.0,1,,31111.11,,,,medium,Morelos,Atlatlahucan,San Juan Texcalpan,,,0138,approximate_coordinate,973.0,397.0,335.65998876705885,136.9547950056756,0.924433249370277,0.9420654911838791,14.18,0.972568578553616,0,1,0,0,0,0,0,0,0,0,0,0,0,0,B,residential,1M-2M,"missing_coordinates,same_land_and_construction_area"
mercadolibre,MLM-3871630662,https://terreno.mercadolibre.com.mx/MLM-3871630662-terreno-en-cuautla-morelos-venta-con-alberca-excelente-jardin-_JM,3750000.0,MXN,terreno,835.0,,2,,,,,4491.02,,,medium,Morelos,Cuautla,Lázaro Cárdenas,,,0368,approximate_coordinate,1914.0,476.0,3580.4896156099,890.4456933282719,0.47058823529411764,0.5105042016806722,9.39,0.9818763326226013,293,726,144,318,35,115,8,22,7,11,0,2,3,8,B,land,3M-5M,"missing_construction_area,missing_coordinates"
mercadolibre,MLM-2582345675,https://departamento.mercadolibre.com.mx/MLM-2582345675-departamento-en-venta-yautepec-morelos-_JM,1214700.0,MXN,departamento,89.0,89.0,2,2.0,2,,13648.31,,,,medium,Morelos,Yautepec,Felipe Neri,,,0502,approximate_coordinate,4591.0,1380.0,4856.398831602696,1459.7757324355741,0.4608695652173913,0.586231884057971,10.47,0.9813084112149533,236,659,88,249,42,89,11,26,7,14,1,6,2,11,B,residential,1M-2M,"missing_coordinates,same_land_and_construction_area"
mercadolibre,MLM-5445128238,https://departamento.mercadolibre.com.mx/MLM-5445128238-departamento-en-venta-en-jiutepec-morelos-centro-_JM,2300000.0,MXN,departamento,78.0,78.0,5,2.0,2,,29487.18,,,,medium,Morelos,Jiutepec,Centro Jiutepec,,,1084,approximate_coordinate,2129.0,704.0,6005.284940640889,1985.7776412452727,0.5710227272727273,0.8181818181818182,12.54,0.9747211895910781,545,1899,218,865,75,232,27,74,32,49,12,16,9,29,B,residential,2M-3M,"missing_coordinates,same_land_and_construction_area"
mercadolibre,MLM-4885574386,https://departamento.mercadolibre.com.mx/MLM-4885574386-disfrutalo-estrenalo-santa-fe-xochitepec-morelos-infonavitfovissste-bancarios-y-mas-_JM,1900000.0,MXN,departamento,,78.0,3,2.0,2,,24358.97,,,,unusable,Morelos,Xochitepec,Fraccionamiento Lomas del Manantial,,,,unusable,,,,,,,,,,,,,,,,,,,,,,,E,residential,1M-2M,"missing_coordinates,missing_land_area"
mercadolibre,MLM-4476112180,https://departamento.mercadolibre.com.mx/MLM-4476112180-paraiso-country-club-departamento-con-amplios-espacios-4-recamaras-alberca-jacuzzi-pool-bar-_JM,6200000.0,MXN,departamento,187.66,187.66,4,4.0,4,,33038.47,,,,medium,Morelos,Emiliano Zapata,Emiliano Zapata,,,0038,approximate_coordinate,4664.0,1272.0,11925.068484559137,3252.2914048797647,0.2940251572327044,0.5345911949685535,9.3,0.9810126582278481,788,1784,414,892,76,207,33,62,17,30,6,12,13,23,B,residential,5M-8M,"missing_coordinates,same_land_and_construction_area"
mercadolibre,MLM-5281648296,https://departamento.mercadolibre.com.mx/MLM-5281648296-venta-de-penth-house-lomas-de-cuernavaca-temixco-morelosclave-5457-_JM,5300000.0,MXN,casa,216.0,216.0,9,4.0,4,,24537.04,,,,medium,Morelos,Temixco,Lomas De Cuernavaca,,,,unusable,,,,,,,,,6,183,4,68,0,34,0,13,1,2,0,4,0,4,D,residential,5M-8M,"missing_coordinates,same_land_and_construction_area"
mercadolibre,MLM-2985878831,https://terreno.mercadolibre.com.mx/MLM-2985878831-terreno-en-venta-en-parque-industrial-cuautla-_JM,5056000.0,MXN,terreno,5056.0,,,,,,,1000.0,,,medium,Morelos,Ayala,Ciudad Ayala,,,0039,approximate_coordinate,2879.0,820.0,5071.30302452846,1444.4141994141498,0.4402439024390244,0.5597560975609757,10.83,0.9796472184531886,356,513,168,222,52,69,11,16,7,10,2,2,5,6,B,land,5M-8M,"missing_construction_area,missing_coordinates"
mercadolibre,MLM-3154110049,https://departamento.mercadolibre.com.mx/MLM-3154110049-departamento-en-venta-condominio-agapanto-acapatzingo-cuernavaca-_JM,4700000.0,MXN,departamento,90.0,90.0,6,2.0,2,,52222.22,,,,unusable,Morelos,Cuernavaca,Acapatzingo,,,,unusable,,,,,,,,,,,,,,,,,,,,,,,E,residential,3M-5M,"missing_coordinates,same_land_and_construction_area"
mercadolibre,MLM-2904776693,https://departamento.mercadolibre.com.mx/MLM-2904776693-venta-de-departamento-en-planta-baja-atlatlahucan-morelosclave-4645-_JM,,,departamento,,,,,,,,,,,unusable,Morelos,Atlatlahucan,,,,,unusable,,,,,,,,,,,,,,,,,,,,,,,E,residential,,"missing_construction_area,missing_coordinates,missing_land_area,missing_price"
mercadolibre,MLM-5450630134,https://terreno.mercadolibre.com.mx/MLM-5450630134-terreno-en-venta-en-cuautla-morelos-_JM,480000.0,MXN,terreno,227.0,,,,,,,2114.54,,,unusable,Morelos,Cuautla,Año De Juárez,,,,unusable,,,,,,,,,,,,,,,,,,,,,,,E,land,<1M,"missing_construction_area,missing_coordinates"
mercadolibre,MLM-5553735570,https://departamento.mercadolibre.com.mx/MLM-5553735570-loft-de-lujo-en-venta-en-oaxtepec-morelos-amenidades-premium-_JM,1800000.0,MXN,departamento,42.0,42.0,1,1.0,1,,42857.14,,,,medium,Morelos,Yautepec,Oaxtepec Centro,,,0273,approximate_coordinate,45.0,12.0,30.915232939279242,8.244062117141132,0.5833333333333334,0.6666666666666666,11.36,1.0,49,557,13,222,28,184,0,20,4,9,0,2,0,11,B,residential,1M-2M,"missing_coordinates,same_land_and_construction_area"
mercadolibre,MLM-5445165554,https://departamento.mercadolibre.com.mx/MLM-5445165554-departamento-en-venta-en-residencial-magnolia-jiutepec-morelos-_JM,1585000.0,MXN,departamento,65.0,65.0,3,2.0,1,,24384.62,,,,medium,Morelos,Jiutepec,Centro Jiutepec,,,1084,approximate_coordinate,2129.0,704.0,6005.284940640889,1985.7776412452727,0.5710227272727273,0.8181818181818182,12.54,0.9747211895910781,545,1899,218,865,75,232,27,74,32,49,12,16,9,29,B,residential,1M-2M,"missing_coordinates,same_land_and_construction_area"
mercadolibre,MLM-5960935576,https://departamento.mercadolibre.com.mx/MLM-5960935576-tu-nuevo-depa-3-recamaras-2-banos-2-estacionaimientos-alberca-y-palapa-parque-lineal-de-9-amenidades-xochitepec-cerca-de-cuernavaca-_JM,1900000.0,MXN,departamento,,78.0,3,2.0,2,,24358.97,,,,unusable,Morelos,Xochitepec,Fraccionamiento Lomas del Manantial,,,,unusable,,,,,,,,,,,,,,,,,,,,,,,E,residential,1M-2M,"missing_coordinates,missing_land_area"
mercadolibre,MLM-2985431893,https://departamento.mercadolibre.com.mx/MLM-2985431893-departamento-de-lujo-e-paraiso-country-club-exclusividad-golf-tranquilidad-plusvalia-_JM,7200000.0,MXN,departamento,188.0,188.0,3,4.0,4,,38297.87,,,,medium,Morelos,Emiliano Zapata,Paraíso Country Club,,,,unusable,,,,,,,,,0,36,0,18,0,2,0,2,0,3,0,0,0,0,D,residential,5M-8M,"missing_coordinates,same_land_and_construction_area"
mercadolibre,MLM-5006114610,https://departamento.mercadolibre.com.mx/MLM-5006114610-departamento-en-lomas-de-cuernavaca-temixco-morelos-caen-er-966-de-_JM,5300000.0,MXN,departamento,217.0,217.0,7,3.0,3,,24423.96,,,,medium,Morelos,Temixco,Lomas De Cuernavaca,,,,unusable,,,,,,,,,6,183,4,68,0,34,0,13,1,2,0,4,0,4,D,residential,5M-8M,"missing_coordinates,same_land_and_construction_area"
mercadolibre,MLM-4754210344,https://terreno.mercadolibre.com.mx/MLM-4754210344-terreno-en-fraccionamiento-campestre-villa-dorada-morelos-_JM,500000.0,MXN,terreno,269.68,,,,,,,1854.05,,,medium,Morelos,Ayala,Colonia General Emiliano Zapata,,,,unusable,,,,,,,,,0,0,0,0,0,0,0,0,0,0,0,0,0,0,D,land,<1M,"missing_construction_area,missing_coordinates"
mercadolibre,MLM-5811580696,https://departamento.mercadolibre.com.mx/MLM-5811580696-en-venta-departamento-penthouse-e-condominio-trapiche-rancho-cortes-cuernavaca-_JM,9500000.0,MXN,departamento,284.0,284.0,9,5.0,5,,33450.7,,,,unusable,Morelos,Cuernavaca,Rancho Cortes,,,,unusable,,,,,,,,,,,,,,,,,,,,,,,E,residential,8M-12M,"missing_coordinates,same_land_and_construction_area"
mercadolibre,MLM-2798041817,https://departamento.mercadolibre.com.mx/MLM-2798041817-departamento-en-venta-en-condominio-horizontal-la-loma-_JM,1275000.0,MXN,departamento,62.0,62.0,0,2.0,1,,20564.52,,,,medium,Morelos,Atlatlahucan,San Juan Texcalpan,,,0138,approximate_coordinate,973.0,397.0,335.65998876705885,136.9547950056756,0.924433249370277,0.9420654911838791,14.18,0.972568578553616,0,1,0,0,0,0,0,0,0,0,0,0,0,0,B,residential,1M-2M,"missing_coordinates,same_land_and_construction_area"
mercadolibre,MLM-5428243280,https://terreno.mercadolibre.com.mx/MLM-5428243280-terreno-en-venta-en-cuautla-_JM,1350000.0,MXN,terreno,423.0,,,,,,,3191.49,,,medium,Morelos,Cuautla,Hermenegildo Galeana,,,0476,approximate_coordinate,2592.0,802.0,6350.453763750154,1964.9166352344228,0.4077306733167082,0.6458852867830424,11.07,0.9784122562674095,497,1496,178,557,78,259,40,95,12,43,2,18,13,25,B,land,1M-2M,"missing_construction_area,missing_coordinates"
mercadolibre,MLM-4514372026,https://departamento.mercadolibre.com.mx/MLM-4514372026-departamento-en-cuernavaca-morelos-modelo-cascadas-con-alberca-y-lago-artificial-_JM,4080000.0,MXN,departamento,128.77,128.77,3,2.0,2,,31684.4,,,,medium,Morelos,Yautepec,Real de Oaxtepec,,,0409,approximate_coordinate,288.0,100.0,353.56376816215766,122.76519727852695,0.83,0.79,11.66,0.9645390070921985,2,44,1,12,0,11,0,2,0,0,0,0,0,0,B,residential,3M-5M,"missing_coordinates,same_land_and_construction_area"
mercadolibre,MLM-4777623996,https://departamento.mercadolibre.com.mx/MLM-4777623996-departamento-en-venta-en-dr-jose-g-parres-_JM,3000000.0,MXN,departamento,,160.0,0,3.0,3,,18750.0,,,,unusable,Morelos,Jiutepec,Pueblo José G Parres,,,,unusable,,,,,,,,,,,,,,,,,,,,,,,E,residential,3M-5M,"missing_coordinates,missing_land_area"
mercadolibre,MLM-3084897379,https://departamento.mercadolibre.com.mx/MLM-3084897379-departamento-en-pb-con-jardin-santa-fe-lifestyle-xochitepec-_JM,2350000.0,MXN,departamento,96.0,96.0,5,2.0,2,,24479.17,,,,medium,Morelos,Xochitepec,Atlacholoaya,,,0473,approximate_coordinate,4533.0,1113.0,3774.8340204221518,926.8454146767824,0.31626235399820307,0.2407906558849955,7.74,0.9912971404890178,202,236,100,115,22,24,4,6,4,7,0,0,1,1,B,residential,2M-3M,"missing_coordinates,same_land_and_construction_area"
mercadolibre,MLM-5650670150,https://departamento.mercadolibre.com.mx/MLM-5650670150-te-gusta-el-golf-ven-a-vivirlo-desde-620000000-paraiso-country-club-_JM,6200000.0,MXN,departamento,174.0,187.37,4,4.0,4,,33089.61,,,,medium,Morelos,Emiliano Zapata,Paraíso Country Club,,,,unusable,,,,,,,,,0,36,0,18,0,2,0,2,0,3,0,0,0,0,D,residential,5M-8M,missing_coordinates
mercadolibre,MLM-5325956952,https://departamento.mercadolibre.com.mx/MLM-5325956952-departamento-con-terraza-privada-y-amenidades-tipo-resort-en-temixco-morelosclave-6203-_JM,3400000.0,MXN,departamento,149.0,,7,3.0,3,,,,,,unusable,Morelos,Temixco,Junto al Río,,,,unusable,,,,,,,,,,,,,,,,,,,,,,,E,residential,3M-5M,"missing_construction_area,missing_coordinates"
mercadolibre,MLM-5248463348,https://terreno.mercadolibre.com.mx/MLM-5248463348-terreno-en-venta-en-morelos-villa-de-ayala-_JM,345000.0,MXN,terreno,150.0,,,,,,,2300.0,,,unusable,Morelos,Ayala,,,,,unusable,,,,,,,,,,,,,,,,,,,,,,,E,land,<1M,"missing_construction_area,missing_coordinates"
mercadolibre,MLM-5762621778,https://departamento.mercadolibre.com.mx/MLM-5762621778-departamento-en-venta-en-tetela-del-monte-cuernavaca-morelos-_JM,2390000.0,MXN,departamento,282.0,120.0,2,3.0,3,,19916.67,,,,medium,Morelos,Cuernavaca,Tetela Del Monte,,,051A,approximate_coordinate,6076.0,1649.0,2685.5540217268144,728.8476928616716,0.4329896907216495,0.6300788356579745,10.09,0.9791542584871947,233,520,133,304,31,61,8,14,1,12,1,1,2,8,B,residential,2M-3M,missing_coordinates
mercadolibre,MLM-5641715946,https://departamento.mercadolibre.com.mx/MLM-5641715946-departamento-en-venta-en-atlatlahucan-_JM,1200000.0,MXN,departamento,85.0,85.0,3,2.0,1,,14117.65,,,,medium,Morelos,Atlatlahucan,San Juan Texcalpan,,,0138,approximate_coordinate,973.0,397.0,335.65998876705885,136.9547950056756,0.924433249370277,0.9420654911838791,14.18,0.972568578553616,0,1,0,0,0,0,0,0,0,0,0,0,0,0,B,residential,1M-2M,"missing_coordinates,same_land_and_construction_area"
mercadolibre,MLM-5705627478,https://departamento.mercadolibre.com.mx/MLM-5705627478-departamento-en-sitio-del-sol-cuautla-morelos-venta-_JM,1880000.0,MXN,departamento,70.0,80.0,3,2.0,2,,23500.0,,,,medium,Morelos,Cuautla,Sitio Del Sol,,,0014,approximate_coordinate,2050.0,523.0,1887.0063470578307,481.4167412249978,0.3862332695984704,0.37667304015296366,8.75,0.9742574257425742,160,265,83,128,40,48,1,2,1,4,3,3,2,2,B,residential,1M-2M,missing_coordinates
mercadolibre,MLM-3290425437,https://departamento.mercadolibre.com.mx/MLM-3290425437-depa-nuevo-3-recamaras-2-banos-2-estacionamientos-con-exclusivo-lago-artificial-casa-club-multicanchas-deportivas-_JM,2700000.0,MXN,casa,,100.0,3,2.0,2,,27000.0,,,,medium,Morelos,Yautepec,Pedregal De Oaxtepec,,,0432,approximate_coordinate,630.0,187.0,653.8871844015503,194.09032298903156,0.4117647058823529,0.3689839572192513,9.09,0.9777777777777777,44,713,12,284,8,176,3,33,0,7,0,3,0,18,C,residential,2M-3M,"missing_coordinates,missing_land_area"
mercadolibre,MLM-4904087280,https://departamento.mercadolibre.com.mx/MLM-4904087280-departamento-en-jose-g-parres-jiutepec-_JM,3000000.0,MXN,departamento,160.0,160.0,3,3.0,3,,18750.0,,,,medium,Morelos,Jiutepec,José G Parres,,,0175,approximate_coordinate,558.0,162.0,3300.7406107033376,958.2795321396786,0.49382716049382713,0.6975308641975309,10.94,0.9597523219814241,96,232,43,113,10,22,5,7,2,3,0,0,1,1,B,residential,3M-5M,"missing_coordinates,same_land_and_construction_area"
mercadolibre,MLM-2956825709,https://departamento.mercadolibre.com.mx/MLM-2956825709-bello-departamento-3-recamaras-con-piscina-y-sports-club-al-sur-de-cuernavaca-santa-fe-_JM,1900000.0,MXN,departamento,88.0,88.0,3,2.0,2,,21590.91,,,,unusable,Morelos,Xochitepec,Club de Golf Santa Fe,,,,unusable,,,,,,,,,,,,,,,,,,,,,,,E,residential,1M-2M,"missing_coordinates,same_land_and_construction_area"
mercadolibre,MLM-2914036625,https://departamento.mercadolibre.com.mx/MLM-2914036625-departamento-en-venta-en-ojo-de-agua-ii-emiliano-zapata-morelos-_JM,1009000.0,MXN,departamento,48.0,48.0,2,2.0,1,,21020.83,,,,unusable,Morelos,Emiliano Zapata,,,,,unusable,,,,,,,,,,,,,,,,,,,,,,,E,residential,1M-2M,"missing_coordinates,same_land_and_construction_area"
mercadolibre,MLM-5006114646,https://departamento.mercadolibre.com.mx/MLM-5006114646-departamento-en-junto-al-rio-temixco-morelos-caen-1071-de-_JM,3600000.0,MXN,departamento,145.0,145.0,6,3.0,3,,24827.59,,,,unusable,Morelos,Temixco,Junto al Río,,,,unusable,,,,,,,,,,,,,,,,,,,,,,,E,residential,3M-5M,"missing_coordinates,same_land_and_construction_area"
mercadolibre,MLM-4747079766,https://terreno.mercadolibre.com.mx/MLM-4747079766-terreno-en-venta-en-fraccionamiento-islas-en-cuautla-_JM,1770000.0,MXN,terreno,1993.0,,,,,,,888.11,,,unusable,Morelos,Ayala,Islas de Cuautla,,,,unusable,,,,,,,,,,,,,,,,,,,,,,,E,land,1M-2M,"missing_construction_area,missing_coordinates"
mercadolibre,MLM-2988362225,https://departamento.mercadolibre.com.mx/MLM-2988362225-departamento-en-venta-en-rancho-cortes-_JM,9500000.0,MXN,departamento,387.0,387.0,4,3.0,3,,24547.8,,,,unusable,Morelos,Cuernavaca,Rancho Cortes,,,,unusable,,,,,,,,,,,,,,,,,,,,,,,E,residential,8M-12M,"missing_coordinates,same_land_and_construction_area"
mercadolibre,MLM-3086099615,https://departamento.mercadolibre.com.mx/MLM-3086099615-departamento-en-san-francisco-atlatlahucan-morelos-_JM,1200000.0,MXN,departamento,63.0,63.0,0,2.0,1,,19047.62,,,,unusable,Morelos,Atlatlahucan,,,,,unusable,,,,,,,,,,,,,,,,,,,,,,,E,residential,1M-2M,"missing_coordinates,same_land_and_construction_area"
mercadolibre,MLM-3129632463,https://departamento.mercadolibre.com.mx/MLM-3129632463-departamento-en-sitio-del-sol-cuautla-morelos-venta-_JM,1750000.0,MXN,departamento,70.0,88.0,3,2.0,2,,19886.36,,,,medium,Morelos,Cuautla,Sitio Del Sol,,,0014,approximate_coordinate,2050.0,523.0,1887.0063470578307,481.4167412249978,0.3862332695984704,0.37667304015296366,8.75,0.9742574257425742,160,265,83,128,40,48,1,2,1,4,3,3,2,2,B,residential,1M-2M,missing_coordinates
mercadolibre,MLM-5950095526,https://departamento.mercadolibre.com.mx/MLM-5950095526-departamento-nuevo-3-recamaras-2-banos-2-estacionamientos-cascadas-cocoyoc-morelos-con-vista-al-lago-artificial-y-casa-club-_JM,4120000.0,MXN,casa,,128.77,3,2.0,2,,31995.03,,,,medium,Morelos,Yautepec,Pedregal De Oaxtepec,,,0432,approximate_coordinate,630.0,187.0,653.8871844015503,194.09032298903156,0.4117647058823529,0.3689839572192513,9.09,0.9777777777777777,44,713,12,284,8,176,3,33,0,7,0,3,0,18,C,residential,3M-5M,"missing_coordinates,missing_land_area"
mercadolibre,MLM-4773150842,https://departamento.mercadolibre.com.mx/MLM-4773150842-departamento-en-venta-en-campestre-jiutepec-_JM,870000.0,MXN,departamento,57.0,57.0,2,2.0,1,,15263.16,,,,low,Morelos,Jiutepec,Campestre,,,,unusable,,,,,,,,,,,,,,,,,,,,,,,E,residential,<1M,"missing_coordinates,same_land_and_construction_area"
mercadolibre,MLM-2956821735,https://departamento.mercadolibre.com.mx/MLM-2956821735-hermoso-departamento-3-recamaras-con-piscina-y-sports-club-al-sur-de-cuernavaca-santa-fe-_JM,1900000.0,MXN,departamento,88.0,88.0,3,2.0,2,,21590.91,,,,unusable,Morelos,Xochitepec,Club de Golf Santa Fe,,,,unusable,,,,,,,,,,,,,,,,,,,,,,,E,residential,1M-2M,"missing_coordinates,same_land_and_construction_area"
mercadolibre,MLM-2858186411,https://departamento.mercadolibre.com.mx/MLM-2858186411-ph-oportunidad-en-venta-paraiso-country-club-_JM,4900000.0,MXN,departamento,235.0,235.0,3,4.0,4,,20851.06,,,,unusable,Morelos,Emiliano Zapata,Fraccionamiento Paraíso Country Club,,,,unusable,,,,,,,,,,,,,,,,,,,,,,,E,residential,3M-5M,"missing_coordinates,same_land_and_construction_area"
mercadolibre,MLM-5665715136,https://departamento.mercadolibre.com.mx/MLM-5665715136-departamento-en-col-emiliano-zapata-temixco-_JM,900000.0,MXN,departamento,59.0,,0,2.0,1,,,,,,unusable,Morelos,Temixco,,,,,unusable,,,,,,,,,,,,,,,,,,,,,,,E,residential,<1M,"missing_construction_area,missing_coordinates"
mercadolibre,MLM-5527936258,https://departamento.mercadolibre.com.mx/MLM-5527936258-departamento-3-recamaras-con-piscina-y-sports-club-al-sur-de-cuernavaca-santa-fe-_JM,1900000.0,MXN,departamento,88.0,88.0,3,2.0,2,,21590.91,,,,medium,Morelos,Ayala,Tlayecac,,,0043,approximate_coordinate,1614.0,459.0,4698.920401625593,1336.3100770422222,0.4684095860566449,0.45751633986928103,9.3,0.9942196531791907,104,160,48,70,14,25,2,3,4,6,0,0,1,1,B,residential,1M-2M,"missing_coordinates,same_land_and_construction_area"
mercadolibre,MLM-3233322585,https://departamento.mercadolibre.com.mx/MLM-3233322585-penthouse-de-lujo-en-residencial-averanda-cuernavaca-morelos-_JM,11800000.0,MXN,departamento,217.0,217.0,9,5.0,5,,54377.88,,,,medium,Morelos,Cuernavaca,Villas Del Lago,,,0609,approximate_coordinate,1340.0,411.0,1591.5286222621496,488.14795802219663,0.6447688564476886,0.7883211678832117,12.03,0.9624819624819625,379,1303,179,575,66,226,11,46,8,33,8,14,4,22,B,residential,8M-12M,"missing_coordinates,same_land_and_construction_area"
mercadolibre,MLM-2720538575,https://departamento.mercadolibre.com.mx/MLM-2720538575-departamento-en-venta-yecapixtla-morelos-_JM,1495000.0,MXN,departamento,62.0,62.0,2,2.0,1,,24112.9,,,,unusable,Morelos,Atlatlahucan,,,,,unusable,,,,,,,,,,,,,,,,,,,,,,,E,residential,1M-2M,"missing_coordinates,same_land_and_construction_area"
mercadolibre,MLM-5281648250,https://departamento.mercadolibre.com.mx/MLM-5281648250-venta-de-propiedad-con-8-departamentos-cuautla-morelosclave-3965-_JM,4000000.0,MXN,departamento,1061.0,1061.0,0,12.0,12,,3770.03,,,,low,Morelos,Cuautla,Cuautlixco,,,,unusable,,,,,,,,,,,,,,,,,,,,,,,E,residential,3M-5M,"missing_coordinates,same_land_and_construction_area"
mercadolibre,MLM-5585344486,https://departamento.mercadolibre.com.mx/MLM-5585344486-departamento-2-recamaras-con-piscina-y-street-gym-en-yautepec-y-pet-park-_JM,1262500.0,MXN,departamento,69.0,75.0,2,2.0,1,,16833.33,,,,medium,Morelos,Yautepec,Felipe Neri,,,0502,approximate_coordinate,4591.0,1380.0,4856.398831602696,1459.7757324355741,0.4608695652173913,0.586231884057971,10.47,0.9813084112149533,236,659,88,249,42,89,11,26,7,14,1,6,2,11,B,residential,1M-2M,missing_coordinates
mercadolibre,MLM-4818521004,https://departamento.mercadolibre.com.mx/MLM-4818521004-departamento-en-venta-en-tejalpa-jiutepec-morelos-_JM,1100000.0,MXN,departamento,75.0,75.0,3,3.0,1,,14666.67,,,,medium,Morelos,Jiutepec,Tejalpa,,,0423,approximate_coordinate,5818.0,1700.0,8892.77307062687,2598.438332771688,0.36,0.6058823529411764,10.05,0.9718759987216363,944,2148,481,988,122,295,40,93,20,55,3,20,14,34,B,residential,1M-2M,"missing_coordinates,same_land_and_construction_area"
mercadolibre,MLM-5048224770,https://departamento.mercadolibre.com.mx/MLM-5048224770-depa-con-amplia-terraza-y-frente-a-alberca-en-xochitepec-morelos-_JM,1290000.0,MXN,departamento,52.0,52.0,3,2.0,1,,24807.69,,,,medium,Morelos,Xochitepec,Atlacholoaya,,,0473,approximate_coordinate,4533.0,1113.0,3774.8340204221518,926.8454146767824,0.31626235399820307,0.2407906558849955,7.74,0.9912971404890178,202,236,100,115,22,24,4,6,4,7,0,0,1,1,B,residential,1M-2M,"missing_coordinates,same_land_and_construction_area"
mercadolibre,MLM-2985882047,https://departamento.mercadolibre.com.mx/MLM-2985882047-departamento-en-venta-en-paraiso-country-club-_JM,4250000.0,MXN,departamento,135.0,,0,3.0,3,,,,,,unusable,Morelos,Emiliano Zapata,Fraccionamiento Paraíso Country Club,,,,unusable,,,,,,,,,,,,,,,,,,,,,,,E,residential,3M-5M,"missing_construction_area,missing_coordinates"
mercadolibre,MLM-5557575130,https://departamento.mercadolibre.com.mx/MLM-5557575130-departamento-equipado-2-recamaras-en-primer-nivel-sin-alberca-_JM,660000.0,MXN,departamento,45.0,42.0,2,2.0,1,,15714.29,,,,medium,Morelos,Temixco,Temixco,,,0176,approximate_coordinate,1139.0,368.0,1140.065376309023,368.34421289000915,0.6331521739130435,0.7717391304347826,12.16,0.9785932721712538,475,981,211,458,61,117,28,54,18,25,21,26,5,17,B,residential,<1M,missing_coordinates
mercadolibre,MLM-5527948052,https://departamento.mercadolibre.com.mx/MLM-5527948052-departamento-3-recamaras-con-piscina-y-sports-club-al-sur-de-cuernavaca-santa-fe-_JM,1900000.0,MXN,departamento,88.0,88.0,3,2.0,2,,21590.91,,,,medium,Morelos,Ayala,Tlayecac,,,0043,approximate_coordinate,1614.0,459.0,4698.920401625593,1336.3100770422222,0.4684095860566449,0.45751633986928103,9.3,0.9942196531791907,104,160,48,70,14,25,2,3,4,6,0,0,1,1,B,residential,1M-2M,"missing_coordinates,same_land_and_construction_area"
mercadolibre,MLM-5925038920,https://casa.mercadolibre.com.mx/MLM-5925038920-xochitepec-venta-de-casa-en-residencial-oasis-ii-en-morelos-_JM,1900000.0,MXN,casa,73.0,182.0,2,2.0,2,,10439.56,,,,medium,Morelos,Xochitepec,Xochitepec,,,0045,approximate_coordinate,2836.0,909.0,3021.7912815897585,968.5501674771123,0.49064906490649063,0.6798679867986799,11.16,0.9658634538152611,442,599,157,210,101,132,20,25,9,14,12,12,9,11,B,residential,1M-2M,missing_coordinates
mercadolibre,MLM-3167855921,https://casa.mercadolibre.com.mx/MLM-3167855921-paraiso-country-club-casa-venta-_JM,12400000.0,MXN,casa,556.0,353.0,4,5.0,5,,35127.48,,,,unusable,Morelos,Emiliano Zapata,Fraccionamiento Paraíso Country Club,,,,unusable,,,,,,,,,,,,,,,,,,,,,,,E,residential,12M-20M,missing_coordinates
mercadolibre,MLM-2740600371,https://casa.mercadolibre.com.mx/MLM-2740600371-casa-nueva-minimalista-en-brisas-de-cuernavaca-temixco-morelos-_JM,6900000.0,MXN,casa,330.0,280.0,6,5.0,5,,24642.86,,,,medium,Morelos,Temixco,Brisas,,,0142,approximate_coordinate,1750.0,558.0,2464.4562809328013,785.8094884345732,0.53584229390681,0.7347670250896058,11.22,0.972193614830072,330,883,144,401,45,111,16,60,9,25,8,23,7,13,B,residential,5M-8M,missing_coordinates
mercadolibre,MLM-5368977750,https://casa.mercadolibre.com.mx/MLM-5368977750-casa-en-venta-en-morelos-paraiso-tlahuica-ayala-_JM,3700000.0,MXN,casa,300.0,160.0,3,3.0,3,,23125.0,,,,unusable,Morelos,Ayala,Paraíso Tlahuica,,,,unusable,,,,,,,,,,,,,,,,,,,,,,,E,residential,3M-5M,missing_coordinates
mercadolibre,MLM-2988471719,https://casa.mercadolibre.com.mx/MLM-2988471719-casa-en-venta-en-jardines-de-delicias-_JM,8300000.0,MXN,casa,900.0,900.0,4,6.0,6,,9222.22,,,,unusable,Morelos,Cuernavaca,Jardines De Delicias,,,,unusable,,,,,,,,,,,,,,,,,,,,,,,E,residential,8M-12M,"missing_coordinates,same_land_and_construction_area"
mercadolibre,MLM-5772673514,https://casa.mercadolibre.com.mx/MLM-5772673514-casa-en-venta-con-alberca-en-atlatlahucan-morelos-4-recamaras-y-amplio-jardin-_JM,4300000.0,MXN,casa,381.0,203.0,4,4.0,4,,21182.27,,,,unusable,Morelos,Atlatlahucan,Telminca,,,,unusable,,,,,,,,,,,,,,,,,,,,,,,E,residential,3M-5M,missing_coordinates
mercadolibre,MLM-4791954120,https://casa.mercadolibre.com.mx/MLM-4791954120-casa-en-cuautla-morelos-col-otilio-montano-_JM,2500000.0,MXN,casa,150.0,133.0,3,2.0,2,,18796.99,,,,medium,Morelos,Cuautla,Otilio Montaño,,,0423,approximate_coordinate,3356.0,893.0,2745.0920655164637,730.4431509255668,0.49944008958566627,0.5912653975363942,10.43,0.9924065420560748,74,438,32,182,14,82,1,14,1,9,0,1,0,4,B,residential,2M-3M,missing_coordinates
mercadolibre,MLM-2859708029,https://casa.mercadolibre.com.mx/MLM-2859708029-en-venta-casa-de-4-recamaras-en-tranquilo-fraccionamiento-de-oaxtepec-morelos-_JM,3200000.0,MXN,casa,319.0,293.0,4,4.0,4,,10921.5,,,,unusable,Morelos,Yautepec,Fracc. Jacarandas,,,,unusable,,,,,,,,,,,,,,,,,,,,,,,E,residential,3M-5M,missing_coordinates
mercadolibre,MLM-3167784865,https://casa.mercadolibre.com.mx/MLM-3167784865-casa-para-remodelar-frac-club-de-golf-san-gaspar-jiutepec-morelos-_JM,2850000.0,MXN,casa,859.0,,3,,3,,,,,,unusable,Morelos,Jiutepec,,,,,unusable,,,,,,,,,,,,,,,,,,,,,,,E,residential,2M-3M,"missing_construction_area,missing_coordinates"
mercadolibre,MLM-3233382685,https://casa.mercadolibre.com.mx/MLM-3233382685-casa-a-5-min-del-tec-de-monterrey-de-cuernavaca-con-jardin-y-alberca-privada-_JM,6390000.0,MXN,casa,280.0,220.0,4,4.0,4,,29045.45,,,,medium,Morelos,Xochitepec,Real Del Puente,,,,unusable,,,,,,,,,46,365,21,140,5,65,3,18,0,5,0,0,0,7,D,residential,5M-8M,missing_coordinates
mercadolibre,MLM-4786147898,https://casa.mercadolibre.com.mx/MLM-4786147898-casa-en-condominio-en-fraccionamiento-paseos-del-rio-al-sur-de-cuernavaca-_JM,1650000.0,MXN,casa,68.0,,2,2.0,1,,,,,,medium,Morelos,Emiliano Zapata,Fraccionamiento Paseos del Río,,,0131,approximate_coordinate,8597.0,2764.0,6401.586905440538,2058.158218755106,0.6530390738060782,0.742040520984081,12.05,0.97538742023701,40,129,20,60,4,17,2,2,0,4,0,0,0,1,C,residential,1M-2M,"missing_construction_area,missing_coordinates"
mercadolibre,MLM-4777893698,https://casa.mercadolibre.com.mx/MLM-4777893698-casa-minimalista-en-un-solo-nivel-en-venta-en-brisas-de-cuernavaca-_JM,5800000.0,MXN,casa,344.0,180.0,3,3.0,3,,32222.22,,,,medium,Morelos,Temixco,Brisas,,,0142,approximate_coordinate,1750.0,558.0,2464.4562809328013,785.8094884345732,0.53584229390681,0.7347670250896058,11.22,0.972193614830072,330,883,144,401,45,111,16,60,9,25,8,23,7,13,B,residential,5M-8M,missing_coordinates
mercadolibre,MLM-2907981991,https://casa.mercadolibre.com.mx/MLM-2907981991-casa-en-venta-en-morelos-fraccionamiento-paraiso-tlahuica-_JM,3700000.0,MXN,casa,1000.0,300.0,3,3.0,3,,12333.33,,,,unusable,Morelos,Ayala,Paraíso Tlahuica,,,,unusable,,,,,,,,,,,,,,,,,,,,,,,E,residential,3M-5M,missing_coordinates
mercadolibre,MLM-3254227599,https://casa.mercadolibre.com.mx/MLM-3254227599-casa-en-venta-en-santa-maria-ahuacatitlan-v405-_JM,2550000.0,MXN,casa,278.0,,4,3.0,3,,,,,,medium,Morelos,Cuernavaca,Santa María Ahuacatitlan,,,051A,approximate_coordinate,6076.0,1649.0,2685.5540217268144,728.8476928616716,0.4329896907216495,0.6300788356579745,10.09,0.9791542584871947,107,518,51,302,5,44,2,16,4,15,0,0,0,7,C,residential,2M-3M,"missing_construction_area,missing_coordinates"
mercadolibre,MLM-5253150544,https://casa.mercadolibre.com.mx/MLM-5253150544-casa-en-venta-en-colonia-lomas-de-cocoyoc-atlatlahucan-morelos-_JM,8450000.0,MXN,casa,525.0,290.0,3,4.0,4,,29137.93,,,,medium,Morelos,Atlatlahucan,Lomas De Cocoyoc,,,0138,approximate_coordinate,973.0,397.0,335.65998876705885,136.9547950056756,0.924433249370277,0.9420654911838791,14.18,0.972568578553616,46,49,16,16,15,15,1,1,0,1,0,0,0,0,B,residential,8M-12M,missing_coordinates
mercadolibre,MLM-2919693713,https://casa.mercadolibre.com.mx/MLM-2919693713-se-vende-casa-en-agua-hedionda-cuautla-morelos-_JM,5650000.0,MXN,casa,363.0,315.0,3,3.0,3,,17936.51,,,,medium,Morelos,Cuautla,Agua Hedionda,,,0673,approximate_coordinate,2452.0,691.0,8144.252468548325,2295.1380325313594,0.361794500723589,0.5875542691751086,9.96,0.9863636363636363,196,942,94,443,30,120,8,41,5,29,0,0,1,8,B,residential,5M-8M,missing_coordinates
mercadolibre,MLM-5281039986,https://casa.mercadolibre.com.mx/MLM-5281039986-se-vende-casa-en-altos-de-oaxtepec-_JM,3100000.0,MXN,casa,498.0,200.0,3,3.0,3,,15500.0,,,,medium,Morelos,Yautepec,Altos De Oaxtepec,,,0610,approximate_coordinate,122.0,44.0,220.311520394528,79.4566139127806,0.7954545454545454,0.7045454545454546,11.64,0.9245283018867925,0,3,0,0,0,0,0,1,0,1,0,0,0,0,B,residential,3M-5M,missing_coordinates
mercadolibre,MLM-2940995359,https://casa.mercadolibre.com.mx/MLM-2940995359-casa-4-recamara-y-estudio-en-civac-_JM,2500000.0,MXN,casa,253.0,177.0,4,2.0,2,,14124.29,,,,medium,Morelos,Jiutepec,Civac,,,0955,approximate_coordinate,2619.0,729.0,14571.190502917672,4055.8983874100736,0.5720164609053497,0.766803840877915,11.44,0.9742990654205608,251,1096,108,439,38,144,11,49,6,40,0,3,6,16,B,residential,2M-3M,missing_coordinates
mercadolibre,MLM-5217553670,https://casa.mercadolibre.com.mx/MLM-5217553670-casa-con-jacuzzi-a-minutos-de-la-autopista-y-el-centro-de-xochitepec-morelos-_JM,3300000.0,MXN,casa,118.0,150.0,2,3.0,3,,22000.0,,,,medium,Morelos,Xochitepec,Centro,,,0045,approximate_coordinate,2836.0,909.0,3021.7912815897585,968.5501674771123,0.49064906490649063,0.6798679867986799,11.16,0.9658634538152611,393,612,132,212,94,136,20,27,6,14,12,12,9,12,B,residential,3M-5M,missing_coordinates
mercadolibre,MLM-5905335116,https://casa.mercadolibre.com.mx/MLM-5905335116-casa-en-venta-en-burgos-bugambilias-tres-de-mayo-emiliano-zapata-morelos-_JM,7990000.0,MXN,casa,360.0,330.0,4,4.0,4,,24212.12,,,,medium,Morelos,Emiliano Zapata,3 De Mayo,,,0409,approximate_coordinate,166.0,42.0,5069.797089269401,1282.7197454778004,0.35714285714285715,0.38095238095238093,7.98,1.0,257,715,140,349,28,93,3,15,5,15,0,0,2,7,B,residential,5M-8M,missing_coordinates
mercadolibre,MLM-2759416279,https://casa.mercadolibre.com.mx/MLM-2759416279-casa-en-venta-en-burgos-temixco-_JM,5566000.0,MXN,casa,686.0,506.0,6,4.0,4,,11000.0,,,,unusable,Morelos,Temixco,,,,,unusable,,,,,,,,,,,,,,,,,,,,,,,E,residential,5M-8M,missing_coordinates
mercadolibre,MLM-2907982109,https://casa.mercadolibre.com.mx/MLM-2907982109-casa-en-venta-en-morelos-ayala-_JM,500000.0,MXN,casa,40.0,34.0,1,1.0,1,,14705.88,,,,unusable,Morelos,Ayala,,,,,unusable,,,,,,,,,,,,,,,,,,,,,,,E,residential,<1M,missing_coordinates
mercadolibre,MLM-5450908634,https://casa.mercadolibre.com.mx/MLM-5450908634-residencia-estilo-colonial-moderno-en-la-col-volcanes-cuernavaca-morelos-_JM,12500000.0,MXN,casa,1500.0,600.0,4,6.0,6,,20833.33,,,,unusable,Morelos,Cuernavaca,Los Volcanes,,,,unusable,,,,,,,,,,,,,,,,,,,,,,,E,residential,12M-20M,missing_coordinates
mercadolibre,MLM-4904200614,https://casa.mercadolibre.com.mx/MLM-4904200614-residencia-lomas-de-cocoyoc-5r-5b-4e-alberca-super-jardin-_JM,20000000.0,MXN,casa,1390.0,400.0,5,6.0,6,,50000.0,,,,medium,Morelos,Atlatlahucan,Lomas De Cocoyoc,,,0138,approximate_coordinate,973.0,397.0,335.65998876705885,136.9547950056756,0.924433249370277,0.9420654911838791,14.18,0.972568578553616,46,49,16,16,15,15,1,1,0,1,0,0,0,0,B,residential,>20M,missing_coordinates
mercadolibre,MLM-4791708416,https://casa.mercadolibre.com.mx/MLM-4791708416-casa-en-cuautla-morelos-col-otilio-montano-_JM,2400000.0,MXN,casa,176.0,135.0,3,2.0,2,,17777.78,,,,medium,Morelos,Cuautla,Otilio Montaño,,,0423,approximate_coordinate,3356.0,893.0,2745.0920655164637,730.4431509255668,0.49944008958566627,0.5912653975363942,10.43,0.9924065420560748,74,438,32,182,14,82,1,14,1,9,0,1,0,4,B,residential,2M-3M,missing_coordinates
mercadolibre,MLM-2864958949,https://casa.mercadolibre.com.mx/MLM-2864958949-casa-residencial-de-3-recamaras-con-jardin-en-venta-en-oaxtepec-morelos-exclusico-lago-artificial-casa-club-alberca-y-palapa-_JM,3200000.0,MXN,casa,102.0,100.0,3,2.0,2,,32000.0,,,,medium,Morelos,Yautepec,Amates De Oaxtepec,,,0428,approximate_coordinate,566.0,213.0,485.09328414288996,182.55277300783666,0.7230046948356808,0.7699530516431925,12.68,0.9598540145985401,3,78,0,25,0,29,0,1,0,5,0,0,0,0,B,residential,3M-5M,missing_coordinates
mercadolibre,MLM-2621515335,https://casa.mercadolibre.com.mx/MLM-2621515335-se-vende-casa-en-el-fraccionamiento-jardines-de-la-hacienda-2-_JM,1950000.0,MXN,casa,90.0,75.0,2,2.0,1,,26000.0,,,,medium,Morelos,Jiutepec,Jardines De La Hacienda II,,,0207,approximate_coordinate,4352.0,1303.0,3777.446942217654,1130.9773358707728,0.6224098234842671,0.7659247889485802,11.85,0.9760722347629797,38,284,13,136,4,31,3,12,1,8,0,0,1,3,B,residential,1M-2M,missing_coordinates
mercadolibre,MLM-3092886069,https://casa.mercadolibre.com.mx/MLM-3092886069-casa-con-3-habitaciones-alberca-y-amenidades-en-xochitepec-_JM,2690000.0,MXN,casa,60.0,122.0,3,2.0,2,,22049.18,,,,medium,Morelos,Xochitepec,Colinas de Santa Fe,,,,unusable,,,,,,,,,3,132,1,56,1,25,0,3,0,3,0,0,0,3,D,residential,2M-3M,missing_coordinates
mercadolibre,MLM-3137044601,https://casa.mercadolibre.com.mx/MLM-3137044601-casa-en-venta-en-condominio-cuernavaca-las-gaviotas-ii-_JM,1490000.0,MXN,casa,89.0,67.0,3,2.0,2,,22238.81,,,,unusable,Morelos,Emiliano Zapata,Las Gaviotas,,,,unusable,,,,,,,,,,,,,,,,,,,,,,,E,residential,1M-2M,missing_coordinates
mercadolibre,MLM-2663915567,https://casa.mercadolibre.com.mx/MLM-2663915567-casa-minimalista-nueva-en-venta-en-burgos-corinto-temixco-morelos-_JM,7990000.0,MXN,casa,481.0,380.0,4,4.0,4,,21026.32,,,,unusable,Morelos,Temixco,Burgos Bugambilias,,,,unusable,,,,,,,,,,,,,,,,,,,,,,,E,residential,5M-8M,missing_coordinates
mercadolibre,MLM-3029963591,https://casa.mercadolibre.com.mx/MLM-3029963591-venta-de-casa-en-fraccionamiento-con-alberca-en-ayala-morelos-_JM,1000000.0,MXN,casa,54.0,73.0,1,2.0,2,,13698.63,,,,unusable,Morelos,Ayala,Parque Industrial Cuautla,,,,unusable,,,,,,,,,,,,,,,,,,,,,,,E,residential,1M-2M,missing_coordinates
mercadolibre,MLM-3279411931,https://casa.mercadolibre.com.mx/MLM-3279411931-casa-con-3-recamaras-cerca-uaem-en-santa-maria-ahuacatitlan-cuernavaca-morelos-_JM,3800000.0,MXN,casa,289.0,144.0,3,3.0,3,,26388.89,,,,medium,Morelos,Cuernavaca,Santa María Ahuacatitlan,,,051A,approximate_coordinate,6076.0,1649.0,2685.5540217268144,728.8476928616716,0.4329896907216495,0.6300788356579745,10.09,0.9791542584871947,107,518,51,302,5,44,2,16,4,15,0,0,0,7,B,residential,3M-5M,missing_coordinates
mercadolibre,MLM-2759272107,https://casa.mercadolibre.com.mx/MLM-2759272107-casa-nueva-atlatlahucan-mor-junto-club-campestre-asturiano-_JM,1750000.0,MXN,casa,179.0,135.0,3,3.0,1,,12962.96,,,,unusable,Morelos,Atlatlahucan,El Astillero,,,,unusable,,,,,,,,,,,,,,,,,,,,,,,E,residential,1M-2M,missing_coordinates
mercadolibre,MLM-4791832800,https://casa.mercadolibre.com.mx/MLM-4791832800-casa-en-venta-en-nueva-san-jose-cuautla-morelos-_JM,2400000.0,MXN,casa,150.0,145.0,3,2.0,2,,16551.72,,,,unusable,Morelos,Cuautla,,,,,unusable,,,,,,,,,,,,,,,,,,,,,,,E,residential,2M-3M,missing_coordinates
mercadolibre,MLM-3289884329,https://casa.mercadolibre.com.mx/MLM-3289884329-amplitud-diseno-y-confort-en-una-residencia-pensada-para-disfrutar-cada-espacio-_JM,16200000.0,MXN,casa,627.0,520.0,4,4.0,4,,31153.85,,,,medium,Morelos,Yautepec,Lomas De Cocoyoc,,,0413,approximate_coordinate,169.0,52.0,291.74148178346906,89.76660977952893,0.5961538461538461,0.6923076923076923,10.85,1.0,318,718,115,283,67,196,20,31,3,7,2,3,10,17,B,residential,12M-20M,missing_coordinates
mercadolibre,MLM-2940995393,https://casa.mercadolibre.com.mx/MLM-2940995393-casa-en-civac-detalles-esteticos-de-acepta-credito-inf-_JM,1800000.0,MXN,casa,160.0,170.0,4,3.0,3,,10588.24,,,,medium,Morelos,Jiutepec,Civac 1a Sección,,,071A,approximate_coordinate,2179.0,700.0,6204.735745603911,1993.2606800930414,0.5814285714285714,0.7914285714285715,12.69,0.9692451071761417,428,1181,165,416,68,155,25,45,21,33,7,10,9,28,B,residential,1M-2M,missing_coordinates
mercadolibre,MLM-4559296916,https://casa.mercadolibre.com.mx/MLM-4559296916-casa-con-alberca-climatizada-juegos-y-gimnasio-en-santa-fe-xochitepec-morelos-_JM,2500000.0,MXN,casa,78.0,97.0,3,3.0,3,,25773.2,,,,medium,Morelos,Xochitepec,Colinas de Santa Fe,,,,unusable,,,,,,,,,3,132,1,56,1,25,0,3,0,3,0,0,0,3,D,residential,2M-3M,missing_coordinates
mercadolibre,MLM-2759403355,https://casa.mercadolibre.com.mx/MLM-2759403355-residencia-en-venta-en-paraiso-country-club-morelos-_JM,13000000.0,MXN,casa,455.0,380.0,4,3.0,3,,34210.53,,,,unusable,Morelos,Emiliano Zapata,,,,,unusable,,,,,,,,,,,,,,,,,,,,,,,E,residential,12M-20M,missing_coordinates
mercadolibre,MLM-2908007791,https://casa.mercadolibre.com.mx/MLM-2908007791-casa-en-venta-en-morelos-temixco-_JM,750000.0,MXN,casa,76.0,57.0,2,2.0,1,,13157.89,,,,unusable,Morelos,Temixco,,,,,unusable,,,,,,,,,,,,,,,,,,,,,,,E,residential,<1M,missing_coordinates
mercadolibre,MLM-2897462317,https://casa.mercadolibre.com.mx/MLM-2897462317-reestrena-comoda-casa-de-fin-de-semana-en-cuautla-morelos-_JM,1250000.0,MXN,casa,70.0,70.0,3,2.0,2,,17857.14,,,,medium,Morelos,Ayala,Ciudad Ayala,,,0039,approximate_coordinate,2879.0,820.0,5071.30302452846,1444.4141994141498,0.4402439024390244,0.5597560975609757,10.83,0.9796472184531886,356,513,168,222,52,69,11,16,7,10,2,2,5,6,B,residential,1M-2M,"missing_coordinates,same_land_and_construction_area"
mercadolibre,MLM-2926438837,https://casa.mercadolibre.com.mx/MLM-2926438837-casa-en-venta-en-fraccionamiento-en-tzompantle-_JM,4300000.0,MXN,casa,225.0,225.0,2,2.0,2,,19111.11,,,,unusable,Morelos,Cuernavaca,,,,,unusable,,,,,,,,,,,,,,,,,,,,,,,E,residential,3M-5M,"missing_coordinates,same_land_and_construction_area"
mercadolibre,MLM-5351347452,https://casa.mercadolibre.com.mx/MLM-5351347452-casa-en-venta-en-lomas-de-cocoyoc-_JM,7800000.0,MXN,casa,595.0,278.0,3,5.0,5,,28057.55,,,,medium,Morelos,Atlatlahucan,Lomas De Cocoyoc,,,0138,approximate_coordinate,973.0,397.0,335.65998876705885,136.9547950056756,0.924433249370277,0.9420654911838791,14.18,0.972568578553616,46,49,16,16,15,15,1,1,0,1,0,0,0,0,B,residential,5M-8M,missing_coordinates
mercadolibre,MLM-4790452986,https://casa.mercadolibre.com.mx/MLM-4790452986-casas-en-cuautla-morelos-_JM,2539000.0,MXN,casa,105.0,100.0,3,2.0,2,,25390.0,,,,medium,Morelos,Cuautla,Santa Inés,,,107A,approximate_coordinate,2311.0,748.0,15739.112385350158,5094.269175353491,0.5280748663101604,0.7780748663101604,12.49,0.9676616915422885,67,248,33,116,13,43,0,4,0,3,0,0,0,3,B,residential,2M-3M,missing_coordinates
mercadolibre,MLM-5315033384,https://casa.mercadolibre.com.mx/MLM-5315033384-en-venta-casa-en-condominio-con-cluster-_JM,2200000.0,MXN,casa,77.25,101.73,3,2.0,2,,21625.87,,,,medium,Morelos,Yautepec,Tabachines,,,,unusable,,,,,,,,,16,98,8,37,1,24,0,1,0,3,0,0,0,0,D,residential,2M-3M,missing_coordinates
mercadolibre,MLM-5199711822,https://casa.mercadolibre.com.mx/MLM-5199711822-casa-en-venta-condiminio-las-fincas-_JM,5000000.0,MXN,casa,361.0,361.0,4,5.0,5,,13850.42,,,,medium,Morelos,Jiutepec,Las Fincas,,,0688,approximate_coordinate,4040.0,1255.0,2690.773831881029,835.8715740125473,0.6900398406374502,0.8119521912350598,12.74,0.9850458273034249,7,775,4,365,0,85,0,43,0,19,0,6,0,10,B,residential,5M-8M,"missing_coordinates,same_land_and_construction_area"
mercadolibre,MLM-5385992390,https://casa.mercadolibre.com.mx/MLM-5385992390-casa-con-jacuzzi-propio-y-amenidades-premium-en-santa-fe-lifestyle-xochitepec-_JM,2700000.0,MXN,casa,60.0,122.0,3,2.0,2,,22131.15,,,,medium,Morelos,Xochitepec,Colinas de Santa Fe,,,,unusable,,,,,,,,,3,132,1,56,1,25,0,3,0,3,0,0,0,3,D,residential,2M-3M,missing_coordinates
mercadolibre,MLM-2759545739,https://casa.mercadolibre.com.mx/MLM-2759545739-casa-en-venta-en-emiliano-zapata-p-_JM,1350000.0,MXN,casa,31.0,58.0,2,2.0,1,,23275.86,,,,unusable,Morelos,Emiliano Zapata,,,,,unusable,,,,,,,,,,,,,,,,,,,,,,,E,residential,1M-2M,missing_coordinates
mercadolibre,MLM-3313351407,https://casa.mercadolibre.com.mx/MLM-3313351407-casa-remodelada-en-calle-privada-muy-centrica-a-plazas-y-centros-comerciales-_JM,1190000.0,MXN,casa,115.0,65.0,2,2.0,1,,18307.69,,,,medium,Morelos,Temixco,Acatlipa,,,002A,approximate_coordinate,1670.0,531.0,6626.735415400277,2107.0637757949385,0.4124293785310734,0.6177024482109228,10.78,0.9771739130434782,731,1153,368,560,111,148,30,44,15,23,2,3,10,17,B,residential,1M-2M,missing_coordinates
mercadolibre,MLM-3062815889,https://casa.mercadolibre.com.mx/MLM-3062815889-venta-de-casa-en-fracc-los-almendros-en-morelos-cerca-de-oaxtepec-y-de-tepoztlan-_JM,900000.0,MXN,casa,83.0,101.0,3,3.0,1,,8910.89,,,,unusable,Morelos,Ayala,Las Llaves,,,,unusable,,,,,,,,,,,,,,,,,,,,,,,E,residential,<1M,missing_coordinates
mercadolibre,MLM-4761561668,https://casa.mercadolibre.com.mx/MLM-4761561668-casa-en-venta-en-del-bosque-_JM,15300000.0,MXN,casa,600.0,644.0,3,3.0,3,,23757.76,,,,medium,Morelos,Cuernavaca,Del Bosque,,,1024,approximate_coordinate,2297.0,656.0,1826.149212248381,521.5297706725894,0.43902439024390244,0.6036585365853658,10.03,0.990210843373494,22,37,9,11,1,2,0,0,0,0,0,0,0,0,B,residential,12M-20M,missing_coordinates
mercadolibre,MLM-5132961008,https://casa.mercadolibre.com.mx/MLM-5132961008-casa-con-alberca-y-amplio-jardin-en-lomas-de-cocoyoc-morelos-_JM,6690000.0,MXN,casa,450.0,320.0,4,4.0,4,,20906.25,,,,medium,Morelos,Atlatlahucan,Lomas De Cocoyoc,,,0138,approximate_coordinate,973.0,397.0,335.65998876705885,136.9547950056756,0.924433249370277,0.9420654911838791,14.18,0.972568578553616,46,49,16,16,15,15,1,1,0,1,0,0,0,0,B,residential,5M-8M,missing_coordinates
mercadolibre,MLM-3198260761,https://casa.mercadolibre.com.mx/MLM-3198260761-casa-en-venta-en-fraccionamiento-tabachines-tetelcingo-cuautla-morelos-_JM,1550000.0,MXN,casa,89.0,118.0,3,2.0,2,,13135.59,,,,medium,Morelos,Cuautla,Tetelcingo,,,0832,approximate_coordinate,4782.0,1262.0,4120.9850493128815,1087.553979973412,0.3795562599049128,0.47385103011093505,9.02,0.9799054373522459,52,370,33,196,8,70,1,2,2,4,1,3,0,1,B,residential,1M-2M,missing_coordinates
mercadolibre,MLM-2954632143,https://casa.mercadolibre.com.mx/MLM-2954632143-se-vende-casa-en-condominio-el-encanto-yautepec-morelos-_JM,3990000.0,MXN,casa,242.0,193.0,3,3.0,3,,20673.58,,,,unusable,Morelos,Yautepec,Barrio Santiago,,,,unusable,,,,,,,,,,,,,,,,,,,,,,,E,residential,3M-5M,missing_coordinates
mercadolibre,MLM-5575263998,https://casa.mercadolibre.com.mx/MLM-5575263998-casa-con-local-en-venta-jiutepec-mexico-_JM,1980000.0,MXN,casa,205.0,233.0,5,2.0,2,,8497.85,,,,medium,Morelos,Jiutepec,Otilio Montaño,,,0565,approximate_coordinate,2337.0,654.0,13198.298992846789,3693.490603903209,0.5107033639143731,0.6788990825688074,10.51,0.9802631578947368,609,1700,241,682,77,214,22,62,19,50,1,3,8,31,B,residential,1M-2M,missing_coordinates
mercadolibre,MLM-3233369625,https://casa.mercadolibre.com.mx/MLM-3233369625-casa-con-jardin-y-alberca-privada-a-5-min-del-tec-de-monterrey-cuerna-_JM,4850000.0,MXN,casa,180.0,165.0,4,4.0,4,,29393.94,,,,medium,Morelos,Xochitepec,Real Del Puente,,,,unusable,,,,,,,,,46,365,21,140,5,65,3,18,0,5,0,0,0,7,D,residential,3M-5M,missing_coordinates
mercadolibre,MLM-3168987851,https://casa.mercadolibre.com.mx/MLM-3168987851-casa-en-venta-con-alberca-_JM,8950000.0,MXN,casa,1167.0,467.0,2,6.0,6,,19164.88,,,,medium,Morelos,Emiliano Zapata,Real De Tezoyuca,,,0381,approximate_coordinate,25.0,9.0,348.2701037248519,125.37723734094666,0.4444444444444444,0.8888888888888888,12.11,1.0,14,249,3,109,5,35,0,9,0,2,0,1,0,6,B,residential,8M-12M,missing_coordinates
mercadolibre,MLM-5893498188,https://casa.mercadolibre.com.mx/MLM-5893498188-hermosa-casa-con-todos-los-acabados-alberca-y-excelentes-areas-verdes-con-grandes-arboles-_JM,1197000.0,MXN,casa,73.0,67.0,2,2.0,2,,17865.67,,,,medium,Morelos,Temixco,Pueblo Viejo,,,0797,approximate_coordinate,1018.0,264.0,4398.802163403339,1140.7502663442845,0.32954545454545453,0.45454545454545453,8.16,0.9817813765182186,209,436,110,223,22,45,5,9,7,13,0,0,4,6,B,residential,1M-2M,missing_coordinates
mercadolibre,MLM-4978191098,https://casa.mercadolibre.com.mx/MLM-4978191098-casa-en-ayala-morelos-ventacon-alberca-aplica-tu-credito-1890000-oportunidad-_JM,1890000.0,MXN,casa,120.0,95.0,3,2.0,2,,19894.74,,,,unusable,Morelos,Ayala,Anenecuilco Centro,,,,unusable,,,,,,,,,,,,,,,,,,,,,,,E,residential,1M-2M,missing_coordinates
mercadolibre,MLM-5961635532,https://casa.mercadolibre.com.mx/MLM-5961635532-casa-residencia-en-venta-en-rancho-cortes-cuernavaca-morelos-_JM,13900000.0,MXN,casa,1480.0,800.0,4,5.0,5,,17375.0,,,,unusable,Morelos,Cuernavaca,Rancho Cortes,,,,unusable,,,,,,,,,,,,,,,,,,,,,,,E,residential,12M-20M,missing_coordinates
mercadolibre,MLM-2753828919,https://casa.mercadolibre.com.mx/MLM-2753828919-casa-en-venta-en-lomas-de-cocoyoc-_JM,4500000.0,MXN,casa,420.0,200.0,4,4.0,4,,22500.0,,,,medium,Morelos,Atlatlahucan,Lomas De Cocoyoc,,,0138,approximate_coordinate,973.0,397.0,335.65998876705885,136.9547950056756,0.924433249370277,0.9420654911838791,14.18,0.972568578553616,46,49,16,16,15,15,1,1,0,1,0,0,0,0,B,residential,3M-5M,missing_coordinates
mercadolibre,MLM-4791834908,https://casa.mercadolibre.com.mx/MLM-4791834908-casa-en-venta-cuautla-moreloslos-laureles-_JM,2243667.0,MXN,casa,90.0,119.0,3,2.0,1,,18854.34,,,,medium,Morelos,Cuautla,Tetelcingo,,,0832,approximate_coordinate,4782.0,1262.0,4120.9850493128815,1087.553979973412,0.3795562599049128,0.47385103011093505,9.02,0.9799054373522459,52,370,33,196,8,70,1,2,2,4,1,3,0,1,B,residential,2M-3M,missing_coordinates
mercadolibre,MLM-5534779130,https://casa.mercadolibre.com.mx/MLM-5534779130-casa-en-venta-en-fraccionamiento-real-de-oaxtepec-_JM,4900000.0,MXN,casa,300.0,195.0,3,3.0,3,,25128.21,,,,medium,Morelos,Yautepec,Real de Oaxtepec,,,0409,approximate_coordinate,288.0,100.0,353.56376816215766,122.76519727852695,0.83,0.79,11.66,0.9645390070921985,2,44,1,12,0,11,0,2,0,0,0,0,0,0,B,residential,3M-5M,missing_coordinates
mercadolibre,MLM-3140320311,https://casa.mercadolibre.com.mx/MLM-3140320311-casa-en-venta-en-cuernavaca-_JM,17000000.0,MXN,casa,1456.0,650.0,5,6.0,6,,26153.85,,,,medium,Morelos,Jiutepec,Sumiya,,,0122,approximate_coordinate,1858.0,564.0,1540.789692968381,467.71011132086477,0.74822695035461,0.8156028368794326,12.28,0.9752380952380952,13,200,5,81,2,21,0,6,0,7,0,0,0,1,B,residential,12M-20M,missing_coordinates
mercadolibre,MLM-2926445205,https://casa.mercadolibre.com.mx/MLM-2926445205-venta-de-casa-con-alberca-en-santa-fe-morelos-_JM,3845000.0,MXN,casa,170.0,128.0,3,3.0,3,,30039.06,,,,unusable,Morelos,Xochitepec,Club de Golf Santa Fe,,,,unusable,,,,,,,,,,,,,,,,,,,,,,,E,residential,3M-5M,missing_coordinates
mercadolibre,MLM-5379237300,https://casa.mercadolibre.com.mx/MLM-5379237300-casa-en-venta-en-ojo-de-agua-emiliano-zapata-morelos-_JM,1477000.0,MXN,casa,59.0,44.0,2,2.0,1,,33568.18,,,,unusable,Morelos,Emiliano Zapata,,,,,unusable,,,,,,,,,,,,,,,,,,,,,,,E,residential,1M-2M,missing_coordinates
mercadolibre,MLM-2773622425,https://casa.mercadolibre.com.mx/MLM-2773622425-casa-en-venta-en-paseo-burgos-norte-bugambilias-en-cuernavaca-morelos-_JM,7900000.0,MXN,casa,600.0,350.0,4,5.0,5,,22571.43,,,,medium,Morelos,Temixco,Bugambilias,,,,unusable,,,,,,,,,31,63,13,26,9,13,0,5,1,3,0,0,0,0,D,residential,5M-8M,missing_coordinates
mercadolibre,MLM-4840502100,https://casa.mercadolibre.com.mx/MLM-4840502100-hermosa-casa-con-amenidades-en-aqua-sol-lifestyle-ideal-para-disfrutar-fin-de-semana-o-para-inve-_JM,2035000.0,MXN,casa,1221.0,62.0,3,2.0,2,,32822.58,,,,medium,Morelos,Ayala,Ciudad Ayala,,,0039,approximate_coordinate,2879.0,820.0,5071.30302452846,1444.4141994141498,0.4402439024390244,0.5597560975609757,10.83,0.9796472184531886,356,513,168,222,52,69,11,16,7,10,2,2,5,6,B,residential,2M-3M,"missing_coordinates,suspicious_surface_pair"
mercadolibre,MLM-4761548702,https://casa.mercadolibre.com.mx/MLM-4761548702-casa-en-venta-en-chulavista-_JM,12000000.0,MXN,casa,6710.0,968.0,6,4.0,4,,12396.69,,,,unusable,Morelos,Cuernavaca,Colonia Chulavista,,,,unusable,,,,,,,,,,,,,,,,,,,,,,,E,residential,12M-20M,"missing_coordinates,suspicious_surface_pair"
mercadolibre,MLM-2760886603,https://casa.mercadolibre.com.mx/MLM-2760886603-en-venta-en-lomas-de-cocoyoc-casa-con-alberca-oportunidad-_JM,4500000.0,MXN,casa,420.0,200.0,4,3.0,3,,22500.0,,,,medium,Morelos,Atlatlahucan,Lomas De Cocoyoc,,,0138,approximate_coordinate,973.0,397.0,335.65998876705885,136.9547950056756,0.924433249370277,0.9420654911838791,14.18,0.972568578553616,46,49,16,16,15,15,1,1,0,1,0,0,0,0,B,residential,3M-5M,missing_coordinates
mercadolibre,MLM-4791954054,https://casa.mercadolibre.com.mx/MLM-4791954054-casa-cuautla-morelos-_JM,1850000.0,MXN,casa,160.0,130.0,3,2.0,2,,14230.77,,,,medium,Morelos,Cuautla,Otilio Montaño,,,0423,approximate_coordinate,3356.0,893.0,2745.0920655164637,730.4431509255668,0.49944008958566627,0.5912653975363942,10.43,0.9924065420560748,74,438,32,182,14,82,1,14,1,9,0,1,0,4,B,residential,1M-2M,missing_coordinates
mercadolibre,MLM-3200914775,https://casa.mercadolibre.com.mx/MLM-3200914775-enorme-e-inigualable-casa-en-venta-lista-para-habitar-localizada-en-real-de-oaxtepec-mor-_JM,10900000.0,MXN,casa,1800.0,700.0,6,9.0,9,,15571.43,,,,medium,Morelos,Yautepec,Real de Oaxtepec,,,0409,approximate_coordinate,288.0,100.0,353.56376816215766,122.76519727852695,0.83,0.79,11.66,0.9645390070921985,2,44,1,12,0,11,0,2,0,0,0,0,0,0,B,residential,8M-12M,missing_coordinates
mercadolibre,MLM-5064730880,https://casa.mercadolibre.com.mx/MLM-5064730880-casa-en-venta-en-fracc-residencial-sumiya-estricta-vigilancia-24-horas-_JM,46500000.0,MXN,casa,4312.0,1681.0,8,9.0,9,,27662.11,,,,medium,Morelos,Jiutepec,Sumiya,,,0122,approximate_coordinate,1858.0,564.0,1540.789692968381,467.71011132086477,0.74822695035461,0.8156028368794326,12.28,0.9752380952380952,13,200,5,81,2,21,0,6,0,7,0,0,0,1,B,residential,>20M,missing_coordinates
mercadolibre,MLM-5364327000,https://casa.mercadolibre.com.mx/MLM-5364327000-casa-en-venta-en-lomas-de-aiyana-en-xochitepec-_JM,2650000.0,MXN,casa,211.0,80.0,1,1.0,1,,33125.0,,,,unusable,Morelos,Xochitepec,,,,,unusable,,,,,,,,,,,,,,,,,,,,,,,E,residential,2M-3M,missing_coordinates
mercadolibre,MLM-2908860339,https://casa.mercadolibre.com.mx/MLM-2908860339-casa-en-venta-sobre-fairway-en-paraiso-country-club-_JM,16800000.0,MXN,casa,450.0,411.0,5,7.0,7,,40875.91,,,,unusable,Morelos,Emiliano Zapata,Fraccionamiento Paraíso Country Club,,,,unusable,,,,,,,,,,,,,,,,,,,,,,,E,residential,12M-20M,missing_coordinates
mercadolibre,MLM-5723989108,https://casa.mercadolibre.com.mx/MLM-5723989108-casa-en-venta-fraccionamiento-burgos-bugambilias-morelos-_JM,11900000.0,MXN,casa,377.0,359.0,6,7.0,7,,33147.63,,,,unusable,Morelos,Temixco,Burgos Bugambilias,,,,unusable,,,,,,,,,,,,,,,,,,,,,,,E,residential,8M-12M,missing_coordinates
mercadolibre,MLM-2745736697,https://casa.mercadolibre.com.mx/MLM-2745736697-casa-en-villa-de-ayala-morelos-casa-nueva-dentro-de-fraccionamiento-_JM,1890000.0,MXN,casa,120.0,95.0,2,2.0,1,,19894.74,,,,unusable,Morelos,Ayala,Anenecuilco Centro,,,,unusable,,,,,,,,,,,,,,,,,,,,,,,E,residential,1M-2M,missing_coordinates
mercadolibre,MLM-2874594771,https://casa.mercadolibre.com.mx/MLM-2874594771-oportunidad-casa-con-uso-comercial-en-vista-hermosa-cuernavaca-morelos-_JM,7470000.0,MXN,casa,302.0,359.0,4,4.0,4,,20807.8,,,,medium,Morelos,Cuernavaca,Vista Hermosa,,,0187,approximate_coordinate,630.0,227.0,1278.5954112765228,460.70025136471537,0.7929515418502202,0.9030837004405287,13.55,0.9970501474926253,426,1565,67,519,78,237,126,195,15,47,16,55,16,61,B,residential,5M-8M,missing_coordinates
mercadolibre,MLM-5970504932,https://casa.mercadolibre.com.mx/MLM-5970504932-casa-en-venta-fraccionamiento-lomas-de-cocoyoc-morelos-_JM,24000000.0,MXN,casa,1500.0,578.0,6,7.0,7,,41522.49,,,,medium,Morelos,Atlatlahucan,Lomas De Cocoyoc,,,0138,approximate_coordinate,973.0,397.0,335.65998876705885,136.9547950056756,0.924433249370277,0.9420654911838791,14.18,0.972568578553616,46,49,16,16,15,15,1,1,0,1,0,0,0,0,B,residential,>20M,missing_coordinates
mercadolibre,MLM-4790582094,https://casa.mercadolibre.com.mx/MLM-4790582094-casa-en-ventacolplan-de-ayala-_JM,2600000.0,MXN,casa,643.0,186.0,3,3.0,3,,13978.49,,,,low,Morelos,Cuautla,Plan De Ayala,,,,unusable,,,,,,,,,,,,,,,,,,,,,,,E,residential,2M-3M,missing_coordinates
mercadolibre,MLM-3227069457,https://casa.mercadolibre.com.mx/MLM-3227069457-venta-de-terreno-lomas-de-cocoyoc-residencial-la-hondonada-yautepec-morelos-disfruta-de-una-calidad-de-vida-inigualable-hain-_JM,4000000.0,MXN,casa,517.57,517.57,,,2,,7728.42,,,,medium,Morelos,Yautepec,Lomas De Cocoyoc,,,0413,approximate_coordinate,169.0,52.0,291.74148178346906,89.76660977952893,0.5961538461538461,0.6923076923076923,10.85,1.0,318,718,115,283,67,196,20,31,3,7,2,3,10,17,D,residential,3M-5M,"missing_coordinates,same_land_and_construction_area"
mercadolibre,MLM-2989142861,https://casa.mercadolibre.com.mx/MLM-2989142861-casa-en-venta-en-real-hacienda-san-jose-sumiya-jiutepec-_JM,7500000.0,MXN,casa,1234.0,,4,2.0,2,,,,,,unusable,Morelos,Jiutepec,,,,,unusable,,,,,,,,,,,,,,,,,,,,,,,E,residential,5M-8M,"missing_construction_area,missing_coordinates"
mercadolibre,MLM-3279323777,https://casa.mercadolibre.com.mx/MLM-3279323777-casa-con-jardin-y-jacuzzi-privado-en-condominio-con-seguridad-en-xochitepec-_JM,5750000.0,MXN,casa,208.0,268.0,2,3.0,3,,21455.22,,,,medium,Morelos,Xochitepec,Centro,,,0045,approximate_coordinate,2836.0,909.0,3021.7912815897585,968.5501674771123,0.49064906490649063,0.6798679867986799,11.16,0.9658634538152611,393,612,132,212,94,136,20,27,6,14,12,12,9,12,B,residential,5M-8M,missing_coordinates
mercadolibre,MLM-2858102049,https://casa.mercadolibre.com.mx/MLM-2858102049-villa-preciosa-vista-en-venta-paraiso-country-club-_JM,9800000.0,MXN,casa,363.0,304.0,4,5.0,5,,32236.84,,,,unusable,Morelos,Emiliano Zapata,Fraccionamiento Paraíso Country Club,,,,unusable,,,,,,,,,,,,,,,,,,,,,,,E,residential,8M-12M,missing_coordinates
mercadolibre,MLM-5170705588,https://casa.mercadolibre.com.mx/MLM-5170705588-casa-en-venta-en-burgos-bugambilias-_JM,9200000.0,MXN,casa,402.0,358.0,3,4.0,4,,25698.32,,,,unusable,Morelos,Temixco,Burgos Bugambilias,,,,unusable,,,,,,,,,,,,,,,,,,,,,,,E,residential,8M-12M,missing_coordinates
mercadolibre,MLM-4457473878,https://casa.mercadolibre.com.mx/MLM-4457473878-casa-en-venta-en-fraccionamiento-los-almendros-ayala-_JM,825000.0,MXN,casa,44.0,62.0,2,2.0,1,,13306.45,,,,unusable,Morelos,Ayala,Las Llaves,,,,unusable,,,,,,,,,,,,,,,,,,,,,,,E,residential,<1M,missing_coordinates
mercadolibre,MLM-4761858792,https://casa.mercadolibre.com.mx/MLM-4761858792-casa-en-venta-en-del-bosque-_JM,11500000.0,MXN,casa,500.0,468.0,4,3.0,3,,24572.65,,,,medium,Morelos,Cuernavaca,Del Bosque,,,1024,approximate_coordinate,2297.0,656.0,1826.149212248381,521.5297706725894,0.43902439024390244,0.6036585365853658,10.03,0.990210843373494,22,37,9,11,1,2,0,0,0,0,0,0,0,0,B,residential,8M-12M,missing_coordinates
mercadolibre,MLM-3233370207,https://casa.mercadolibre.com.mx/MLM-3233370207-casa-en-venta-en-atlatlahucan-_JM,4250000.0,MXN,casa,250.0,212.0,2,3.0,3,,20047.17,,,,low,Morelos,Atlatlahucan,Atlatlahucan,,,,unusable,,,,,,,,,,,,,,,,,,,,,,,E,residential,3M-5M,missing_coordinates
mercadolibre,MLM-2744754315,https://casa.mercadolibre.com.mx/MLM-2744754315-casa-en-cuautla-morelos-escelente-ubicacion-col-hermenegildo-galeana-_JM,1490000.0,MXN,casa,105.0,79.0,3,2.0,1,,18860.76,,,,medium,Morelos,Cuautla,Hermenegildo Galeana,,,0476,approximate_coordinate,2592.0,802.0,6350.453763750154,1964.9166352344228,0.4077306733167082,0.6458852867830424,11.07,0.9784122562674095,497,1496,178,557,78,259,40,95,12,43,2,18,13,25,B,residential,1M-2M,missing_coordinates
mercadolibre,MLM-5650200414,https://casa.mercadolibre.com.mx/MLM-5650200414-casa-en-altos-de-oaxtepec-morelos-municipio-de-yautepec-venta-exclusivo-fraccionamiento-acceso-controladoseguridad-las-24-horas-_JM,5100000.0,MXN,casa,300.0,255.0,3,3.0,3,,20000.0,,,,medium,Morelos,Yautepec,Altos De Oaxtepec,,,0610,approximate_coordinate,122.0,44.0,220.311520394528,79.4566139127806,0.7954545454545454,0.7045454545454546,11.64,0.9245283018867925,0,3,0,0,0,0,0,1,0,1,0,0,0,0,B,residential,5M-8M,missing_coordinates
mercadolibre,MLM-4826705116,https://casa.mercadolibre.com.mx/MLM-4826705116-casa-en-fraccionamiento-el-paraje-amplia-iluminada-ubicada-t-900-c-470-4-recamaras-2-12-banos-4-estacionamientos-cocina-integral-equipada-alberca-bungalow-jardn-en-jiutepec-morelos-_JM,7000000.0,MXN,casa,906.0,477.0,4,2.0,4,,14675.05,,,,unusable,Morelos,Jiutepec,Conjunto La Loma,,,,unusable,,,,,,,,,,,,,,,,,,,,,,,E,residential,5M-8M,missing_coordinates
mercadolibre,MLM-3279323931,https://casa.mercadolibre.com.mx/MLM-3279323931-casa-con-2-recamaras-y-amenidades-en-exclusivo-desarrollo-_JM,1500000.0,MXN,casa,74.0,82.0,2,2.0,1,,18292.68,,,,medium,Morelos,Xochitepec,Colinas de Santa Fe,,,,unusable,,,,,,,,,3,132,1,56,1,25,0,3,0,3,0,0,0,3,D,residential,1M-2M,missing_coordinates
mercadolibre,MLM-2858219567,https://casa.mercadolibre.com.mx/MLM-2858219567-casa-en-venta-paraiso-country-club-_JM,8700000.0,MXN,casa,508.0,447.0,4,3.0,3,,19463.09,,,,medium,Morelos,Emiliano Zapata,Emiliano Zapata,,,0038,approximate_coordinate,4664.0,1272.0,11925.068484559137,3252.2914048797647,0.2940251572327044,0.5345911949685535,9.3,0.9810126582278481,788,1784,414,892,76,207,33,62,17,30,6,12,13,23,B,residential,8M-12M,missing_coordinates
mercadolibre,MLM-2470937067,https://casa.mercadolibre.com.mx/MLM-2470937067-casa-burgos-cuernavaca-_JM,10850000.0,MXN,casa,680.0,360.0,3,4.0,4,,30138.89,,,,medium,Morelos,Temixco,Burgos,,,0918,approximate_coordinate,471.0,152.0,5847.590513522652,1887.1205054255693,0.39473684210526316,0.6578947368421053,11.27,1.0,33,199,14,105,1,20,1,4,4,8,0,0,1,3,B,residential,8M-12M,missing_coordinates
mercadolibre,MLM-5497313726,https://casa.mercadolibre.com.mx/MLM-5497313726-casa-en-ayala-morelos-amplia-y-moderna-con-jardin-cerca-del-club-de-golf-_JM,3750000.0,MXN,casa,450.0,170.0,3,3.0,3,,22058.82,,,,unusable,Morelos,Ayala,Paraíso Tlahuica,,,,unusable,,,,,,,,,,,,,,,,,,,,,,,E,residential,3M-5M,missing_coordinates
mercadolibre,MLM-4761612978,https://casa.mercadolibre.com.mx/MLM-4761612978-casa-en-venta-en-lomas-de-cortes-_JM,8890000.0,MXN,casa,604.0,506.0,4,4.0,4,,17569.17,,,,medium,Morelos,Cuernavaca,Lomas De Cortes,,,0717,approximate_coordinate,4653.0,1465.0,6525.631889820488,2054.5993377577943,0.6621160409556314,0.8552901023890785,12.51,0.9622166246851386,266,1045,86,372,46,175,14,66,15,39,4,10,10,36,B,residential,8M-12M,missing_coordinates
mercadolibre,MLM-3233382991,https://casa.mercadolibre.com.mx/MLM-3233382991-casa-en-venta-en-lomas-de-cocoyoc-_JM,7950000.0,MXN,casa,471.0,305.0,4,4.0,4,,26065.57,,,,medium,Morelos,Atlatlahucan,Lomas De Cocoyoc,,,0138,approximate_coordinate,973.0,397.0,335.65998876705885,136.9547950056756,0.924433249370277,0.9420654911838791,14.18,0.972568578553616,46,49,16,16,15,15,1,1,0,1,0,0,0,0,B,residential,5M-8M,missing_coordinates
mercadolibre,MLM-2745386149,https://casa.mercadolibre.com.mx/MLM-2745386149-casa-en-cuautla-mor-_JM,1900000.0,MXN,casa,145.0,155.0,3,3.0,3,,12258.06,,,,low,Morelos,Cuautla,Brisas De Cuautla,,,,unusable,,,,,,,,,,,,,,,,,,,,,,,E,residential,1M-2M,missing_coordinates
mercadolibre,MLM-3289901267,https://casa.mercadolibre.com.mx/MLM-3289901267-venta-de-casa-de-campo-en-venta-en-yautepec-terreno-de-1000-m-_JM,1800000.0,MXN,casa,1000.0,120.0,2,3.0,3,,15000.0,,,,medium,Morelos,Yautepec,San Carlos,,,0470,approximate_coordinate,1069.0,344.0,2523.948006277994,812.1965520670065,0.46511627906976744,0.5784883720930233,11.19,0.9732620320855615,297,1815,123,846,33,219,22,88,9,49,3,22,6,41,B,residential,1M-2M,"missing_coordinates,suspicious_surface_pair"
mercadolibre,MLM-5338603714,https://casa.mercadolibre.com.mx/MLM-5338603714-casa-en-condominio-en-lomas-de-jiutepec-_JM,2950000.0,MXN,casa,107.0,140.0,4,3.0,3,,21071.43,,,,unusable,Morelos,Jiutepec,,,,,unusable,,,,,,,,,,,,,,,,,,,,,,,E,residential,2M-3M,missing_coordinates
mercadolibre,MLM-5187471488,https://casa.mercadolibre.com.mx/MLM-5187471488-casa-atenea-en-una-sola-planta-en-club-de-golf-santa-fe-xochitepec-morelos-_JM,11990000.0,MXN,casa,1000.0,670.0,4,4.0,4,,17895.52,,,,unusable,Morelos,Xochitepec,Club de Golf Santa Fe,,,,unusable,,,,,,,,,,,,,,,,,,,,,,,E,residential,8M-12M,missing_coordinates
mercadolibre,MLM-2985881841,https://casa.mercadolibre.com.mx/MLM-2985881841-casa-en-venta-en-colonia-tres-de-mayo-_JM,5500000.0,MXN,casa,450.0,,4,3.0,3,,,,,,unusable,Morelos,Emiliano Zapata,Pueblo 3 de Mayo,,,,unusable,,,,,,,,,,,,,,,,,,,,,,,E,residential,5M-8M,"missing_construction_area,missing_coordinates"
mercadolibre,MLM-3058415499,https://casa.mercadolibre.com.mx/MLM-3058415499-casa-en-burgos-cuernavaca-con-seguridad-247-alberca-y-excelentes-espacios-_JM,7600000.0,MXN,casa,533.0,560.0,4,5.0,5,,13571.43,,,,medium,Morelos,Temixco,Burgos,,,0918,approximate_coordinate,471.0,152.0,5847.590513522652,1887.1205054255693,0.39473684210526316,0.6578947368421053,11.27,1.0,33,199,14,105,1,20,1,4,4,8,0,0,1,3,B,residential,5M-8M,missing_coordinates
mercadolibre,MLM-5497313736,https://casa.mercadolibre.com.mx/MLM-5497313736-casa-en-venta-en-ayala-morelos-amplia-propiedad-con-jardin-piscina-y-amenidades-_JM,5100000.0,MXN,casa,450.0,223.0,3,3.0,3,,22869.96,,,,unusable,Morelos,Ayala,Paraíso Tlahuica,,,,unusable,,,,,,,,,,,,,,,,,,,,,,,E,residential,5M-8M,missing_coordinates
mercadolibre,MLM-2834940755,https://casa.mercadolibre.com.mx/MLM-2834940755-casa-en-venta-en-jardines-de-ahuatepec-_JM,38000000.0,MXN,casa,8732.0,979.0,6,8.0,8,,38815.12,,,,unusable,Morelos,Cuernavaca,,,,,unusable,,,,,,,,,,,,,,,,,,,,,,,E,residential,>20M,"missing_coordinates,suspicious_surface_pair"
mercadolibre,MLM-5694957148,https://casa.mercadolibre.com.mx/MLM-5694957148-casa-en-venta-atlatlahucan-_JM,3800000.0,MXN,casa,209.0,165.0,3,4.0,4,,23030.3,,,,low,Morelos,Atlatlahucan,Atlatlahucan,,,,unusable,,,,,,,,,,,,,,,,,,,,,,,E,residential,3M-5M,missing_coordinates
mercadolibre,MLM-4791975610,https://casa.mercadolibre.com.mx/MLM-4791975610-casa-en-cuautla-sitio-del-sol-_JM,2550000.0,MXN,casa,119.0,120.0,3,2.0,2,,21250.0,,,,medium,Morelos,Cuautla,Sitio Del Sol,,,0014,approximate_coordinate,2050.0,523.0,1887.0063470578307,481.4167412249978,0.3862332695984704,0.37667304015296366,8.75,0.9742574257425742,160,265,83,128,40,48,1,2,1,4,3,3,2,2,B,residential,2M-3M,missing_coordinates
mercadolibre,MLM-2907614123,https://casa.mercadolibre.com.mx/MLM-2907614123-casa-en-venta-en-oaxtepec-morelos-_JM,6140000.0,MXN,casa,700.0,389.0,4,3.0,3,,15784.06,,,,unusable,Morelos,Yautepec,Fracc. Jacarandas,,,,unusable,,,,,,,,,,,,,,,,,,,,,,,E,residential,5M-8M,missing_coordinates
mercadolibre,MLM-2989131155,https://casa.mercadolibre.com.mx/MLM-2989131155-casa-en-fraccionamiento-y-club-de-golf-de-jiutepec-_JM,17000000.0,MXN,casa,1700.0,,4,4.0,4,,,,,,unusable,Morelos,Jiutepec,Club De Golf San Gaspar,,,,unusable,,,,,,,,,,,,,,,,,,,,,,,E,residential,12M-20M,"missing_construction_area,missing_coordinates"
mercadolibre,MLM-2676697903,https://casa.mercadolibre.com.mx/MLM-2676697903-casa-en-fraccionamiento-con-casa-club-en-xochitepec-morelos-_JM,2650000.0,MXN,casa,200.0,159.0,4,3.0,3,,16666.67,,,,medium,Morelos,Xochitepec,Atlacholoaya,,,0473,approximate_coordinate,4533.0,1113.0,3774.8340204221518,926.8454146767824,0.31626235399820307,0.2407906558849955,7.74,0.9912971404890178,202,236,100,115,22,24,4,6,4,7,0,0,1,1,B,residential,2M-3M,missing_coordinates
mercadolibre,MLM-5170719306,https://casa.mercadolibre.com.mx/MLM-5170719306-casa-nueva-en-venta-paraiso-country-club-_JM,19000000.0,MXN,casa,580.0,612.0,5,8.0,8,,31045.75,,,,unusable,Morelos,Emiliano Zapata,Fraccionamiento Paraíso Country Club,,,,unusable,,,,,,,,,,,,,,,,,,,,,,,E,residential,12M-20M,missing_coordinates
mercadolibre,MLM-4754250860,https://casa.mercadolibre.com.mx/MLM-4754250860-casa-en-acatlipa-en-temixco-morelos-_JM,1900000.0,MXN,casa,248.0,182.0,3,2.0,2,,10439.56,,,,medium,Morelos,Temixco,Acatlipa,,,002A,approximate_coordinate,1670.0,531.0,6626.735415400277,2107.0637757949385,0.4124293785310734,0.6177024482109228,10.78,0.9771739130434782,731,1153,368,560,111,148,30,44,15,23,2,3,10,17,B,residential,1M-2M,missing_coordinates
mercadolibre,MLM-2749904731,https://casa.mercadolibre.com.mx/MLM-2749904731-villa-nueva-de-lujo-con-alberca-climatizadajardin-_JM,7250000.0,MXN,casa,600.0,500.0,5,6.0,6,,14500.0,,,,unusable,Morelos,Ayala,Citlalli,,,,unusable,,,,,,,,,,,,,,,,,,,,,,,E,residential,5M-8M,missing_coordinates
mercadolibre,MLM-4685371968,https://casa.mercadolibre.com.mx/MLM-4685371968-estrenacasa-nueva-en-venta-en-kloster-de-ahuatlan-cuernavaca-morelos-_JM,4200000.0,MXN,casa,200.0,220.0,4,4.0,4,,19090.91,,,,medium,Morelos,Cuernavaca,Lomas De Ahuatlan,,,1537,approximate_coordinate,1676.0,598.0,18239.29130049499,6507.813960439144,0.717391304347826,0.8963210702341137,13.8,0.9688841201716738,129,452,44,172,27,72,4,19,1,12,1,1,6,11,B,residential,3M-5M,missing_coordinates
mercadolibre,MLM-5357305184,https://casa.mercadolibre.com.mx/MLM-5357305184-casa-en-venta-en-lomas-de-cocoyoc-_JM,10500000.0,MXN,casa,450.0,380.0,4,4.0,4,,27631.58,,,,medium,Morelos,Atlatlahucan,Lomas De Cocoyoc,,,0138,approximate_coordinate,973.0,397.0,335.65998876705885,136.9547950056756,0.924433249370277,0.9420654911838791,14.18,0.972568578553616,46,49,16,16,15,15,1,1,0,1,0,0,0,0,B,residential,8M-12M,missing_coordinates
mercadolibre,MLM-4791823168,https://casa.mercadolibre.com.mx/MLM-4791823168-casa-en-venta-en-volcanes-de-cuautla-cuautla-morelos-_JM,2250000.0,MXN,casa,149.0,236.0,3,3.0,3,,9533.9,,,,medium,Morelos,Cuautla,Volcanes De Cuautla,,,,unusable,,,,,,,,,80,401,43,167,8,53,1,10,0,10,0,0,0,1,D,residential,2M-3M,missing_coordinates
mercadolibre,MLM-5248450604,https://casa.mercadolibre.com.mx/MLM-5248450604-casa-en-venta-en-yautepec-morelos-cruz-encantada-_JM,1700000.0,MXN,casa,78.0,66.0,3,2.0,2,,25757.58,,,,unusable,Morelos,Yautepec,,,,,unusable,,,,,,,,,,,,,,,,,,,,,,,E,residential,1M-2M,missing_coordinates
mercadolibre,MLM-2989146725,https://casa.mercadolibre.com.mx/MLM-2989146725-casa-en-venta-en-el-capiri-jiutepec-_JM,2100000.0,MXN,casa,168.0,,2,2.0,2,,,,,,unusable,Morelos,Jiutepec,,,,,unusable,,,,,,,,,,,,,,,,,,,,,,,E,residential,2M-3M,"missing_construction_area,missing_coordinates"
mercadolibre,MLM-2750081383,https://casa.mercadolibre.com.mx/MLM-2750081383-casa-con-roof-garden-y-acceso-al-wellness-amp-social-club-en-xochitepec-_JM,2957000.0,MXN,casa,115.0,208.0,3,2.0,2,,14216.35,,,,medium,Morelos,Xochitepec,Colinas de Santa Fe,,,,unusable,,,,,,,,,3,132,1,56,1,25,0,3,0,3,0,0,0,3,D,residential,2M-3M,missing_coordinates
mercadolibre,MLM-2985804543,https://casa.mercadolibre.com.mx/MLM-2985804543-casa-en-venta-en-paraiso-country-club-_JM,13500000.0,MXN,casa,455.0,,4,4.0,4,,,,,,unusable,Morelos,Emiliano Zapata,Fraccionamiento Paraíso Country Club,,,,unusable,,,,,,,,,,,,,,,,,,,,,,,E,residential,12M-20M,"missing_construction_area,missing_coordinates"
mercadolibre,MLM-3162430391,https://casa.mercadolibre.com.mx/MLM-3162430391-casa-nueva-en-venta-en-fracc-brisas-de-cuernavaca-temixco-morelos-_JM,8500000.0,MXN,casa,340.0,400.0,4,6.0,6,,21250.0,,,,medium,Morelos,Temixco,Brisas,,,0142,approximate_coordinate,1750.0,558.0,2464.4562809328013,785.8094884345732,0.53584229390681,0.7347670250896058,11.22,0.972193614830072,330,883,144,401,45,111,16,60,9,25,8,23,7,13,B,residential,8M-12M,missing_coordinates
mercadolibre,MLM-5497361738,https://casa.mercadolibre.com.mx/MLM-5497361738-casa-en-venta-con-jacuzzi-en-av-paraiso-tlahuica-ayala-_JM,4000000.0,MXN,casa,450.0,170.0,3,3.0,3,,23529.41,,,,unusable,Morelos,Ayala,Paraíso Tlahuica,,,,unusable,,,,,,,,,,,,,,,,,,,,,,,E,residential,3M-5M,missing_coordinates
mercadolibre,MLM-3233322599,https://casa.mercadolibre.com.mx/MLM-3233322599-oportunidad-casa-en-buen-estado-a-precio-de-terreno-en-vista-hermosa-cuernavaca-_JM,9885000.0,MXN,casa,998.0,392.0,2,3.0,3,,25216.84,,,,medium,Morelos,Cuernavaca,Vista Hermosa,,,0187,approximate_coordinate,630.0,227.0,1278.5954112765228,460.70025136471537,0.7929515418502202,0.9030837004405287,13.55,0.9970501474926253,426,1565,67,519,78,237,126,195,15,47,16,55,16,61,B,residential,8M-12M,missing_coordinates
mercadolibre,MLM-2988202207,https://casa.mercadolibre.com.mx/MLM-2988202207-casa-en-venta-en-lomas-de-cocoyoc-_JM,14500000.0,MXN,casa,716.0,333.0,3,3.0,3,,43543.54,,,,unusable,Morelos,Atlatlahucan,Atlatlahucan,,,,unusable,,,,,,,,,,,,,,,,,,,,,,,E,residential,12M-20M,missing_coordinates
mercadolibre,MLM-3035974159,https://casa.mercadolibre.com.mx/MLM-3035974159-casa-en-venta-en-ano-de-juarez-cuautla-morelos-_JM,1500000.0,MXN,casa,253.0,185.0,3,2.0,2,,8108.11,,,,unusable,Morelos,Cuautla,Año De Juárez,,,,unusable,,,,,,,,,,,,,,,,,,,,,,,E,residential,1M-2M,missing_coordinates
mercadolibre,MLM-5248474838,https://casa.mercadolibre.com.mx/MLM-5248474838-casa-en-venta-en-morelos-yautepec-alberca-y-vigilancia-_JM,2200000.0,MXN,casa,52.0,109.0,3,3.0,3,,20183.49,,,,unusable,Morelos,Yautepec,,,,,unusable,,,,,,,,,,,,,,,,,,,,,,,E,residential,2M-3M,missing_coordinates
mercadolibre,MLM-2989142443,https://casa.mercadolibre.com.mx/MLM-2989142443-venta-de-casa-en-kluster-sumiya-_JM,20950000.0,MXN,casa,1000.0,,7,8.0,8,,,,,,unusable,Morelos,Jiutepec,Kloster Sumiya,,,,unusable,,,,,,,,,,,,,,,,,,,,,,,E,residential,>20M,"missing_construction_area,missing_coordinates"
mercadolibre,MLM-3233322593,https://casa.mercadolibre.com.mx/MLM-3233322593-casa-de-lujo-de-un-nivel-con-alberca-y-bungalow-en-club-de-golf-xochitepec-mor-_JM,10000000.0,MXN,casa,700.0,320.0,5,3.0,3,,31250.0,,,,unusable,Morelos,Xochitepec,Club de Golf Santa Fe,,,,unusable,,,,,,,,,,,,,,,,,,,,,,,E,residential,8M-12M,missing_coordinates
mercadolibre,MLM-5170736236,https://casa.mercadolibre.com.mx/MLM-5170736236-casa-nueva-en-paraiso-country-club-_JM,11900000.0,MXN,casa,527.0,465.0,4,4.0,4,,25591.4,,,,unusable,Morelos,Emiliano Zapata,Fraccionamiento Paraíso Country Club,,,,unusable,,,,,,,,,,,,,,,,,,,,,,,E,residential,8M-12M,missing_coordinates
mercadolibre,MLM-3170171627,https://casa.mercadolibre.com.mx/MLM-3170171627-casa-con-alberca-nueva-en-brisas-de-cuernavaca-temixco-morelos-_JM,6500000.0,MXN,casa,340.0,300.0,4,4.0,4,,21666.67,,,,medium,Morelos,Temixco,Brisas,,,0142,approximate_coordinate,1750.0,558.0,2464.4562809328013,785.8094884345732,0.53584229390681,0.7347670250896058,11.22,0.972193614830072,330,883,144,401,45,111,16,60,9,25,8,23,7,13,B,residential,5M-8M,missing_coordinates
mercadolibre,MLM-3025930911,https://casa.mercadolibre.com.mx/MLM-3025930911-casa-de-3-recamaras-con-piscina-y-sports-club-al-sur-de-cuautla-123-m2-de-construccion-_JM,2000000.0,MXN,casa,123.0,123.0,3,3.0,3,,16260.16,,,,medium,Morelos,Ayala,Tlayecac,,,0043,approximate_coordinate,1614.0,459.0,4698.920401625593,1336.3100770422222,0.4684095860566449,0.45751633986928103,9.3,0.9942196531791907,104,160,48,70,14,25,2,3,4,6,0,0,1,1,B,residential,2M-3M,"missing_coordinates,same_land_and_construction_area"
mercadolibre,MLM-3279399999,https://casa.mercadolibre.com.mx/MLM-3279399999-casa-con-jardin-propio-seguridad-en-av-palmira-a-3-min-autopista-cuernavaca-_JM,5500000.0,MXN,casa,160.0,180.0,2,2.0,2,,30555.56,,,,unusable,Morelos,Cuernavaca,Palmira Tinguindin,,,,unusable,,,,,,,,,,,,,,,,,,,,,,,E,residential,5M-8M,missing_coordinates
mercadolibre,MLM-5641679050,https://casa.mercadolibre.com.mx/MLM-5641679050-casa-en-venta-en-lomas-de-cocoyoc-_JM,5650000.0,MXN,casa,525.0,215.0,3,2.0,2,,26279.07,,,,medium,Morelos,Atlatlahucan,Lomas De Cocoyoc,,,0138,approximate_coordinate,973.0,397.0,335.65998876705885,136.9547950056756,0.924433249370277,0.9420654911838791,14.18,0.972568578553616,46,49,16,16,15,15,1,1,0,1,0,0,0,0,B,residential,5M-8M,missing_coordinates
mercadolibre,MLM-3854479360,https://casa.mercadolibre.com.mx/MLM-3854479360-casa-sola-en-venta-_JM,2300000.0,MXN,casa,122.0,175.0,3,3.0,3,,13142.86,,,,medium,Morelos,Cuautla,Cuautla Centro,,,0546,approximate_coordinate,2441.0,764.0,3992.2990288647775,1249.5356239462064,0.31413612565445026,0.6073298429319371,10.9,0.9866071428571429,1407,4406,678,2308,164,596,78,228,42,102,28,64,49,116,B,residential,2M-3M,missing_coordinates
mercadolibre,MLM-5248450602,https://casa.mercadolibre.com.mx/MLM-5248450602-casa-en-venta-en-yautepec-morelos-maravillas-_JM,1300000.0,MXN,casa,105.0,150.0,3,3.0,1,,8666.67,,,,unusable,Morelos,Yautepec,,,,,unusable,,,,,,,,,,,,,,,,,,,,,,,E,residential,1M-2M,missing_coordinates
mercadolibre,MLM-2818000387,https://casa.mercadolibre.com.mx/MLM-2818000387-casa-en-venta-en-kloster-sumiya-jiutepec-morelos-_JM,13300000.0,MXN,casa,961.0,505.0,3,5.0,5,,26336.63,,,,unusable,Morelos,Jiutepec,Kloster Sumiya,,,,unusable,,,,,,,,,,,,,,,,,,,,,,,E,residential,12M-20M,missing_coordinates
mercadolibre,MLM-3032202161,https://casa.mercadolibre.com.mx/MLM-3032202161-casa-con-jardin-y-amenidades-en-el-centro-de-xochitepec-morelos-_JM,1700000.0,MXN,casa,62.0,91.0,3,2.0,2,,18681.32,,,,medium,Morelos,Xochitepec,Villas De Xochitepec,,,0011,approximate_coordinate,875.0,299.0,4575.064578031982,1563.3649243789287,0.6387959866220736,0.7591973244147158,12.09,0.9817351598173516,25,119,12,46,2,23,2,4,1,1,0,0,0,3,B,residential,1M-2M,missing_coordinates
mercadolibre,MLM-5248499594,https://casa.mercadolibre.com.mx/MLM-5248499594-casa-en-venta-en-emiliano-zapata-los-sauces-_JM,2235000.0,MXN,casa,49.0,73.0,3,3.0,3,,30616.44,,,,unusable,Morelos,Emiliano Zapata,,,,,unusable,,,,,,,,,,,,,,,,,,,,,,,E,residential,2M-3M,missing_coordinates
mercadolibre,MLM-5364305820,https://casa.mercadolibre.com.mx/MLM-5364305820-casa-en-venta-en-burgos-bugambilias-cuernavaca-morelo-_JM,9900000.0,MXN,casa,385.0,485.0,3,3.0,3,,20412.37,,,,unusable,Morelos,Temixco,Burgos Bugambilias,,,,unusable,,,,,,,,,,,,,,,,,,,,,,,E,residential,8M-12M,missing_coordinates
mercadolibre,MLM-3025917043,https://casa.mercadolibre.com.mx/MLM-3025917043-hermosa-casa-de-3-recamaras-con-piscina-y-sports-club-al-sur-de-cuautla-123-m2-de-construccion-_JM,2000000.0,MXN,casa,123.0,123.0,3,3.0,3,,16260.16,,,,medium,Morelos,Ayala,Tlayecac,,,0043,approximate_coordinate,1614.0,459.0,4698.920401625593,1336.3100770422222,0.4684095860566449,0.45751633986928103,9.3,0.9942196531791907,104,160,48,70,14,25,2,3,4,6,0,0,1,1,B,residential,2M-3M,"missing_coordinates,same_land_and_construction_area"
mercadolibre,MLM-5239570254,https://casa.mercadolibre.com.mx/MLM-5239570254-casa-en-venta-en-fraccionamiento-las-garzas-_JM,17900000.0,MXN,casa,973.0,390.0,3,5.0,5,,45897.44,,,,unusable,Morelos,Cuernavaca,Fraccionamiento Rinconada Palmira,,,,unusable,,,,,,,,,,,,,,,,,,,,,,,E,residential,12M-20M,missing_coordinates
mercadolibre,MLM-2988240457,https://casa.mercadolibre.com.mx/MLM-2988240457-casa-en-venta-en-lomas-de-cocoyoc-_JM,9400000.0,MXN,casa,498.0,238.0,3,3.0,3,,39495.8,,,,medium,Morelos,Atlatlahucan,Lomas De Cocoyoc,,,0138,approximate_coordinate,973.0,397.0,335.65998876705885,136.9547950056756,0.924433249370277,0.9420654911838791,14.18,0.972568578553616,46,49,16,16,15,15,1,1,0,1,0,0,0,0,B,residential,8M-12M,missing_coordinates
mercadolibre,MLM-5610148206,https://casa.mercadolibre.com.mx/MLM-5610148206-casa-en-cuautla-morelos-venta-colonia-juan-morales-nueva-_JM,2450000.0,MXN,casa,250.0,140.0,3,3.0,3,,17500.0,,,,unusable,Morelos,Cuautla,Juan Morales,,,,unusable,,,,,,,,,,,,,,,,,,,,,,,E,residential,2M-3M,missing_coordinates
mercadolibre,MLM-5991350540,https://casa.mercadolibre.com.mx/MLM-5991350540-venta-de-casa-en-condominio-en-oacalco-yautepec--_JM,990000.0,MXN,casa,54.0,54.0,2,2.0,1,,18333.33,,,,medium,Morelos,Yautepec,Oacalco,,,0998,approximate_coordinate,1525.0,464.0,2251.084906966465,684.9202602179932,0.375,0.48060344827586204,10.06,0.9882198952879581,183,199,76,82,36,37,6,6,7,7,0,0,2,3,B,residential,<1M,"missing_coordinates,same_land_and_construction_area"
mercadolibre,MLM-5338569152,https://casa.mercadolibre.com.mx/MLM-5338569152-casa-en-condominio-con-alberca-jiutepec-morelos-_JM,2200000.0,MXN,casa,112.0,112.0,3,3.0,1,,19642.86,,,,unusable,Morelos,Jiutepec,,,,,unusable,,,,,,,,,,,,,,,,,,,,,,,E,residential,2M-3M,"missing_coordinates,same_land_and_construction_area"
mercadolibre,MLM-5284188934,https://casa.mercadolibre.com.mx/MLM-5284188934-casa-con-recamara-y-bano-completo-en-planta-baja-en-santa-fe-ii-xochitepec-mor-_JM,1450000.0,MXN,casa,62.0,63.0,3,2.0,2,,23015.87,,,,medium,Morelos,Xochitepec,Colinas de Santa Fe,,,,unusable,,,,,,,,,3,132,1,56,1,25,0,3,0,3,0,0,0,3,D,residential,1M-2M,missing_coordinates
mercadolibre,MLM-3146319321,https://casa.mercadolibre.com.mx/MLM-3146319321-casa-en-venta-en-colonia-tres-de-mayo-emiliano-zapata-morelos-_JM,10500000.0,MXN,casa,936.0,413.0,3,4.0,4,,25423.73,,,,medium,Morelos,Emiliano Zapata,Tres De Mayo,,,0061,approximate_coordinate,2394.0,714.0,4040.254507613094,1204.9881864810982,0.5336134453781513,0.6904761904761905,11.0,0.9715568862275449,624,861,361,454,72,96,22,29,9,14,2,3,5,8,B,residential,8M-12M,missing_coordinates
mercadolibre,MLM-2750437785,https://casa.mercadolibre.com.mx/MLM-2750437785-estrenecasa-estilo-minimalista-en-venta-en-burgos-bugambilias-temixco-morelos-_JM,7950000.0,MXN,casa,469.0,402.0,4,6.0,6,,19776.12,,,,medium,Morelos,Temixco,Burgos,,,0918,approximate_coordinate,471.0,152.0,5847.590513522652,1887.1205054255693,0.39473684210526316,0.6578947368421053,11.27,1.0,33,199,14,105,1,20,1,4,4,8,0,0,1,3,B,residential,5M-8M,missing_coordinates
mercadolibre,MLM-3025943315,https://casa.mercadolibre.com.mx/MLM-3025943315-hermosa-casa-de-3-recamaras-con-piscina-y-sports-club-al-sur-de-cuautla-cerca-tepoztlan-yautepec-_JM,2000000.0,MXN,casa,123.0,123.0,3,3.0,3,,16260.16,,,,medium,Morelos,Ayala,Tlayecac,,,0043,approximate_coordinate,1614.0,459.0,4698.920401625593,1336.3100770422222,0.4684095860566449,0.45751633986928103,9.3,0.9942196531791907,104,160,48,70,14,25,2,3,4,6,0,0,1,1,B,residential,2M-3M,"missing_coordinates,same_land_and_construction_area"
mercadolibre,MLM-5347924618,https://casa.mercadolibre.com.mx/MLM-5347924618-venta-de-casa-en-condominio-en-hacienda-tetela-_JM,5450000.0,MXN,casa,518.0,267.0,2,4.0,4,,20411.99,,,,unusable,Morelos,Cuernavaca,Hacienda Tétela,,,,unusable,,,,,,,,,,,,,,,,,,,,,,,E,residential,5M-8M,missing_coordinates
mercadolibre,MLM-3331641737,https://casa.mercadolibre.com.mx/MLM-3331641737-casa-en-venta-en-lomas-de-cocoyoc-_JM,9600000.0,MXN,casa,1007.0,330.0,4,3.0,3,,29090.91,,,,medium,Morelos,Atlatlahucan,Lomas De Cocoyoc,,,0138,approximate_coordinate,973.0,397.0,335.65998876705885,136.9547950056756,0.924433249370277,0.9420654911838791,14.18,0.972568578553616,46,49,16,16,15,15,1,1,0,1,0,0,0,0,B,residential,8M-12M,missing_coordinates
mercadolibre,MLM-5608831208,https://casa.mercadolibre.com.mx/MLM-5608831208-casa-en-cuautla-morelos-venta-colonia-plan-de-ayala-casa-nueva-excelente-ubicacion-_JM,2950000.0,MXN,casa,145.0,150.0,3,3.0,3,,19666.67,,,,low,Morelos,Cuautla,Plan De Ayala,,,,unusable,,,,,,,,,,,,,,,,,,,,,,,E,residential,2M-3M,missing_coordinates
mercadolibre,MLM-5993791172,https://casa.mercadolibre.com.mx/MLM-5993791172-casa-en-venta-en-condominio-con-alberca-y-vigilancia-yautepec-morelos-ideal-para-descanso-_JM,1750000.0,MXN,casa,135.5,74.7,2,2.0,2,,23427.04,,,,medium,Morelos,Yautepec,Tabachines,,,,unusable,,,,,,,,,16,98,8,37,1,24,0,1,0,3,0,0,0,0,D,residential,1M-2M,missing_coordinates
mercadolibre,MLM-5248450572,https://casa.mercadolibre.com.mx/MLM-5248450572-casa-en-venta-en-cuernavaca-morelos-sumiya-_JM,1500000.0,USD,casa,3800.0,1155.0,8,6.0,6,,1298.7,,,,unusable,Morelos,Jiutepec,,,,,unusable,,,,,,,,,,,,,,,,,,,,,,,E,residential,1M-2M,missing_coordinates
mercadolibre,MLM-2937969109,https://casa.mercadolibre.com.mx/MLM-2937969109-casa-con-alberca-y-amenida-en-real-santa-fe-xochitepec-morelos-_JM,1440000.0,MXN,casa,102.0,74.0,2,2.0,2,,19459.46,,,,medium,Morelos,Xochitepec,Colinas de Santa Fe,,,,unusable,,,,,,,,,3,132,1,56,1,25,0,3,0,3,0,0,0,3,D,residential,1M-2M,missing_coordinates
mercadolibre,MLM-5641653648,https://casa.mercadolibre.com.mx/MLM-5641653648-gran-terreno-con-jardin-maduro-casa-y-alberca-en-real-de-tezoyuca-morleos-_JM,7000000.0,MXN,casa,2707.0,300.0,2,5.0,5,,23333.33,,,,medium,Morelos,Emiliano Zapata,Real De Tezoyuca,,,0381,approximate_coordinate,25.0,9.0,348.2701037248519,125.37723734094666,0.4444444444444444,0.8888888888888888,12.11,1.0,14,249,3,109,5,35,0,9,0,2,0,1,0,6,B,residential,5M-8M,"missing_coordinates,suspicious_surface_pair"
mercadolibre,MLM-3233322627,https://casa.mercadolibre.com.mx/MLM-3233322627-casa-en-lomas-de-cuernavaca-con-vistas-panoramicas-alberca-y-bungalow-_JM,5990000.0,MXN,casa,251.0,343.0,2,6.0,6,,17463.56,,,,medium,Morelos,Temixco,Lomas De Cuernavaca,,,,unusable,,,,,,,,,6,183,4,68,0,34,0,13,1,2,0,4,0,4,D,residential,5M-8M,missing_coordinates
mercadolibre,MLM-5527930346,https://casa.mercadolibre.com.mx/MLM-5527930346-hermosa-casa-de-2-recamaras-con-piscina-y-sports-club-al-sur-de-cuautla-_JM,1550000.0,MXN,casa,72.0,72.0,2,2.0,2,,21527.78,,,,medium,Morelos,Ayala,Tlayecac,,,0043,approximate_coordinate,1614.0,459.0,4698.920401625593,1336.3100770422222,0.4684095860566449,0.45751633986928103,9.3,0.9942196531791907,104,160,48,70,14,25,2,3,4,6,0,0,1,1,B,residential,1M-2M,"missing_coordinates,same_land_and_construction_area"
mercadolibre,MLM-5961635624,https://casa.mercadolibre.com.mx/MLM-5961635624-hermosa-casa-en-club-de-golf-tabachines-cuernavaca-morelos-_JM,14750000.0,MXN,casa,441.0,392.0,5,7.0,7,,37627.55,,,,unusable,Morelos,Cuernavaca,Club De Golf Tabachines,,,,unusable,,,,,,,,,,,,,,,,,,,,,,,E,residential,12M-20M,missing_coordinates
mercadolibre,MLM-4949213158,https://casa.mercadolibre.com.mx/MLM-4949213158-casa-en-venta-en-lomas-de-cocoyoc-_JM,7990000.0,MXN,casa,543.0,288.0,4,4.0,4,,27743.06,,,,medium,Morelos,Atlatlahucan,Lomas De Cocoyoc,,,0138,approximate_coordinate,973.0,397.0,335.65998876705885,136.9547950056756,0.924433249370277,0.9420654911838791,14.18,0.972568578553616,46,49,16,16,15,15,1,1,0,1,0,0,0,0,B,residential,5M-8M,missing_coordinates
mercadolibre,MLM-4579815658,https://casa.mercadolibre.com.mx/MLM-4579815658-casa-en-cuautla-morelos-fraccionamiento-brisas-de-cuautla-venta-_JM,3490000.0,MXN,casa,200.0,186.0,3,3.0,3,,18763.44,,,,low,Morelos,Cuautla,Brisas De Cuautla,,,,unusable,,,,,,,,,,,,,,,,,,,,,,,E,residential,3M-5M,missing_coordinates
mercadolibre,MLM-3086291987,https://casa.mercadolibre.com.mx/MLM-3086291987-casa-en-venta-en-jose-ortiz-san-martin-_JM,2000000.0,MXN,casa,300.0,140.0,2,3.0,3,,14285.71,,,,medium,Morelos,Yautepec,José Ortiz,,,0502,approximate_coordinate,4591.0,1380.0,4856.398831602696,1459.7757324355741,0.4608695652173913,0.586231884057971,10.47,0.9813084112149533,317,795,124,303,52,108,15,34,9,21,2,6,3,14,B,residential,2M-3M,missing_coordinates
mercadolibre,MLM-3222609641,https://casa.mercadolibre.com.mx/MLM-3222609641-oportunidad-de-inversion-terreno-con-bungalow-en-residencial-sumiya-jiutepec-_JM,9500000.0,MXN,casa,1374.0,177.0,2,2.0,2,,53672.32,,,,unusable,Morelos,Jiutepec,Residencial Sumiya,,,,unusable,,,,,,,,,,,,,,,,,,,,,,,E,residential,8M-12M,"missing_coordinates,suspicious_surface_pair"
mercadolibre,MLM-3233382707,https://casa.mercadolibre.com.mx/MLM-3233382707-casa-con-alberca-jardin-y-terraza-privada-xochitepec-morelos-_JM,3500000.0,MXN,casa,500.0,284.0,4,3.0,3,,12323.94,,,,unusable,Morelos,Xochitepec,Obrera Popular,,,,unusable,,,,,,,,,,,,,,,,,,,,,,,E,residential,3M-5M,missing_coordinates
mercadolibre,MLM-5754474470,https://casa.mercadolibre.com.mx/MLM-5754474470-casa-en-condominio-con-alberca-en-emiliano-zapata-morelos-_JM,1290000.0,MXN,casa,98.0,59.0,3,2.0,2,,21864.41,,,,medium,Morelos,Emiliano Zapata,Modesto Rangel,,,0269,approximate_coordinate,3079.0,985.0,2243.575931821806,717.7402704918737,0.8395939086294416,0.8913705583756345,13.39,0.9699754901960784,62,319,23,144,10,36,1,4,0,5,0,1,0,1,B,residential,1M-2M,missing_coordinates
mercadolibre,MLM-4637133402,https://casa.mercadolibre.com.mx/MLM-4637133402-residencia-en-venta-en-lomas-de-cuernavaca-en-paseo-de-la-reforma-_JM,15200000.0,MXN,casa,2000.0,558.0,5,8.0,8,,27240.14,,,,medium,Morelos,Temixco,Lomas De Cuernavaca,,,,unusable,,,,,,,,,6,183,4,68,0,34,0,13,1,2,0,4,0,4,D,residential,12M-20M,missing_coordinates
mercadolibre,MLM-5527932640,https://casa.mercadolibre.com.mx/MLM-5527932640-casa-de-2-recamaras-con-piscina-y-sports-club-al-sur-de-cuautla-_JM,1550000.0,MXN,casa,72.0,72.0,2,2.0,2,,21527.78,,,,medium,Morelos,Ayala,Tlayecac,,,0043,approximate_coordinate,1614.0,459.0,4698.920401625593,1336.3100770422222,0.4684095860566449,0.45751633986928103,9.3,0.9942196531791907,104,160,48,70,14,25,2,3,4,6,0,0,1,1,B,residential,1M-2M,"missing_coordinates,same_land_and_construction_area"
mercadolibre,MLM-5961635190,https://casa.mercadolibre.com.mx/MLM-5961635190-casa-en-exclusivo-fraccionamiento-en-col-reforma-cuernavaca-morelos-_JM,6300000.0,MXN,casa,311.0,354.0,3,5.0,5,,17796.61,,,,medium,Morelos,Cuernavaca,Reforma,,,0172,approximate_coordinate,652.0,219.0,1333.8700698265352,448.03304492639757,0.8310502283105022,0.9223744292237442,13.9,0.9655172413793104,234,1584,59,509,43,246,25,179,11,49,1,25,12,50,B,residential,5M-8M,missing_coordinates
mercadolibre,MLM-3009407155,https://casa.mercadolibre.com.mx/MLM-3009407155-casa-en-venta-en-lomas-de-cocoyoc-_JM,6950000.0,MXN,casa,624.0,430.0,5,5.0,5,,16162.79,,,,medium,Morelos,Atlatlahucan,Lomas De Cocoyoc,,,0138,approximate_coordinate,973.0,397.0,335.65998876705885,136.9547950056756,0.924433249370277,0.9420654911838791,14.18,0.972568578553616,46,49,16,16,15,15,1,1,0,1,0,0,0,0,B,residential,5M-8M,missing_coordinates
mercadolibre,MLM-4689814674,https://casa.mercadolibre.com.mx/MLM-4689814674-casa-en-cuautla-morelos-venta-oportunidad-amplias-recamaras-_JM,2750000.0,MXN,casa,233.0,148.0,4,3.0,3,,18581.08,,,,medium,Morelos,Cuautla,Casasano,,,,unusable,,,,,,,,,0,30,0,18,0,2,0,1,0,0,0,0,0,1,D,residential,2M-3M,missing_coordinates
mercadolibre,MLM-5577044714,https://casa.mercadolibre.com.mx/MLM-5577044714-casa-en-venta-en-yautepec-centro-_JM,2750000.0,MXN,casa,254.09,77.64,2,2.0,2,,35419.89,,,,unusable,Morelos,Yautepec,,,,,unusable,,,,,,,,,,,,,,,,,,,,,,,E,residential,2M-3M,missing_coordinates
mercadolibre,MLM-3233369615,https://casa.mercadolibre.com.mx/MLM-3233369615-casa-de-un-nivel-con-amplio-terreno-y-alberca-en-cuernavaca-morelos-_JM,9300000.0,MXN,casa,1353.0,415.0,3,4.0,4,,22409.64,,,,medium,Morelos,Jiutepec,Pedregal De Las Fuentes,,,0230,approximate_coordinate,1506.0,513.0,2126.9645529782256,724.5237819905907,0.7875243664717348,0.9083820662768031,13.56,0.9685610640870617,34,514,10,223,5,70,0,22,4,17,0,1,0,7,B,residential,8M-12M,missing_coordinates
mercadolibre,MLM-3233322589,https://casa.mercadolibre.com.mx/MLM-3233322589-casa-con-diseno-moderno-en-club-de-golf-santa-fe-xochitepec-morelos-_JM,11900000.0,MXN,casa,1000.0,531.0,6,6.0,6,,22410.55,,,,unusable,Morelos,Xochitepec,Club de Golf Santa Fe,,,,unusable,,,,,,,,,,,,,,,,,,,,,,,E,residential,8M-12M,missing_coordinates
mercadolibre,MLM-3279412407,https://casa.mercadolibre.com.mx/MLM-3279412407-precio-de-oportunidad-casa-con-vista-al-fairwayen-en-paraiso-country-club-_JM,11500000.0,MXN,casa,606.0,302.0,2,4.0,4,,38079.47,,,,medium,Morelos,Emiliano Zapata,Paraíso Country Club,,,,unusable,,,,,,,,,0,36,0,18,0,2,0,2,0,3,0,0,0,0,D,residential,8M-12M,missing_coordinates
mercadolibre,MLM-5951003958,https://casa.mercadolibre.com.mx/MLM-5951003958-casa-nueva-al-sur-de-cuernavaca-en-burgos-bugambilias-temixco-morelos-_JM,7600000.0,MXN,casa,480.0,400.0,5,7.0,7,,19000.0,,,,unusable,Morelos,Temixco,Burgos Bugambilias,,,,unusable,,,,,,,,,,,,,,,,,,,,,,,E,residential,5M-8M,missing_coordinates
mercadolibre,MLM-5527944222,https://casa.mercadolibre.com.mx/MLM-5527944222-hermosa-casa-de-2-recamaras-con-piscina-y-sports-club-al-sur-de-cuautla-72-m2-de-construcion-_JM,1550000.0,MXN,casa,72.0,72.0,2,2.0,2,,21527.78,,,,medium,Morelos,Ayala,Tlayecac,,,0043,approximate_coordinate,1614.0,459.0,4698.920401625593,1336.3100770422222,0.4684095860566449,0.45751633986928103,9.3,0.9942196531791907,104,160,48,70,14,25,2,3,4,6,0,0,1,1,B,residential,1M-2M,"missing_coordinates,same_land_and_construction_area"
mercadolibre,MLM-3193975845,https://casa.mercadolibre.com.mx/MLM-3193975845-oportunidad-casa-remodelada-en-privada-cerca-de-las-palmas-cuernavaca-morelos-_JM,2550000.0,MXN,casa,119.0,142.0,2,3.0,3,,17957.75,,,,medium,Morelos,Cuernavaca,Miguel Hidalgo,,,0011,approximate_coordinate,5509.0,1566.0,7905.38115756001,2247.20037987638,0.38569604086845466,0.665389527458493,10.64,0.9730957372466806,407,935,176,370,64,149,13,33,7,31,3,7,4,15,B,residential,2M-3M,missing_coordinates
mercadolibre,MLM-2857681923,https://casa.mercadolibre.com.mx/MLM-2857681923-casa-en-venta-en-lomas-de-cocoyoc-_JM,5300000.0,MXN,casa,350.0,145.0,3,2.0,2,,36551.72,,,,medium,Morelos,Atlatlahucan,Lomas De Cocoyoc,,,0138,approximate_coordinate,973.0,397.0,335.65998876705885,136.9547950056756,0.924433249370277,0.9420654911838791,14.18,0.972568578553616,46,49,16,16,15,15,1,1,0,1,0,0,0,0,B,residential,5M-8M,missing_coordinates
mercadolibre,MLM-2831028023,https://casa.mercadolibre.com.mx/MLM-2831028023-mas-que-una-casa-un-estilo-de-vida-exclusiva-residencia-en-cuautla-una-joya-inmobiliaria-en-cuautla-que-debes-conocer-_JM,3800000.0,MXN,casa,275.0,200.0,3,2.0,2,,19000.0,,,,low,Morelos,Cuautla,Cuauhtémoc,,,,unusable,,,,,,,,,,,,,,,,,,,,,,,E,residential,3M-5M,missing_coordinates
mercadolibre,MLM-2988239261,https://casa.mercadolibre.com.mx/MLM-2988239261-casa-en-venta-pedregal-de-oaxtepec-_JM,5950000.0,MXN,casa,715.0,483.0,4,4.0,4,,12318.84,,,,medium,Morelos,Yautepec,Pedregal De Oaxtepec,,,0432,approximate_coordinate,630.0,187.0,653.8871844015503,194.09032298903156,0.4117647058823529,0.3689839572192513,9.09,0.9777777777777777,44,713,12,284,8,176,3,33,0,7,0,3,0,18,B,residential,5M-8M,missing_coordinates
mercadolibre,MLM-4785453572,https://casa.mercadolibre.com.mx/MLM-4785453572-residencia-en-venta-en-fracc-tamoanchan-jiutepec-morelos-_JM,12350000.0,MXN,casa,4885.0,660.0,4,5.0,5,,18712.12,,,,unusable,Morelos,Jiutepec,Tamoanchan,,,,unusable,,,,,,,,,,,,,,,,,,,,,,,E,residential,12M-20M,"missing_coordinates,suspicious_surface_pair"
mercadolibre,MLM-5476197654,https://casa.mercadolibre.com.mx/MLM-5476197654-casa-en-venta-en-pueblo-chiconcuac-_JM,12350000.0,MXN,casa,3142.0,366.0,5,5.0,5,,33743.17,,,,unusable,Morelos,Xochitepec,,,,,unusable,,,,,,,,,,,,,,,,,,,,,,,E,residential,12M-20M,"missing_coordinates,suspicious_surface_pair"
mercadolibre,MLM-5430041586,https://casa.mercadolibre.com.mx/MLM-5430041586-casa-con-alberca-privada-jardin-y-jacuzzi-en-lomas-de-trujillo-morelos-_JM,3600000.0,MXN,casa,201.0,145.0,2,3.0,3,,24827.59,,,,unusable,Morelos,Emiliano Zapata,Lomas de Trujillo,,,,unusable,,,,,,,,,,,,,,,,,,,,,,,E,residential,3M-5M,missing_coordinates
mercadolibre,MLM-5951002300,https://casa.mercadolibre.com.mx/MLM-5951002300-estrenacasa-nueva-en-el-fracc-burgos-de-cuernavaca-a-10-minutos-al-sur-de-cuernavaca-_JM,5980000.0,MXN,casa,430.0,330.0,4,4.0,4,,18121.21,,,,medium,Morelos,Temixco,Burgos,,,0918,approximate_coordinate,471.0,152.0,5847.590513522652,1887.1205054255693,0.39473684210526316,0.6578947368421053,11.27,1.0,33,199,14,105,1,20,1,4,4,8,0,0,1,3,B,residential,5M-8M,missing_coordinates
mercadolibre,MLM-2872658365,https://casa.mercadolibre.com.mx/MLM-2872658365-casa-en-venta-de-dos-niveles-con-vista-al-club-de-golf-en-paraiso-tlahuica-morelos-_JM,4150000.0,MXN,casa,450.0,264.0,3,3.0,3,,15719.7,,,,unusable,Morelos,Ayala,Paraíso Tlahuica,,,,unusable,,,,,,,,,,,,,,,,,,,,,,,E,residential,3M-5M,missing_coordinates
mercadolibre,MLM-2784666375,https://casa.mercadolibre.com.mx/MLM-2784666375-casa-en-venta-en-san-miguel-acapantzingo-_JM,9500000.0,MXN,casa,1122.0,408.8,4,4.0,4,,23238.75,,,,unusable,Morelos,Cuernavaca,Jardines De Acapatzingo,,,,unusable,,,,,,,,,,,,,,,,,,,,,,,E,residential,8M-12M,missing_coordinates
mercadolibre,MLM-2988204495,https://casa.mercadolibre.com.mx/MLM-2988204495-casa-en-venta-en-lomas-de-cocoyoc-_JM,4900000.0,MXN,casa,385.0,165.0,3,2.0,2,,29696.97,,,,medium,Morelos,Atlatlahucan,Lomas De Cocoyoc,,,0138,approximate_coordinate,973.0,397.0,335.65998876705885,136.9547950056756,0.924433249370277,0.9420654911838791,14.18,0.972568578553616,46,49,16,16,15,15,1,1,0,1,0,0,0,0,B,residential,3M-5M,missing_coordinates
mercadolibre,MLM-2988202549,https://casa.mercadolibre.com.mx/MLM-2988202549-casa-en-venta-en-cuautla-_JM,2000000.0,MXN,casa,160.0,100.0,3,2.0,2,,20000.0,,,,medium,Morelos,Cuautla,Hermenegildo Galeana,,,0476,approximate_coordinate,2592.0,802.0,6350.453763750154,1964.9166352344228,0.4077306733167082,0.6458852867830424,11.07,0.9784122562674095,497,1496,178,557,78,259,40,95,12,43,2,18,13,25,B,residential,2M-3M,missing_coordinates
mercadolibre,MLM-2988203701,https://casa.mercadolibre.com.mx/MLM-2988203701-casa-en-venta-en-oaxtepec-_JM,5890000.0,MXN,casa,463.0,404.0,5,4.0,4,,14579.21,,,,medium,Morelos,Yautepec,Oaxtepec Centro,,,0273,approximate_coordinate,45.0,12.0,30.915232939279242,8.244062117141132,0.5833333333333334,0.6666666666666666,11.36,1.0,49,557,13,222,28,184,0,20,4,9,0,2,0,11,B,residential,5M-8M,missing_coordinates
mercadolibre,MLM-3145111643,https://casa.mercadolibre.com.mx/MLM-3145111643-ex-hacienda-con-amplio-potencial-comercial-en-jiutepec-morelos-_JM,45000000.0,MXN,casa,4870.0,1695.0,16,16.0,16,,26548.67,,,,medium,Morelos,Jiutepec,El Zapote,,,0620,approximate_coordinate,3641.0,1153.0,3802.7897203156135,1204.234152025241,0.593235039028621,0.7632263660017347,12.23,0.9759229534510433,340,1287,108,525,58,173,34,74,10,31,3,9,10,28,B,residential,>20M,missing_coordinates
mercadolibre,MLM-2984774977,https://casa.mercadolibre.com.mx/MLM-2984774977-casa-en-venta-en-pueblo-chiconcuac-_JM,4450000.0,MXN,casa,1305.0,450.0,4,3.0,3,,9888.89,,,,medium,Morelos,Xochitepec,Chiconcuac,,,037A,approximate_coordinate,3678.0,1047.0,2433.0795911403716,692.6140108548041,0.41069723018147086,0.5845272206303725,9.48,0.9766734279918864,343,586,138,234,75,116,16,27,5,7,0,0,4,10,B,residential,3M-5M,missing_coordinates
mercadolibre,MLM-2988373823,https://casa.mercadolibre.com.mx/MLM-2988373823-casa-en-condominio-en-venta-en-ampliacion-3-de-mayo-_JM,10900000.0,MXN,casa,312.33,312.33,5,5.0,5,,34898.99,,,,unusable,Morelos,Emiliano Zapata,,,,,unusable,,,,,,,,,,,,,,,,,,,,,,,E,residential,8M-12M,"missing_coordinates,same_land_and_construction_area"
mercadolibre,MLM-2932612881,https://casa.mercadolibre.com.mx/MLM-2932612881-venta-de-casa-con-alberca-en-colinas-de-altar-_JM,1130000.0,MXN,casa,62.0,59.0,2,2.0,1,,19152.54,,,,unusable,Morelos,Temixco,,,,,unusable,,,,,,,,,,,,,,,,,,,,,,,E,residential,1M-2M,missing_coordinates
mercadolibre,MLM-3025916021,https://casa.mercadolibre.com.mx/MLM-3025916021-hermosa-casa-de-3-recamaras-con-piscina-y-sports-club-al-sur-de-cuautla-123m2-de-construccion-_JM,2000000.0,MXN,casa,123.0,123.0,3,3.0,3,,16260.16,,,,medium,Morelos,Ayala,Tlayecac,,,0043,approximate_coordinate,1614.0,459.0,4698.920401625593,1336.3100770422222,0.4684095860566449,0.45751633986928103,9.3,0.9942196531791907,104,160,48,70,14,25,2,3,4,6,0,0,1,1,B,residential,2M-3M,"missing_coordinates,same_land_and_construction_area"
mercadolibre,MLM-4972124122,https://casa.mercadolibre.com.mx/MLM-4972124122-casa-en-venta-maravillas-4-recamaras-_JM,7800000.0,MXN,casa,728.0,341.0,4,4.0,4,,22873.9,,,,medium,Morelos,Cuernavaca,Maravillas,,,0064,approximate_coordinate,4622.0,1440.0,4320.998775933969,1346.2220331771778,0.5763888888888888,0.7833333333333333,11.96,0.9726027397260274,132,1001,46,325,22,150,12,59,3,24,2,22,6,43,B,residential,5M-8M,missing_coordinates
mercadolibre,MLM-3277420093,https://casa.mercadolibre.com.mx/MLM-3277420093-casa-en-venta-en-lomas-de-cocoyoc-_JM,10500000.0,MXN,casa,572.0,356.0,6,7.0,7,,29494.38,,,,medium,Morelos,Atlatlahucan,Lomas De Cocoyoc,,,0138,approximate_coordinate,973.0,397.0,335.65998876705885,136.9547950056756,0.924433249370277,0.9420654911838791,14.18,0.972568578553616,46,49,16,16,15,15,1,1,0,1,0,0,0,0,B,residential,8M-12M,missing_coordinates
mercadolibre,MLM-3233382989,https://casa.mercadolibre.com.mx/MLM-3233382989-casa-en-preventa-en-cuautla-_JM,3300000.0,MXN,casa,160.0,240.0,3,3.0,3,,13750.0,,,,medium,Morelos,Cuautla,Hermenegildo Galeana,,,0476,approximate_coordinate,2592.0,802.0,6350.453763750154,1964.9166352344228,0.4077306733167082,0.6458852867830424,11.07,0.9784122562674095,497,1496,178,557,78,259,40,95,12,43,2,18,13,25,B,residential,3M-5M,missing_coordinates
mercadolibre,MLM-5811591900,https://casa.mercadolibre.com.mx/MLM-5811591900-casa-en-venta-en-oaxtepece-_JM,2150000.0,MXN,casa,488.0,190.0,2,2.0,1,,11315.79,,,,medium,Morelos,Yautepec,Santa Rosa,,,0269,approximate_coordinate,452.0,130.0,1336.242074776095,384.31741088692996,0.38461538461538464,0.4153846153846154,9.01,0.9538461538461539,57,307,29,139,6,42,2,9,3,6,0,1,0,5,B,residential,2M-3M,missing_coordinates
mercadolibre,MLM-2988471739,https://casa.mercadolibre.com.mx/MLM-2988471739-casa-en-venta-en-sumiya-_JM,35500000.0,MXN,casa,7000.0,7000.0,5,7.0,7,,5071.43,,,,medium,Morelos,Jiutepec,Sumiya,,,0122,approximate_coordinate,1858.0,564.0,1540.789692968381,467.71011132086477,0.74822695035461,0.8156028368794326,12.28,0.9752380952380952,13,200,5,81,2,21,0,6,0,7,0,0,0,1,B,residential,>20M,"missing_coordinates,same_land_and_construction_area,suspicious_construction_area"
mercadolibre,MLM-5223211284,https://casa.mercadolibre.com.mx/MLM-5223211284-casa-en-venta-villas-de-santa-fe-3-recamaras-_JM,3370000.0,MXN,casa,111.0,160.0,3,2.0,2,,21062.5,,,,medium,Morelos,Xochitepec,Colinas de Santa Fe,,,,unusable,,,,,,,,,3,132,1,56,1,25,0,3,0,3,0,0,0,3,D,residential,3M-5M,missing_coordinates
mercadolibre,MLM-2664044749,https://casa.mercadolibre.com.mx/MLM-2664044749-casa-nueva-en-venta-con-roof-garden-en-la-col-3-de-mayo-emiliano-zapata-morelos-_JM,2600000.0,MXN,casa,138.0,117.0,3,4.0,4,,22222.22,,,,unusable,Morelos,Emiliano Zapata,Pueblo 3 de Mayo,,,,unusable,,,,,,,,,,,,,,,,,,,,,,,E,residential,2M-3M,missing_coordinates
mercadolibre,MLM-5332119156,https://casa.mercadolibre.com.mx/MLM-5332119156-venta-de-casa-con-alberca-en-colinas-de-altar-_JM,1130000.0,MXN,casa,62.0,59.0,2,2.0,1,,19152.54,,,,unusable,Morelos,Temixco,,,,,unusable,,,,,,,,,,,,,,,,,,,,,,,E,residential,1M-2M,missing_coordinates
mercadolibre,MLM-5527956810,https://casa.mercadolibre.com.mx/MLM-5527956810-preciosa-casa-de-2-recamaras-con-piscina-y-sports-club-al-sur-de-cuautla-_JM,1550000.0,MXN,casa,72.0,72.0,2,2.0,2,,21527.78,,,,medium,Morelos,Ayala,Tlayecac,,,0043,approximate_coordinate,1614.0,459.0,4698.920401625593,1336.3100770422222,0.4684095860566449,0.45751633986928103,9.3,0.9942196531791907,104,160,48,70,14,25,2,3,4,6,0,0,1,1,B,residential,1M-2M,"missing_coordinates,same_land_and_construction_area"
mercadolibre,MLM-2914261577,https://casa.mercadolibre.com.mx/MLM-2914261577-casa-estilo-contemporaneo-nueva-en-lomas-de-mirador-cuernavaca-morelos-_JM,6950000.0,MXN,casa,214.8,193.3,4,3.0,3,,35954.47,,,,unusable,Morelos,Cuernavaca,Lomas Del Mirador,,,,unusable,,,,,,,,,,,,,,,,,,,,,,,E,residential,5M-8M,missing_coordinates
mercadolibre,MLM-2954634085,https://casa.mercadolibre.com.mx/MLM-2954634085-estrene-bonita-casa-de-un-nivel-con-amplio-jardin-_JM,6900000.0,MXN,casa,480.0,140.0,3,3.0,3,,49285.71,,,,medium,Morelos,Atlatlahucan,Lomas De Cocoyoc,,,0138,approximate_coordinate,973.0,397.0,335.65998876705885,136.9547950056756,0.924433249370277,0.9420654911838791,14.18,0.972568578553616,46,49,16,16,15,15,1,1,0,1,0,0,0,0,B,residential,5M-8M,missing_coordinates
mercadolibre,MLM-5811579360,https://casa.mercadolibre.com.mx/MLM-5811579360-casa-en-venta-en-cuautla-_JM,2600000.0,MXN,casa,160.0,111.0,4,2.0,2,,23423.42,,,,medium,Morelos,Cuautla,Hermenegildo Galeana,,,0476,approximate_coordinate,2592.0,802.0,6350.453763750154,1964.9166352344228,0.4077306733167082,0.6458852867830424,11.07,0.9784122562674095,497,1496,178,557,78,259,40,95,12,43,2,18,13,25,B,residential,2M-3M,missing_coordinates
mercadolibre,MLM-5641679028,https://casa.mercadolibre.com.mx/MLM-5641679028-casa-en-venta-en-cocoyoc-_JM,3400000.0,MXN,casa,736.0,353.0,3,2.0,2,,9631.73,,,,medium,Morelos,Yautepec,Cocoyoc,,,0201,approximate_coordinate,4208.0,1234.0,3679.966722951729,1079.1537395728217,0.38006482982171796,0.5380875202593193,9.52,0.9859034600598034,288,527,142,263,41,84,8,16,4,15,0,0,3,4,B,residential,3M-5M,missing_coordinates
mercadolibre,MLM-4761728988,https://casa.mercadolibre.com.mx/MLM-4761728988-casa-en-venta-en-club-de-golf-san-gaspar-_JM,8963100.0,MXN,casa,1020.0,1020.0,3,3.0,3,,8787.35,,,,unusable,Morelos,Jiutepec,Club De Golf San Gaspar,,,,unusable,,,,,,,,,,,,,,,,,,,,,,,E,residential,8M-12M,"missing_coordinates,same_land_and_construction_area"
mercadolibre,MLM-5284199940,https://casa.mercadolibre.com.mx/MLM-5284199940-casa-con-alberca-a-2-minutos-de-la-autopista-en-xochitepec-centro-morelos-_JM,1400000.0,MXN,casa,72.0,90.0,3,2.0,2,,15555.56,,,,medium,Morelos,Xochitepec,Paseos de Xochitepec,,,0045,approximate_coordinate,2836.0,909.0,3021.7912815897585,968.5501674771123,0.49064906490649063,0.6798679867986799,11.16,0.9658634538152611,77,409,36,139,14,94,1,18,1,8,0,12,0,7,B,residential,1M-2M,missing_coordinates
mercadolibre,MLM-2779827459,https://casa.mercadolibre.com.mx/MLM-2779827459-casa-en-venta-en-fraccionamiento-las-garzas-_JM,1350000.0,MXN,casa,60.0,60.0,2,2.0,1,,22500.0,,,,unusable,Morelos,Emiliano Zapata,"Fraccionamiento Las Garzas I, II, III Y IV",,,,unusable,,,,,,,,,,,,,,,,,,,,,,,E,residential,1M-2M,"missing_coordinates,same_land_and_construction_area"
mercadolibre,MLM-3290837669,https://casa.mercadolibre.com.mx/MLM-3290837669-casa-estilo-mediterraneo-en-un-solo-nivel-en-burgos-bugambilias-temixco-morelos-_JM,4490000.0,MXN,casa,326.0,207.0,2,3.0,3,,21690.82,,,,unusable,Morelos,Temixco,Burgos Bugambilias,,,,unusable,,,,,,,,,,,,,,,,,,,,,,,E,residential,3M-5M,missing_coordinates
mercadolibre,MLM-5527617358,https://casa.mercadolibre.com.mx/MLM-5527617358-hermosa-casa-de-3-recamaras-con-piscina-y-sports-club-al-sur-de-cuautla-_JM,2000000.0,MXN,casa,123.0,123.0,3,3.0,3,,16260.16,,,,medium,Morelos,Ayala,Tlayecac,,,0043,approximate_coordinate,1614.0,459.0,4698.920401625593,1336.3100770422222,0.4684095860566449,0.45751633986928103,9.3,0.9942196531791907,104,160,48,70,14,25,2,3,4,6,0,0,1,1,B,residential,2M-3M,"missing_coordinates,same_land_and_construction_area"
mercadolibre,MLM-3314494631,https://casa.mercadolibre.com.mx/MLM-3314494631-palmira-cuernavaca-residencia-en-venta-_JM,13500000.0,MXN,casa,383.0,383.0,3,5.0,5,,35248.04,,,,unusable,Morelos,Cuernavaca,Palmira Tinguindin,,,,unusable,,,,,,,,,,,,,,,,,,,,,,,E,residential,12M-20M,"missing_coordinates,same_land_and_construction_area"
mercadolibre,MLM-2886005997,https://casa.mercadolibre.com.mx/MLM-2886005997-en-venta-casa-con-enorme-jardin-y-vista-panoramica-en-lomas-de-cocoyocx-_JM,11450000.0,MXN,casa,1040.0,442.0,4,5.0,5,,25904.98,,,,medium,Morelos,Atlatlahucan,Lomas De Cocoyoc,,,0138,approximate_coordinate,973.0,397.0,335.65998876705885,136.9547950056756,0.924433249370277,0.9420654911838791,14.18,0.972568578553616,46,49,16,16,15,15,1,1,0,1,0,0,0,0,B,residential,8M-12M,missing_coordinates
mercadolibre,MLM-3009394933,https://casa.mercadolibre.com.mx/MLM-3009394933-casa-en-venta-en-cuautla-_JM,5900000.0,MXN,casa,400.0,358.0,3,3.0,3,,16480.45,,,,medium,Morelos,Cuautla,Gabriel Tepepa,,,,unusable,,,,,,,,,24,220,8,100,3,31,3,9,0,7,0,0,0,0,D,residential,5M-8M,missing_coordinates
mercadolibre,MLM-2988179269,https://casa.mercadolibre.com.mx/MLM-2988179269-casa-en-venta-en-real-de-oaxtepec-_JM,4650000.0,MXN,casa,450.0,250.0,3,3.0,3,,18600.0,,,,medium,Morelos,Yautepec,Real de Oaxtepec,,,0409,approximate_coordinate,288.0,100.0,353.56376816215766,122.76519727852695,0.83,0.79,11.66,0.9645390070921985,2,44,1,12,0,11,0,2,0,0,0,0,0,0,B,residential,3M-5M,missing_coordinates
mercadolibre,MLM-5576691472,https://casa.mercadolibre.com.mx/MLM-5576691472-casa-en-venta-en-fraccionamiento-huertas-del-llano-_JM,6200000.0,MXN,casa,688.0,234.0,3,3.0,3,,26495.73,,,,unusable,Morelos,Jiutepec,Huertas Del Llano,,,,unusable,,,,,,,,,,,,,,,,,,,,,,,E,residential,5M-8M,missing_coordinates
mercadolibre,MLM-2880697277,https://casa.mercadolibre.com.mx/MLM-2880697277-casa-en-venta-cumbres-del-campestre-2-recamaras-_JM,1000000.0,MXN,casa,180.0,51.0,2,2.0,1,,19607.84,,,,medium,Morelos,Xochitepec,Loma Bonita,,,0399,approximate_coordinate,1665.0,415.0,5549.892227770982,1383.3064711861607,0.3108433734939759,0.4433734939759036,8.15,0.9898534385569335,193,411,96,215,25,46,3,7,7,13,0,0,2,2,B,residential,1M-2M,missing_coordinates
mercadolibre,MLM-5951003484,https://casa.mercadolibre.com.mx/MLM-5951003484-casa-nueva-en-club-de-golf-paraiso-country-club-a-10-min-al-sur-de-cuernavaca-_JM,12400000.0,MXN,casa,556.0,353.0,4,5.0,5,,35127.48,,,,medium,Morelos,Emiliano Zapata,Paraíso Country Club,,,,unusable,,,,,,,,,0,36,0,18,0,2,0,2,0,3,0,0,0,0,D,residential,12M-20M,missing_coordinates
mercadolibre,MLM-4761638732,https://casa.mercadolibre.com.mx/MLM-4761638732-casa-en-venta-en-fraccionamiento-burgos-bugambilias-_JM,7950000.0,MXN,casa,400.0,400.0,4,7.0,7,,19875.0,,,,unusable,Morelos,Temixco,Burgos Bugambilias,,,,unusable,,,,,,,,,,,,,,,,,,,,,,,E,residential,5M-8M,"missing_coordinates,same_land_and_construction_area"
mercadolibre,MLM-5527933682,https://casa.mercadolibre.com.mx/MLM-5527933682-amplia-casa-de-2-recamaras-con-piscina-y-sports-club-al-sur-de-cuautla-_JM,1550000.0,MXN,casa,72.0,72.0,2,2.0,2,,21527.78,,,,medium,Morelos,Ayala,Tlayecac,,,0043,approximate_coordinate,1614.0,459.0,4698.920401625593,1336.3100770422222,0.4684095860566449,0.45751633986928103,9.3,0.9942196531791907,104,160,48,70,14,25,2,3,4,6,0,0,1,1,B,residential,1M-2M,"missing_coordinates,same_land_and_construction_area"
mercadolibre,MLM-3081127767,https://departamento.mercadolibre.com.mx/MLM-3081127767-departamento-en-venta-en-condominio-tamazula-vista-hermosa-cuernavaca-_JM,2300000.0,MXN,departamento,44.0,44.0,2,1.0,1,,52272.73,,,,medium,Morelos,Cuernavaca,Vista Hermosa,,,0187,approximate_coordinate,630.0,227.0,1278.5954112765228,460.70025136471537,0.7929515418502202,0.9030837004405287,13.55,0.9970501474926253,426,1565,67,519,78,237,126,195,15,47,16,55,16,61,B,residential,2M-3M,"missing_coordinates,same_land_and_construction_area"
mercadolibre,MLM-2469377763,https://terreno.mercadolibre.com.mx/MLM-2469377763-terreno-en-venta-en-fraccionamiento-lomas-de-cocoyoc-_JM,3600000.0,MXN,terreno,633.0,,,,,,,5687.2,,,unusable,Morelos,Atlatlahucan,,,,,unusable,,,,,,,,,,,,,,,,,,,,,,,E,land,3M-5M,"missing_construction_area,missing_coordinates"
mercadolibre,MLM-4841742720,https://terreno.mercadolibre.com.mx/MLM-4841742720-terreno-en-venta-en-esquina-con-bungalow-y-alberca-zona-dorada-_JM,4550100.0,MXN,terreno,527.0,,,2.0,,,,8633.97,,,medium,Morelos,Cuernavaca,Reforma,,,0172,approximate_coordinate,652.0,219.0,1333.8700698265352,448.03304492639757,0.8310502283105022,0.9223744292237442,13.9,0.9655172413793104,234,1584,59,509,43,246,25,179,11,49,1,25,12,50,B,land,3M-5M,"missing_construction_area,missing_coordinates"
mercadolibre,MLM-2915269555,https://terreno.mercadolibre.com.mx/MLM-2915269555-terreno-residencial-en-venta-en-emiliano-zapata-_JM,575000.0,MXN,terreno,250.0,,,,,,,2300.0,,,unusable,Morelos,Emiliano Zapata,,,,,unusable,,,,,,,,,,,,,,,,,,,,,,,E,land,<1M,"missing_construction_area,missing_coordinates"
mercadolibre,MLM-5866596236,https://terreno.mercadolibre.com.mx/MLM-5866596236-terreno-comercial-con-construccion-en-obra-gris-en-venta-en-morelos-_JM,15000000.0,MXN,terreno,5000.0,3849.0,,,,,3897.12,3000.0,,,medium,Morelos,Temixco,Burgos,,,0918,approximate_coordinate,471.0,152.0,5847.590513522652,1887.1205054255693,0.39473684210526316,0.6578947368421053,11.27,1.0,33,199,14,105,1,20,1,4,4,8,0,0,1,3,B,land,12M-20M,missing_coordinates
mercadolibre,MLM-4012688668,https://terreno.mercadolibre.com.mx/MLM-4012688668-terreno-en-venta-en-pedregal-de-oaxtepec-_JM,6075000.0,MXN,terreno,2430.0,,,,,,,2500.0,,,medium,Morelos,Yautepec,Pedregal De Oaxtepec,,,0432,approximate_coordinate,630.0,187.0,653.8871844015503,194.09032298903156,0.4117647058823529,0.3689839572192513,9.09,0.9777777777777777,44,713,12,284,8,176,3,33,0,7,0,3,0,18,B,land,5M-8M,"missing_construction_area,missing_coordinates"
mercadolibre,MLM-2529556843,https://terreno.mercadolibre.com.mx/MLM-2529556843-terrenos-en-venta-totalmente-urbanizados-planos-arbolados-en-jiutepec-centro-_JM,,,terreno,,,,,,,,,,,unusable,Morelos,Jiutepec,,,,,unusable,,,,,,,,,,,,,,,,,,,,,,,E,land,,"missing_construction_area,missing_coordinates,missing_land_area,missing_price"
mercadolibre,MLM-4329932074,https://terreno.mercadolibre.com.mx/MLM-4329932074-terreno-urbano-en-club-de-golf-santa-fe-xochitepec-morelos-caen-502-tu-_JM,2040000.0,MXN,terreno,800.0,,,,,,,2550.0,,,unusable,Morelos,Xochitepec,Club de Golf Santa Fe,,,,unusable,,,,,,,,,,,,,,,,,,,,,,,E,land,2M-3M,"missing_construction_area,missing_coordinates"
mercadolibre,MLM-3876136552,https://terreno.mercadolibre.com.mx/MLM-3876136552-excelente-plano-magnifica-ubicacion-_JM,3867500.0,MXN,terreno,595.0,,,,,,,6500.0,,,medium,Morelos,Atlatlahucan,Lomas De Cocoyoc,,,0138,approximate_coordinate,973.0,397.0,335.65998876705885,136.9547950056756,0.924433249370277,0.9420654911838791,14.18,0.972568578553616,46,49,16,16,15,15,1,1,0,1,0,0,0,0,B,land,3M-5M,"missing_construction_area,missing_coordinates"
mercadolibre,MLM-5468403880,https://terreno.mercadolibre.com.mx/MLM-5468403880-terreno-en-venta-en-avenida-rio-mayo-cuernavaca-_JM,31000000.0,MXN,terreno,1200.0,1110.0,,,,,27927.93,25833.33,,,medium,Morelos,Cuernavaca,Vista Hermosa,,,0187,approximate_coordinate,630.0,227.0,1278.5954112765228,460.70025136471537,0.7929515418502202,0.9030837004405287,13.55,0.9970501474926253,426,1565,67,519,78,237,126,195,15,47,16,55,16,61,B,land,>20M,missing_coordinates
mercadolibre,MLM-3053732525,https://terreno.mercadolibre.com.mx/MLM-3053732525-terreno-en-venta-emiliano-zapata-_JM,4000000.0,MXN,terreno,2909.0,,,,,,,1375.04,,,medium,Morelos,Emiliano Zapata,Emiliano Zapata,,,0038,approximate_coordinate,4664.0,1272.0,11925.068484559137,3252.2914048797647,0.2940251572327044,0.5345911949685535,9.3,0.9810126582278481,788,1784,414,892,76,207,33,62,17,30,6,12,13,23,B,land,3M-5M,"missing_construction_area,missing_coordinates"
mercadolibre,MLM-5585656306,https://terreno.mercadolibre.com.mx/MLM-5585656306-terreno-en-venta-burgos-bugambilias-temixco-morelos-_JM,9800000.0,MXN,terreno,1153.0,,,,,,,8499.57,,,unusable,Morelos,Temixco,Burgos Bugambilias,,,,unusable,,,,,,,,,,,,,,,,,,,,,,,E,land,8M-12M,"missing_construction_area,missing_coordinates"
mercadolibre,MLM-2385648529,https://terreno.mercadolibre.com.mx/MLM-2385648529-terreno-en-venta-en-los-ojos-de-ahuilican-yautepec-morelos-_JM,7282500.0,MXN,terreno,5826.0,,,,,,,1250.0,,,unusable,Morelos,Yautepec,,,,,unusable,,,,,,,,,,,,,,,,,,,,,,,E,land,5M-8M,"missing_construction_area,missing_coordinates"
mercadolibre,MLM-4213665354,https://terreno.mercadolibre.com.mx/MLM-4213665354-terreno-urbano-en-san-gaspar-jiutepec-morelos-_JM,2104000.0,MXN,terreno,1052.0,,,,,,,2000.0,,,medium,Morelos,Jiutepec,Centro Jiutepec,,,1084,approximate_coordinate,2129.0,704.0,6005.284940640889,1985.7776412452727,0.5710227272727273,0.8181818181818182,12.54,0.9747211895910781,545,1899,218,865,75,232,27,74,32,49,12,16,9,29,B,land,2M-3M,"missing_construction_area,missing_coordinates"
mercadolibre,MLM-5937177030,https://terreno.mercadolibre.com.mx/MLM-5937177030-terreno-comercial-en-venta-en-pueblo-alpuyeca-_JM,50025000.0,MXN,terreno,50025.0,,,,,,,1000.0,,,medium,Morelos,Xochitepec,Alpuyeca,,,0026,approximate_coordinate,2763.0,700.0,2771.068737817901,702.044197058462,0.24857142857142858,0.39285714285714285,9.48,0.972241029113067,344,565,186,281,57,98,10,14,7,12,2,2,4,8,B,land,>20M,"missing_construction_area,missing_coordinates"
mercadolibre,MLM-4425989940,https://terreno.mercadolibre.com.mx/MLM-4425989940-terreno-en-venta-en-lomas-de-cocoyoc-atlatlahucan-morelos-_JM,2719500.0,MXN,terreno,389.0,,,,,,,6991.0,,,medium,Morelos,Atlatlahucan,Lomas De Cocoyoc,,,0138,approximate_coordinate,973.0,397.0,335.65998876705885,136.9547950056756,0.924433249370277,0.9420654911838791,14.18,0.972568578553616,46,49,16,16,15,15,1,1,0,1,0,0,0,0,B,land,2M-3M,"missing_construction_area,missing_coordinates"
mercadolibre,MLM-2929523813,https://terreno.mercadolibre.com.mx/MLM-2929523813-lote-terreno-en-venta-en-ahuatepec-_JM,936000.0,MXN,terreno,180.0,,,,,,,5200.0,,,unusable,Morelos,Cuernavaca,,,,,unusable,,,,,,,,,,,,,,,,,,,,,,,E,land,<1M,"missing_construction_area,missing_coordinates"
mercadolibre,MLM-2914862345,https://terreno.mercadolibre.com.mx/MLM-2914862345-venta-de-terreno-para-desarrollos-col-3-de-mayo-e-zapataclave-5448-_JM,4002500.0,MXN,terreno,1601.0,,,,,,,2500.0,,,unusable,Morelos,Emiliano Zapata,Ampliación 3 De Mayo,,,,unusable,,,,,,,,,,,,,,,,,,,,,,,E,land,3M-5M,"missing_construction_area,missing_coordinates"
mercadolibre,MLM-2914900177,https://terreno.mercadolibre.com.mx/MLM-2914900177-venta-de-terreno-en-temixco-morelosclave-5529-_JM,1700000.0,MXN,terreno,707.0,,,,,,,2404.53,,,medium,Morelos,Temixco,Alta Palmira,,,0547,approximate_coordinate,3083.0,906.0,5609.703831903922,1648.5214634138674,0.3818984547461369,0.5408388520971302,9.74,0.9662576687116564,154,633,79,315,15,74,5,22,6,11,0,0,1,6,B,land,1M-2M,"missing_construction_area,missing_coordinates"
mercadolibre,MLM-3993907562,https://terreno.mercadolibre.com.mx/MLM-3993907562-terreno-en-venta-pedregal-de-oaxtepec-_JM,1350000.0,MXN,terreno,472.0,,,,,,,2860.17,,,medium,Morelos,Yautepec,Pedregal De Oaxtepec,,,0432,approximate_coordinate,630.0,187.0,653.8871844015503,194.09032298903156,0.4117647058823529,0.3689839572192513,9.09,0.9777777777777777,44,713,12,284,8,176,3,33,0,7,0,3,0,18,B,land,1M-2M,"missing_construction_area,missing_coordinates"
mercadolibre,MLM-2350834303,https://terreno.mercadolibre.com.mx/MLM-2350834303-terreno-en-venta-en-jose-g-parres-jiutepec-morelos-_JM,1850000.0,MXN,terreno,272.0,,,,,,,6801.47,,,medium,Morelos,Jiutepec,José G Parres,,,0175,approximate_coordinate,558.0,162.0,3300.7406107033376,958.2795321396786,0.49382716049382713,0.6975308641975309,10.94,0.9597523219814241,96,232,43,113,10,22,5,7,2,3,0,0,1,1,B,land,1M-2M,"missing_construction_area,missing_coordinates"
mercadolibre,MLM-5961253700,https://terreno.mercadolibre.com.mx/MLM-5961253700-venta-de-terreno-3819900000-_JM,38199000.0,MXN,terreno,29332.0,,,,,,,1302.3,,,medium,Morelos,Xochitepec,La Calera,,,,unusable,,,,,,,,,29,103,9,34,6,19,0,3,0,2,0,0,0,2,D,land,>20M,"missing_construction_area,missing_coordinates"
mercadolibre,MLM-2527772893,https://terreno.mercadolibre.com.mx/MLM-2527772893-su-nuevo-hogar-le-espera-en-lomas-de-cocoyoc-seccion-nueva-con-servicios-ocultos-plano-_JM,4123000.0,MXN,terreno,665.0,,,,,,,6200.0,,,medium,Morelos,Atlatlahucan,Lomas De Cocoyoc,,,0138,approximate_coordinate,973.0,397.0,335.65998876705885,136.9547950056756,0.924433249370277,0.9420654911838791,14.18,0.972568578553616,46,49,16,16,15,15,1,1,0,1,0,0,0,0,B,land,3M-5M,"missing_construction_area,missing_coordinates"
mercadolibre,MLM-2648330529,https://terreno.mercadolibre.com.mx/MLM-2648330529-terreno-en-venta-rancho-tetela-estricta-seguridad-_JM,3265500.0,MXN,terreno,356.0,,,,,,,9172.75,,,medium,Morelos,Cuernavaca,Rancho Tetela,,,101A,approximate_coordinate,1694.0,605.0,897.2966711124132,320.46309682586184,0.8809917355371901,0.9487603305785124,14.37,0.9830687830687831,3,57,1,21,1,6,0,2,0,3,0,0,0,0,B,land,3M-5M,"missing_construction_area,missing_coordinates"
mercadolibre,MLM-3086291905,https://terreno.mercadolibre.com.mx/MLM-3086291905-terreno-residencial-en-venta-en-san-jose-de-las-cumbres-_JM,1250000.0,MXN,terreno,500.0,,,,,,,2500.0,,,unusable,Morelos,Emiliano Zapata,,,,,unusable,,,,,,,,,,,,,,,,,,,,,,,E,land,1M-2M,"missing_construction_area,missing_coordinates"
mercadolibre,MLM-5573130118,https://terreno.mercadolibre.com.mx/MLM-5573130118-venta-de-terreno-en-la-carretera-federal-mexico-acapulco-temixco-morelosclave-5522-_JM,842000.0,MXN,terreno,350.0,,,,,,,2405.71,,,medium,Morelos,Temixco,Alta Palmira,,,0547,approximate_coordinate,3083.0,906.0,5609.703831903922,1648.5214634138674,0.3818984547461369,0.5408388520971302,9.74,0.9662576687116564,154,633,79,315,15,74,5,22,6,11,0,0,1,6,B,land,<1M,"missing_construction_area,missing_coordinates"
mercadolibre,MLM-2839042343,https://terreno.mercadolibre.com.mx/MLM-2839042343-terreno-en-venta-en-fraccionamiento-mirador-de-oaxtepec-_JM,550000.0,MXN,terreno,195.0,,,,,,,2820.51,,,medium,Morelos,Yautepec,Oaxtepec,,,0108,approximate_coordinate,1976.0,603.0,1985.85527835229,606.0074558939427,0.48258706467661694,0.6252072968490879,10.5,0.973172987974098,489,820,212,337,127,202,22,35,3,10,2,3,10,19,B,land,<1M,"missing_construction_area,missing_coordinates"
mercadolibre,MLM-5443888926,https://terreno.mercadolibre.com.mx/MLM-5443888926-terreno-en-privada-en-el-centro-de-jiutepec-_JM,1045000.0,MXN,terreno,237.47,,,,,,,4400.56,,,medium,Morelos,Jiutepec,Centro Jiutepec,,,1084,approximate_coordinate,2129.0,704.0,6005.284940640889,1985.7776412452727,0.5710227272727273,0.8181818181818182,12.54,0.9747211895910781,545,1899,218,865,75,232,27,74,32,49,12,16,9,29,B,land,1M-2M,"missing_construction_area,missing_coordinates"
mercadolibre,MLM-3299495311,https://terreno.mercadolibre.com.mx/MLM-3299495311-venta-de-terreno-709900000-_JM,7099000.0,MXN,terreno,9376.0,,,,,,,757.15,,,medium,Morelos,Xochitepec,Centro,,,0045,approximate_coordinate,2836.0,909.0,3021.7912815897585,968.5501674771123,0.49064906490649063,0.6798679867986799,11.16,0.9658634538152611,393,612,132,212,94,136,20,27,6,14,12,12,9,12,B,land,5M-8M,"missing_construction_area,missing_coordinates"
mercadolibre,MLM-3045666953,https://terreno.mercadolibre.com.mx/MLM-3045666953-terreno-para-desarrollar-en-tzompantle-norte-_JM,3200000.0,MXN,terreno,1824.0,,,,,,,1754.39,,,unusable,Morelos,Cuernavaca,Tzompantle Norte,,,,unusable,,,,,,,,,,,,,,,,,,,,,,,E,land,3M-5M,"missing_construction_area,missing_coordinates"
mercadolibre,MLM-4367568720,https://terreno.mercadolibre.com.mx/MLM-4367568720-terreno-en-lomas-de-trujillo-_JM,811545.0,MXN,terreno,127.0,,,,,,,6390.12,,,unusable,Morelos,Emiliano Zapata,Lomas de Trujillo,,,,unusable,,,,,,,,,,,,,,,,,,,,,,,E,land,<1M,"missing_construction_area,missing_coordinates"
mercadolibre,MLM-4043753046,https://terreno.mercadolibre.com.mx/MLM-4043753046-venta-de-terreno-col-los-presidentes-temixco-morelosclave-5831-_JM,2400000.0,MXN,terreno,827.0,,,,,,,2902.06,,,medium,Morelos,Temixco,Los Presidentes,,,0513,approximate_coordinate,1323.0,390.0,3826.758485718464,1128.069394882994,0.43846153846153846,0.6205128205128205,9.91,0.9390420899854862,113,707,58,335,13,94,1,32,1,16,0,1,1,5,B,land,2M-3M,"missing_construction_area,missing_coordinates"
mercadolibre,MLM-2385543147,https://terreno.mercadolibre.com.mx/MLM-2385543147-terreno-en-venta-en-ixtlahuacan-yautepec-morelos-_JM,7500000.0,MXN,terreno,5350.0,,,,,,,1401.87,,,medium,Morelos,Yautepec,Ixtlahuacan,,,0165,approximate_coordinate,2945.0,899.0,2602.986670533835,794.5959310050655,0.42046718576195774,0.5962180200222469,10.73,0.9854570637119113,97,1191,39,622,13,159,2,46,2,27,0,19,1,19,B,land,5M-8M,"missing_construction_area,missing_coordinates"
mercadolibre,MLM-2265584777,https://terreno.mercadolibre.com.mx/MLM-2265584777-terreno-urbano-en-centro-jiutepec-jiutepec-morelos-_JM,16000000.0,MXN,terreno,9550.0,,,,,,,1675.39,,,medium,Morelos,Jiutepec,Centro Jiutepec,,,1084,approximate_coordinate,2129.0,704.0,6005.284940640889,1985.7776412452727,0.5710227272727273,0.8181818181818182,12.54,0.9747211895910781,545,1899,218,865,75,232,27,74,32,49,12,16,9,29,B,land,12M-20M,"missing_construction_area,missing_coordinates"
mercadolibre,MLM-5120678626,https://terreno.mercadolibre.com.mx/MLM-5120678626-escriturado-predio-semi-urbano-en-alpuyeca-morelos-_JM,19283000.0,MXN,terreno,19283.0,,,,,,,1000.0,,,medium,Morelos,Xochitepec,Alpuyeca,,,0026,approximate_coordinate,2763.0,700.0,2771.068737817901,702.044197058462,0.24857142857142858,0.39285714285714285,9.48,0.972241029113067,344,565,186,281,57,98,10,14,7,12,2,2,4,8,B,land,12M-20M,"missing_construction_area,missing_coordinates"
mercadolibre,MLM-5724162016,https://terreno.mercadolibre.com.mx/MLM-5724162016-terreno-residencial-en-venta-en-privada-cuernavaca-_JM,,,terreno,,,,,,,,,,,unusable,Morelos,Cuernavaca,,,,,unusable,,,,,,,,,,,,,,,,,,,,,,,E,land,,"missing_construction_area,missing_coordinates,missing_land_area,missing_price"
mercadolibre,MLM-2735289471,https://terreno.mercadolibre.com.mx/MLM-2735289471-construye-tu-casa-en-paraiso-country-club-_JM,4500000.0,MXN,casa,472.0,,,,,,,,,,medium,Morelos,Emiliano Zapata,Paraíso Country Club,,,,unusable,,,,,,,,,0,36,0,18,0,2,0,2,0,3,0,0,0,0,D,residential,3M-5M,"missing_construction_area,missing_coordinates"
mercadolibre,MLM-5908813166,https://terreno.mercadolibre.com.mx/MLM-5908813166-terreno-comercial-en-venta-en-fraccionamiento-granjas-merida-_JM,2100000.0,MXN,terreno,985.0,,,,,,,2131.98,,,medium,Morelos,Temixco,Granjas Mérida,,,0706,approximate_coordinate,773.0,238.0,599.0647695175409,184.44685012312385,0.44537815126050423,0.4957983193277311,9.28,0.9975369458128078,22,95,7,38,6,15,1,3,2,5,0,0,0,0,B,land,2M-3M,"missing_construction_area,missing_coordinates"
mercadolibre,MLM-2744981549,https://terreno.mercadolibre.com.mx/MLM-2744981549-terreno-en-oaxtepec-morelos-_JM,1250000.0,MXN,terreno,300.0,,,,,,,4166.67,,,medium,Morelos,Yautepec,Oaxtepec Centro,,,0273,approximate_coordinate,45.0,12.0,30.915232939279242,8.244062117141132,0.5833333333333334,0.6666666666666666,11.36,1.0,49,557,13,222,28,184,0,20,4,9,0,2,0,11,B,land,1M-2M,"missing_construction_area,missing_coordinates"
mercadolibre,MLM-4213847742,https://terreno.mercadolibre.com.mx/MLM-4213847742-terreno-urbano-con-lago-propio-sumiya-jiutepec-mor-_JM,7700000.0,MXN,terreno,1395.0,,,,,,,5519.71,,,medium,Morelos,Jiutepec,Sumiya,,,0122,approximate_coordinate,1858.0,564.0,1540.789692968381,467.71011132086477,0.74822695035461,0.8156028368794326,12.28,0.9752380952380952,13,200,5,81,2,21,0,6,0,7,0,0,0,1,B,land,5M-8M,"missing_construction_area,missing_coordinates"
mercadolibre,MLM-4414128788,https://terreno.mercadolibre.com.mx/MLM-4414128788-terreno-en-venta-atlacholoaya-_JM,12000000.0,MXN,terreno,14753.0,,,,,,,813.39,,,medium,Morelos,Xochitepec,Atlacholoaya,,,0473,approximate_coordinate,4533.0,1113.0,3774.8340204221518,926.8454146767824,0.31626235399820307,0.2407906558849955,7.74,0.9912971404890178,202,236,100,115,22,24,4,6,4,7,0,0,1,1,B,land,12M-20M,"missing_construction_area,missing_coordinates"
mercadolibre,MLM-5228537664,https://terreno.mercadolibre.com.mx/MLM-5228537664-terreno-en-venta-domingo-diez-_JM,27000000.0,MXN,terreno,3.6,,,,,,,7500000.0,,,unusable,Morelos,Cuernavaca,Del Empleado,,,,unusable,,,,,,,,,,,,,,,,,,,,,,,E,land,>20M,"missing_construction_area,missing_coordinates,suspicious_price_per_land_m2"
mercadolibre,MLM-2515362511,https://terreno.mercadolibre.com.mx/MLM-2515362511-venta-de-terreno-en-paraiso-country-club-emiliano-zapata-morelosclave-5899-_JM,4600000.0,MXN,terreno,507.0,,,,,,,9072.98,,,unusable,Morelos,Emiliano Zapata,Fraccionamiento Paraíso Country Club,,,,unusable,,,,,,,,,,,,,,,,,,,,,,,E,land,3M-5M,"missing_construction_area,missing_coordinates"
mercadolibre,MLM-2914862305,https://terreno.mercadolibre.com.mx/MLM-2914862305-venta-de-terreno-escriturado-los-presidentes-temixco-morelosclave-4577-_JM,1949000.0,MXN,terreno,1212.0,,,,,,,1608.09,,,medium,Morelos,Temixco,Los Presidentes,,,0513,approximate_coordinate,1323.0,390.0,3826.758485718464,1128.069394882994,0.43846153846153846,0.6205128205128205,9.91,0.9390420899854862,113,707,58,335,13,94,1,32,1,16,0,1,1,5,B,land,1M-2M,"missing_construction_area,missing_coordinates"
mercadolibre,MLM-2839080965,https://terreno.mercadolibre.com.mx/MLM-2839080965-terreno-en-venta-cocoyoc-morelos-_JM,1480000.0,MXN,terreno,740.0,,,,,,,2000.0,,,medium,Morelos,Yautepec,Cocoyoc,,,0201,approximate_coordinate,4208.0,1234.0,3679.966722951729,1079.1537395728217,0.38006482982171796,0.5380875202593193,9.52,0.9859034600598034,288,527,142,263,41,84,8,16,4,15,0,0,3,4,B,land,1M-2M,"missing_construction_area,missing_coordinates"
mercadolibre,MLM-4213756184,https://terreno.mercadolibre.com.mx/MLM-4213756184-como-terreno-en-sumiya-jiutepec-con-construccion-_JM,6900000.0,MXN,terreno,995.0,480.0,,,,,14375.0,6934.67,,,medium,Morelos,Jiutepec,Sumiya,,,0122,approximate_coordinate,1858.0,564.0,1540.789692968381,467.71011132086477,0.74822695035461,0.8156028368794326,12.28,0.9752380952380952,13,200,5,81,2,21,0,6,0,7,0,0,0,1,B,land,5M-8M,missing_coordinates
mercadolibre,MLM-5767878070,https://terreno.mercadolibre.com.mx/MLM-5767878070-440-m-en-fracc-santa-fe-area-residencial-con-vigilancia-247-_JM,1144000.0,MXN,terreno,440.0,,,,,,,2600.0,,,medium,Morelos,Xochitepec,Alpuyeca,,,0026,approximate_coordinate,2763.0,700.0,2771.068737817901,702.044197058462,0.24857142857142858,0.39285714285714285,9.48,0.972241029113067,344,565,186,281,57,98,10,14,7,12,2,2,4,8,B,land,1M-2M,"missing_construction_area,missing_coordinates"
mercadolibre,MLM-4784337156,https://terreno.mercadolibre.com.mx/MLM-4784337156-terreno-plano-en-venta-en-vista-hermosa-doble-seguridad-plano-_JM,3200000.0,MXN,terreno,255.0,,,,,,,12549.02,,,medium,Morelos,Cuernavaca,Vista Hermosa,,,0187,approximate_coordinate,630.0,227.0,1278.5954112765228,460.70025136471537,0.7929515418502202,0.9030837004405287,13.55,0.9970501474926253,426,1565,67,519,78,237,126,195,15,47,16,55,16,61,B,land,3M-5M,"missing_construction_area,missing_coordinates"
mercadolibre,MLM-4367568714,https://terreno.mercadolibre.com.mx/MLM-4367568714-terreno-en-campo-nuevo-_JM,10340000.0,MXN,terreno,4700.0,800.0,,,,,12925.0,2200.0,,,unusable,Morelos,Emiliano Zapata,,,,,unusable,,,,,,,,,,,,,,,,,,,,,,,E,land,8M-12M,missing_coordinates
mercadolibre,MLM-2914862293,https://terreno.mercadolibre.com.mx/MLM-2914862293-venta-de-terreno-plano-col-miguel-hidalgo-en-temixco-morelosclave-4762-_JM,64147800.0,MXN,terreno,24437.0,,,,,,,2625.03,,,unusable,Morelos,Temixco,,,,,unusable,,,,,,,,,,,,,,,,,,,,,,,E,land,>20M,"missing_construction_area,missing_coordinates"
mercadolibre,MLM-5616590786,https://terreno.mercadolibre.com.mx/MLM-5616590786-venta-de-terreno-en-cocoyoc-morelos-_JM,2100000.0,MXN,terreno,495.0,,,,,,,4242.42,,,medium,Morelos,Yautepec,Cocoyoc,,,0201,approximate_coordinate,4208.0,1234.0,3679.966722951729,1079.1537395728217,0.38006482982171796,0.5380875202593193,9.52,0.9859034600598034,288,527,142,263,41,84,8,16,4,15,0,0,3,4,B,land,2M-3M,"missing_construction_area,missing_coordinates"
mercadolibre,MLM-5767897374,https://terreno.mercadolibre.com.mx/MLM-5767897374-432-m-en-fracc-santa-fe-area-residencial-con-vigilancia-247-_JM,1123000.0,MXN,terreno,432.0,,,,,,,2599.54,,,medium,Morelos,Xochitepec,Alpuyeca,,,0026,approximate_coordinate,2763.0,700.0,2771.068737817901,702.044197058462,0.24857142857142858,0.39285714285714285,9.48,0.972241029113067,344,565,186,281,57,98,10,14,7,12,2,2,4,8,B,land,1M-2M,"missing_construction_area,missing_coordinates"
mercadolibre,MLM-2989184629,https://terreno.mercadolibre.com.mx/MLM-2989184629-terreno-en-venta-en-zona-dorada-de-cuernavaca-_JM,16800000.0,MXN,terreno,1200.0,,,,,,,14000.0,,,medium,Morelos,Cuernavaca,Vista Hermosa,,,0187,approximate_coordinate,630.0,227.0,1278.5954112765228,460.70025136471537,0.7929515418502202,0.9030837004405287,13.55,0.9970501474926253,426,1565,67,519,78,237,126,195,15,47,16,55,16,61,B,land,12M-20M,"missing_construction_area,missing_coordinates"
mercadolibre,MLM-5022783912,https://terreno.mercadolibre.com.mx/MLM-5022783912-terreno-en-venta-emiliano-zapata-morelos-_JM,30100000.0,MXN,terreno,13022.0,,,,,,,2311.47,,,medium,Morelos,Emiliano Zapata,Tezoyuca,,,017A,approximate_coordinate,4912.0,1452.0,2577.2877534851737,761.8529759895098,0.43388429752066116,0.559228650137741,9.98,0.96875,181,337,79,142,23,48,9,11,1,6,0,1,6,6,B,land,>20M,"missing_construction_area,missing_coordinates"
mercadolibre,MLM-2479168239,https://terreno.mercadolibre.com.mx/MLM-2479168239-atencion-inversionistas-terreno-en-venta-campo-sotelo-temixco-cuernavaca-_JM,6100000.0,MXN,terreno,6475.0,,,,,,,942.08,,,unusable,Morelos,Temixco,Campo Sotelo,,,,unusable,,,,,,,,,,,,,,,,,,,,,,,E,land,5M-8M,"missing_construction_area,missing_coordinates"
mercadolibre,MLM-2620762531,https://terreno.mercadolibre.com.mx/MLM-2620762531-terreno-en-venta-en-santa-rosa-oaxtepec-morelos-una-oportunidad-clara-para-quien-piensa-en-plusvalia-desarrollo-y-retorno-de-inversion-_JM,550000.0,MXN,terreno,462.0,,,,,,,1190.48,,,medium,Morelos,Yautepec,Santa Rosa,,,0269,approximate_coordinate,452.0,130.0,1336.242074776095,384.31741088692996,0.38461538461538464,0.4153846153846154,9.01,0.9538461538461539,57,307,29,139,6,42,2,9,3,6,0,1,0,5,B,land,<1M,"missing_construction_area,missing_coordinates"
mercadolibre,MLM-4777727720,https://terreno.mercadolibre.com.mx/MLM-4777727720-lote-terreno-en-venta-en-alpuyeca-_JM,6462000.0,MXN,terreno,,,,,,,,,,,unusable,Morelos,Xochitepec,Alpuyeca,,,,unusable,,,,,,,,,,,,,,,,,,,,,,,E,land,5M-8M,"missing_construction_area,missing_coordinates,missing_land_area"
mercadolibre,MLM-5425157716,https://terreno.mercadolibre.com.mx/MLM-5425157716-lote-terreno-en-venta-en-ahuatepec-_JM,914000.0,MXN,terreno,180.0,,,,,,,5077.78,,,unusable,Morelos,Cuernavaca,,,,,unusable,,,,,,,,,,,,,,,,,,,,,,,E,land,<1M,"missing_construction_area,missing_coordinates"
mercadolibre,MLM-4605858554,https://terreno.mercadolibre.com.mx/MLM-4605858554-venta-de-terreno-en-la-col-tres-de-mayo-zapata-morelosclave-6002-_JM,1750000.0,MXN,terreno,507.0,,,,,,,3451.68,,,unusable,Morelos,Emiliano Zapata,Ampliación 3 De Mayo,,,,unusable,,,,,,,,,,,,,,,,,,,,,,,E,land,1M-2M,"missing_construction_area,missing_coordinates"
mercadolibre,MLM-5445177878,https://terreno.mercadolibre.com.mx/MLM-5445177878-terreno-residencial-en-lomas-de-cuernavaca-temixco-_JM,2700000.0,MXN,terreno,364.0,,,,,,,7417.58,,,medium,Morelos,Temixco,Lomas De Cuernavaca,,,,unusable,,,,,,,,,6,183,4,68,0,34,0,13,1,2,0,4,0,4,D,land,2M-3M,"missing_construction_area,missing_coordinates"
mercadolibre,MLM-3087817747,https://terreno.mercadolibre.com.mx/MLM-3087817747-en-venta-terreno-bardeado-en-tranquilo-fraccionamiento-de-oaxtepec-morelos-_JM,1325000.0,MXN,terreno,500.0,,,,,,,2650.0,,,medium,Morelos,Yautepec,Santa Rosa,,,0269,approximate_coordinate,452.0,130.0,1336.242074776095,384.31741088692996,0.38461538461538464,0.4153846153846154,9.01,0.9538461538461539,57,307,29,139,6,42,2,9,3,6,0,1,0,5,B,land,1M-2M,"missing_construction_area,missing_coordinates"
mercadolibre,MLM-4904229866,https://terreno.mercadolibre.com.mx/MLM-4904229866-terreno-en-alpuyeca-xochitepec-_JM,2145000.0,MXN,terreno,7150.0,,,,,,,300.0,,,medium,Morelos,Xochitepec,Alpuyeca,,,0026,approximate_coordinate,2763.0,700.0,2771.068737817901,702.044197058462,0.24857142857142858,0.39285714285714285,9.48,0.972241029113067,344,565,186,281,57,98,10,14,7,12,2,2,4,8,B,land,2M-3M,"missing_construction_area,missing_coordinates"
mercadolibre,MLM-5468368160,https://terreno.mercadolibre.com.mx/MLM-5468368160-venta-de-terrenos-premium-en-la-zona-dorada-de-cuernavaca-_JM,,,terreno,,,,,,,,,,,medium,Morelos,Cuernavaca,,,,,unusable,630.0,227.0,1278.5954112765228,460.70025136471537,0.7929515418502202,0.9030837004405287,13.55,0.9970501474926253,7,165,4,91,1,14,0,9,1,8,0,0,0,0,E,land,,"missing_construction_area,missing_coordinates,missing_land_area,missing_price"
mercadolibre,MLM-4675901986,https://terreno.mercadolibre.com.mx/MLM-4675901986-terreno-en-venta-emiliano-zapata-morelos-_JM,30100000.0,MXN,terreno,13022.0,,,,,,,2311.47,,,unusable,Morelos,Emiliano Zapata,Tezoyuca,,,,unusable,,,,,,,,,,,,,,,,,,,,,,,E,land,>20M,"missing_construction_area,missing_coordinates"
mercadolibre,MLM-4351348730,https://terreno.mercadolibre.com.mx/MLM-4351348730-terreno-urbano-en-lomas-de-cuernavaca-temixco-morelos-caen-960-tu-_JM,1938000.0,MXN,terreno,228.0,,,,,,,8500.0,,,medium,Morelos,Temixco,Lomas De Cuernavaca,,,,unusable,,,,,,,,,6,183,4,68,0,34,0,13,1,2,0,4,0,4,D,land,1M-2M,"missing_construction_area,missing_coordinates"
mercadolibre,MLM-4213734954,https://terreno.mercadolibre.com.mx/MLM-4213734954-terreno-en-venta-en-alejandra-yautepec-morelos-_JM,700000.0,MXN,terreno,1000.0,,,,,,,700.0,,,unusable,Morelos,Yautepec,Alejandra,,,,unusable,,,,,,,,,,,,,,,,,,,,,,,E,land,<1M,"missing_construction_area,missing_coordinates"
mercadolibre,MLM-2262829895,https://terreno.mercadolibre.com.mx/MLM-2262829895-atencion-desarrolladores-terreno-en-venta-camino-chiconcuac-atlacholoaya-_JM,35000000.0,MXN,terreno,45163.0,,,,,,,774.97,,,medium,Morelos,Xochitepec,Atlacholoaya,,,0473,approximate_coordinate,4533.0,1113.0,3774.8340204221518,926.8454146767824,0.31626235399820307,0.2407906558849955,7.74,0.9912971404890178,202,236,100,115,22,24,4,6,4,7,0,0,1,1,B,land,>20M,"missing_construction_area,missing_coordinates"
mercadolibre,MLM-5401445028,https://terreno.mercadolibre.com.mx/MLM-5401445028-edificio-en-venta-en-morelos-_JM,9900000.0,MXN,terreno,1005.0,,,,10,,,9850.75,,,unusable,Morelos,Cuernavaca,,,,,unusable,,,,,,,,,,,,,,,,,,,,,,,E,land,8M-12M,"missing_construction_area,missing_coordinates"
mercadolibre,MLM-4464694132,https://terreno.mercadolibre.com.mx/MLM-4464694132-venta-de-terreno-en-tepetzingo-emiliano-zapata-morelosclave-5956-_JM,8899720.0,MXN,terreno,4449.0,,,,,,,2000.39,,,unusable,Morelos,Emiliano Zapata,,,,,unusable,,,,,,,,,,,,,,,,,,,,,,,E,land,8M-12M,"missing_construction_area,missing_coordinates"
mercadolibre,MLM-2899123143,https://terreno.mercadolibre.com.mx/MLM-2899123143-terreno-venta-lomas-de-cuernavaca-temixco-_JM,7000000.0,MXN,terreno,1472.0,,,,,,,4755.43,,,medium,Morelos,Temixco,Lomas De Cuernavaca,,,,unusable,,,,,,,,,6,183,4,68,0,34,0,13,1,2,0,4,0,4,D,land,5M-8M,"missing_construction_area,missing_coordinates"
mercadolibre,MLM-5803329402,https://terreno.mercadolibre.com.mx/MLM-5803329402-terreno-comercial-en-venta-en-pueblo-los-arcos-_JM,3500000.0,MXN,terreno,728.0,280.0,,,,,12500.0,4807.69,,,unusable,Morelos,Yautepec,,,,,unusable,,,,,,,,,,,,,,,,,,,,,,,E,land,3M-5M,missing_coordinates
mercadolibre,MLM-2759455131,https://terreno.mercadolibre.com.mx/MLM-2759455131-macrolote-en-venta-en-xochitepec-_JM,52500000.0,MXN,terreno,35000.0,,,,,,,1500.0,,,unusable,Morelos,Xochitepec,,,,,unusable,,,,,,,,,,,,,,,,,,,,,,,E,land,>20M,"missing_construction_area,missing_coordinates"
mercadolibre,MLM-2945519931,https://terreno.mercadolibre.com.mx/MLM-2945519931-tienda-local-comercial-en-venta-en-morelos-_JM,11900000.0,MXN,terreno,712.0,,,,,,,16713.48,,,unusable,Morelos,Cuernavaca,,,,,unusable,,,,,,,,,,,,,,,,,,,,,,,E,land,8M-12M,"missing_construction_area,missing_coordinates"
mercadolibre,MLM-2984774909,https://terreno.mercadolibre.com.mx/MLM-2984774909-terreno-residencial-en-venta-en-villas-tulum-_JM,400000.0,USD,terreno,1070.0,,,,,,,373.83,,,unusable,Morelos,Emiliano Zapata,Fraccionamiento Villas del Seminario,,,,unusable,,,,,,,,,,,,,,,,,,,,,,,E,land,<1M,"missing_construction_area,missing_coordinates"
mercadolibre,MLM-2350769613,https://terreno.mercadolibre.com.mx/MLM-2350769613-terreno-en-venta-en-lomas-de-cuernavaca-temixco-morelos-_JM,5928000.0,MXN,terreno,1482.0,,,,,,,4000.0,,,medium,Morelos,Temixco,Lomas De Cuernavaca,,,,unusable,,,,,,,,,6,183,4,68,0,34,0,13,1,2,0,4,0,4,D,land,5M-8M,"missing_construction_area,missing_coordinates"
mercadolibre,MLM-4048570156,https://terreno.mercadolibre.com.mx/MLM-4048570156-terreno-en-venta-en-yautepec-morelos-cerca-de-de-sixflags-_JM,750000.0,MXN,terreno,900.0,,,,,,,833.33,,,medium,Morelos,Yautepec,Oaxtepec Centro,,,0273,approximate_coordinate,45.0,12.0,30.915232939279242,8.244062117141132,0.5833333333333334,0.6666666666666666,11.36,1.0,49,557,13,222,28,184,0,20,4,9,0,2,0,11,B,land,<1M,"missing_construction_area,missing_coordinates"
mercadolibre,MLM-5724125646,https://terreno.mercadolibre.com.mx/MLM-5724125646-terreno-en-venta-en-xochitepec-ideal-para-inversion-_JM,89387000.0,MXN,terreno,89387.0,,,,,,,1000.0,,,medium,Morelos,Xochitepec,Colinas de Santa Fe,,,,unusable,,,,,,,,,3,132,1,56,1,25,0,3,0,3,0,0,0,3,D,land,>20M,"missing_construction_area,missing_coordinates"
mercadolibre,MLM-5468415308,https://terreno.mercadolibre.com.mx/MLM-5468415308-terrenos-en-venta-en-zona-dorada-de-cuernavaca-_JM,6300000.0,MXN,terreno,450.0,,,,,,,14000.0,,,medium,Morelos,Cuernavaca,Vista Hermosa,,,0187,approximate_coordinate,630.0,227.0,1278.5954112765228,460.70025136471537,0.7929515418502202,0.9030837004405287,13.55,0.9970501474926253,426,1565,67,519,78,237,126,195,15,47,16,55,16,61,B,land,5M-8M,"missing_construction_area,missing_coordinates"
mercadolibre,MLM-5844946628,https://terreno.mercadolibre.com.mx/MLM-5844946628-venta-de-terreno-plano-en-emiliano-zapata-morelosclave-6296-_JM,26000000.0,MXN,terreno,6672.0,,,,,,,3896.88,,,medium,Morelos,Emiliano Zapata,Palo Escrito,,,0377,approximate_coordinate,3279.0,853.0,3440.0527777584334,894.8963157755242,0.26025791324736225,0.48182883939038684,8.28,0.94540059347181,53,560,12,263,7,77,2,12,5,12,0,0,0,4,B,land,>20M,"missing_construction_area,missing_coordinates"
mercadolibre,MLM-2350795597,https://terreno.mercadolibre.com.mx/MLM-2350795597-terreno-en-venta-en-acatlipa-centro-temixco-morelos-_JM,29000000.0,MXN,terreno,6000.0,,,,,,,4833.33,,,unusable,Morelos,Temixco,Acatlipa Centro,,,,unusable,,,,,,,,,,,,,,,,,,,,,,,E,land,>20M,"missing_construction_area,missing_coordinates"
mercadolibre,MLM-5248499624,https://terreno.mercadolibre.com.mx/MLM-5248499624-terreno-en-yautepec-morelos-en-venta-_JM,170000.0,MXN,terreno,200.0,,,,,,,850.0,,,unusable,Morelos,Yautepec,,,,,unusable,,,,,,,,,,,,,,,,,,,,,,,E,land,<1M,"missing_construction_area,missing_coordinates"
mercadolibre,MLM-4571122436,https://terreno.mercadolibre.com.mx/MLM-4571122436-terreno-plano-en-venta-chiconcuac-xochitepec-mexico-_JM,500000.0,MXN,terreno,500.0,,,,,,,1000.0,,,medium,Morelos,Xochitepec,Chiconcuac,,,037A,approximate_coordinate,3678.0,1047.0,2433.0795911403716,692.6140108548041,0.41069723018147086,0.5845272206303725,9.48,0.9766734279918864,343,586,138,234,75,116,16,27,5,7,0,0,4,10,B,land,<1M,"missing_construction_area,missing_coordinates"
mercadolibre,MLM-5199712528,https://terreno.mercadolibre.com.mx/MLM-5199712528-terreno-en-venta-en-el-miraval-_JM,2590000.0,MXN,terreno,370.0,,,,,,,7000.0,,,medium,Morelos,Cuernavaca,Miraval,,,0153,approximate_coordinate,2273.0,786.0,3568.732428562898,1234.062335613919,0.5585241730279898,0.8346055979643766,12.38,0.9834494773519163,539,2457,161,892,66,287,65,214,27,74,7,29,23,91,B,land,2M-3M,"missing_construction_area,missing_coordinates"
mercadolibre,MLM-5357408874,https://terreno.mercadolibre.com.mx/MLM-5357408874-emiliano-zapata-cuernavaca-morelos-terreno-en-venta-_JM,2600000.0,MXN,terreno,1090.0,,,,,,,2385.32,,,unusable,Morelos,Emiliano Zapata,Pueblo 3 de Mayo,,,,unusable,,,,,,,,,,,,,,,,,,,,,,,E,land,2M-3M,"missing_construction_area,missing_coordinates"
mercadolibre,MLM-4690366598,https://terreno.mercadolibre.com.mx/MLM-4690366598-terreno-en-venta-en-burgos-bugambilias-temixco-_JM,2500000.0,MXN,terreno,465.0,,,,,,,5376.34,,,unusable,Morelos,Temixco,Burgos Bugambilias,,,,unusable,,,,,,,,,,,,,,,,,,,,,,,E,land,2M-3M,"missing_construction_area,missing_coordinates"
mercadolibre,MLM-5248450594,https://terreno.mercadolibre.com.mx/MLM-5248450594-terreno-en-venta-yautepec-morelos-_JM,270000.0,MXN,terreno,308.0,,,,,,,876.62,,,unusable,Morelos,Yautepec,,,,,unusable,,,,,,,,,,,,,,,,,,,,,,,E,land,<1M,"missing_construction_area,missing_coordinates"
mercadolibre,MLM-5248499596,https://terreno.mercadolibre.com.mx/MLM-5248499596-terreno-en-venta-en-xochitepec-chiconcuac-_JM,395000.0,MXN,terreno,449.0,,,,,,,879.73,,,unusable,Morelos,Xochitepec,,,,,unusable,,,,,,,,,,,,,,,,,,,,,,,E,land,<1M,"missing_construction_area,missing_coordinates"
mercadolibre,MLM-3254214755,https://terreno.mercadolibre.com.mx/MLM-3254214755-venta-terreno-en-fraccionamiento-del-bosque-cuernavaca-t65-_JM,1758896.0,MXN,terreno,1099.0,,,,,,,1600.45,,,medium,Morelos,Cuernavaca,Del Bosque,,,1024,approximate_coordinate,2297.0,656.0,1826.149212248381,521.5297706725894,0.43902439024390244,0.6036585365853658,10.03,0.990210843373494,22,37,9,11,1,2,0,0,0,0,0,0,0,0,B,land,1M-2M,"missing_construction_area,missing_coordinates"
mercadolibre,MLM-3246463249,https://terreno.mercadolibre.com.mx/MLM-3246463249-terreno-en-venta-emiliano-zapata-morelos-_JM,28700000.0,MXN,terreno,13022.0,,,,,,,2203.96,,,medium,Morelos,Emiliano Zapata,Tezoyuca,,,017A,approximate_coordinate,4912.0,1452.0,2577.2877534851737,761.8529759895098,0.43388429752066116,0.559228650137741,9.98,0.96875,181,337,79,142,23,48,9,11,1,6,0,1,6,6,B,land,>20M,"missing_construction_area,missing_coordinates"
mercadolibre,MLM-2957283873,https://terreno.mercadolibre.com.mx/MLM-2957283873-venta-de-terreno-en-fracc-brisas-temixco-morelos-_JM,1700000.0,MXN,terreno,630.0,,,,,,,2698.41,,,unusable,Morelos,Temixco,,,,,unusable,,,,,,,,,,,,,,,,,,,,,,,E,land,1M-2M,"missing_construction_area,missing_coordinates"
mercadolibre,MLM-3071833173,https://terreno.mercadolibre.com.mx/MLM-3071833173-terreno-en-oaxtepec-a-pocos-metros-de-six-flags-escritura-y-uso-de-suelo-_JM,41000000.0,MXN,terreno,36249.0,,,,,,,1131.07,,,medium,Morelos,Yautepec,Amates,,,0428,approximate_coordinate,566.0,213.0,485.09328414288996,182.55277300783666,0.7230046948356808,0.7699530516431925,12.68,0.9598540145985401,2,26,0,12,0,4,0,0,0,2,0,0,0,0,B,land,>20M,"missing_construction_area,missing_coordinates"
mercadolibre,MLM-2705584815,https://terreno.mercadolibre.com.mx/MLM-2705584815-precio-de-remate-2000-m2-en-xochitepec-la-inversion-que-estabas-esperando-_JM,1279999.0,MXN,terreno,2000.0,,,,,,,640.0,,,medium,Morelos,Xochitepec,Xochitepec,,,0045,approximate_coordinate,2836.0,909.0,3021.7912815897585,968.5501674771123,0.49064906490649063,0.6798679867986799,11.16,0.9658634538152611,442,599,157,210,101,132,20,25,9,14,12,12,9,11,B,land,1M-2M,"missing_construction_area,missing_coordinates"
mercadolibre,MLM-5902658878,https://terreno.mercadolibre.com.mx/MLM-5902658878-venta-terreno-alvaro-obregon-cuernavaca-morelos-t17-_JM,2000000.0,MXN,terreno,558.0,,,,,,,3584.23,,,unusable,Morelos,Cuernavaca,,,,,unusable,,,,,,,,,,,,,,,,,,,,,,,E,land,2M-3M,"missing_construction_area,missing_coordinates"
mercadolibre,MLM-3610123662,https://terreno.mercadolibre.com.mx/MLM-3610123662-terreno-comercial-plano-160-mts-frente-_JM,140000000.0,MXN,terreno,41365.0,,,,,,,3384.5,,,unusable,Morelos,Emiliano Zapata,Colonia Guadalupe de las Arenas,,,,unusable,,,,,,,,,,,,,,,,,,,,,,,E,land,>20M,"missing_construction_area,missing_coordinates"
mercadolibre,MLM-4237559548,https://terreno.mercadolibre.com.mx/MLM-4237559548-hermoso-terreno-construye-la-casa-de-tus-suenos-con-una-ubicacion-estrategica-_JM,3120000.0,MXN,casa,469.0,,,,,,,,,,unusable,Morelos,Temixco,Burgos Bugambilias,,,,unusable,,,,,,,,,,,,,,,,,,,,,,,E,residential,3M-5M,"missing_construction_area,missing_coordinates"
mercadolibre,MLM-3107320683,https://terreno.mercadolibre.com.mx/MLM-3107320683-terreno-en-venta-en-potrero-santiago-yautepec-morelos-_JM,4900000.0,MXN,terreno,8737.0,,,,,,,560.83,,,unusable,Morelos,Yautepec,Lomas Del Potrero,,,,unusable,,,,,,,,,,,,,,,,,,,,,,,E,land,3M-5M,"missing_construction_area,missing_coordinates"
mercadolibre,MLM-2718606247,https://terreno.mercadolibre.com.mx/MLM-2718606247-remate-terreno-2000-m-xochitepec-morelos-ideal-inversionistas-_JM,1279997.0,MXN,terreno,2000.0,,,,,,,640.0,,,medium,Morelos,Xochitepec,Chiconcuac,,,037A,approximate_coordinate,3678.0,1047.0,2433.0795911403716,692.6140108548041,0.41069723018147086,0.5845272206303725,9.48,0.9766734279918864,343,586,138,234,75,116,16,27,5,7,0,0,4,10,B,land,1M-2M,"missing_construction_area,missing_coordinates"
mercadolibre,MLM-5902658896,https://terreno.mercadolibre.com.mx/MLM-5902658896-venta-terreno-fraccionamiento-del-bosque-cuernavaca-t72-_JM,2340000.0,MXN,terreno,1296.0,,,,,,,1805.56,,,medium,Morelos,Cuernavaca,Del Bosque,,,1024,approximate_coordinate,2297.0,656.0,1826.149212248381,521.5297706725894,0.43902439024390244,0.6036585365853658,10.03,0.990210843373494,22,37,9,11,1,2,0,0,0,0,0,0,0,0,B,land,2M-3M,"missing_construction_area,missing_coordinates"
mercadolibre,MLM-2988178741,https://terreno.mercadolibre.com.mx/MLM-2988178741-terreno-en-venta-en-fraccionamiento-real-de-tezoyuca-a-5-min-del-tec-de-monterrey-campus-cuernavaca-_JM,,,terreno,,,,,,,,,,,unusable,Morelos,Emiliano Zapata,,,,,unusable,,,,,,,,,,,,,,,,,,,,,,,E,land,,"missing_construction_area,missing_coordinates,missing_land_area,missing_price"
mercadolibre,MLM-2759467871,https://terreno.mercadolibre.com.mx/MLM-2759467871-oportunidad-terreno-en-venta-en-col-santa-ursula-brito-_JM,450000.0,MXN,terreno,600.0,,,,,,,750.0,,,unusable,Morelos,Temixco,,,,,unusable,,,,,,,,,,,,,,,,,,,,,,,E,land,<1M,"missing_construction_area,missing_coordinates"
mercadolibre,MLM-2989183017,https://terreno.mercadolibre.com.mx/MLM-2989183017-tu-eden-esta-listo-terreno-con-barda-perimetral-_JM,3800000.0,MXN,terreno,1950.0,,,,,,,1948.72,,,unusable,Morelos,Yautepec,Rancho Nuevo,,,,unusable,,,,,,,,,,,,,,,,,,,,,,,E,land,3M-5M,"missing_construction_area,missing_coordinates"
mercadolibre,MLM-3005970047,https://terreno.mercadolibre.com.mx/MLM-3005970047-terreno-en-venta-en-club-de-golf-santa-fe-xochitepec-morelos-_JM,,,terreno,,,,,,,,,,,unusable,Morelos,Xochitepec,,,,,unusable,,,,,,,,,,,,,,,,,,,,,,,E,land,,"missing_construction_area,missing_coordinates,missing_land_area,missing_price"
mercadolibre,MLM-5902658910,https://terreno.mercadolibre.com.mx/MLM-5902658910-venta-terreno-con-construccion-t55-_JM,8500000.0,MXN,terreno,1153.0,,,,,,,7372.07,,,unusable,Morelos,Cuernavaca,,,,,unusable,,,,,,,,,,,,,,,,,,,,,,,E,land,8M-12M,"missing_construction_area,missing_coordinates"
mercadolibre,MLM-2759455139,https://terreno.mercadolibre.com.mx/MLM-2759455139-macrolote-en-venta-en-emiliano-zapata-_JM,110000000.0,MXN,terreno,41811.0,,,,,,,2630.89,,,unusable,Morelos,Emiliano Zapata,,,,,unusable,,,,,,,,,,,,,,,,,,,,,,,E,land,>20M,"missing_construction_area,missing_coordinates"
mercadolibre,MLM-2934957987,https://terreno.mercadolibre.com.mx/MLM-2934957987-lote-terreno-en-venta-en-temixco-_JM,1550000.0,MXN,terreno,260.0,,,,,,,5961.54,,,medium,Morelos,Temixco,Lomas De Cuernavaca,,,,unusable,,,,,,,,,6,183,4,68,0,34,0,13,1,2,0,4,0,4,D,land,1M-2M,"missing_construction_area,missing_coordinates"
mercadolibre,MLM-3569840434,https://terreno.mercadolibre.com.mx/MLM-3569840434-en-venta-terreno-con-escrituras-a-10-minutos-de-tlayacapan-y-oaxtepec-urbanizado-oportunidad-_JM,370000.0,MXN,terreno,200.0,,,,,,,1850.0,,,unusable,Morelos,Yautepec,Otra Colonia,,,,unusable,,,,,,,,,,,,,,,,,,,,,,,E,land,<1M,"missing_construction_area,missing_coordinates"
mercadolibre,MLM-3005969999,https://terreno.mercadolibre.com.mx/MLM-3005969999-venta-de-terreno-plano-en-fraccionamiento-residencial-aiyana-en-xochitepec-morelos-_JM,789600.0,MXN,terreno,168.0,,,,,,,4700.0,,,unusable,Morelos,Xochitepec,Club de Golf Santa Fe,,,,unusable,,,,,,,,,,,,,,,,,,,,,,,E,land,<1M,"missing_construction_area,missing_coordinates"
mercadolibre,MLM-5347925596,https://terreno.mercadolibre.com.mx/MLM-5347925596-terreno-en-venta-en-lomas-de-ahuatlan-cuernavaca-morelos-_JM,2376582.0,MXN,terreno,449.0,,,,,,,5293.06,,,medium,Morelos,Cuernavaca,Lomas De Ahuatlan,,,1537,approximate_coordinate,1676.0,598.0,18239.29130049499,6507.813960439144,0.717391304347826,0.8963210702341137,13.8,0.9688841201716738,129,452,44,172,27,72,4,19,1,12,1,1,6,11,B,land,2M-3M,"missing_construction_area,missing_coordinates"
mercadolibre,MLM-5170620042,https://terreno.mercadolibre.com.mx/MLM-5170620042-oportunidad-venta-3-lotes-juntos-separado-_JM,4446000.0,MXN,terreno,494.0,,,,,,,9000.0,,,unusable,Morelos,Emiliano Zapata,Fraccionamiento Paraíso Country Club,,,,unusable,,,,,,,,,,,,,,,,,,,,,,,E,land,3M-5M,"missing_construction_area,missing_coordinates"
mercadolibre,MLM-4579806306,https://terreno.mercadolibre.com.mx/MLM-4579806306-terreno-venta-en-granjas-merida-temixco-morelos-mexico-_JM,25500000.0,MXN,terreno,17000.0,,3,2.0,,,,1500.0,,,unusable,Morelos,Temixco,Granjas Mérida,,,,unusable,,,,,,,,,,,,,,,,,,,,,,,E,land,>20M,"missing_construction_area,missing_coordinates"
mercadolibre,MLM-4756939850,https://terreno.mercadolibre.com.mx/MLM-4756939850-terreno-en-venta-en-pedregal-de-oaxtepec-_JM,1300000.0,MXN,terreno,335.0,,,,,,,3880.6,,,medium,Morelos,Yautepec,Pedregal De Oaxtepec,,,0432,approximate_coordinate,630.0,187.0,653.8871844015503,194.09032298903156,0.4117647058823529,0.3689839572192513,9.09,0.9777777777777777,44,713,12,284,8,176,3,33,0,7,0,3,0,18,B,land,1M-2M,"missing_construction_area,missing_coordinates"
mercadolibre,MLM-5332117694,https://terreno.mercadolibre.com.mx/MLM-5332117694-terreno-en-venta-en-santa-fe-xochitepec-_JM,940000.0,MXN,terreno,186.0,,,,,,,5053.76,,,unusable,Morelos,Xochitepec,Club de Golf Santa Fe,,,,unusable,,,,,,,,,,,,,,,,,,,,,,,E,land,<1M,"missing_construction_area,missing_coordinates"
mercadolibre,MLM-3025363185,https://terreno.mercadolibre.com.mx/MLM-3025363185-terreno-en-venta-fraccionamiento-el-venadito-_JM,1100000.0,MXN,terreno,1374.0,,,,,,,800.58,,,unusable,Morelos,Ayala,El Venadito,,,,unusable,,,,,,,,,,,,,,,,,,,,,,,E,land,1M-2M,"missing_construction_area,missing_coordinates"
mercadolibre,MLM-2797746491,https://casa.mercadolibre.com.mx/MLM-2797746491-casa-en-condominio-en-santa-maria-ahuacatitlan-cuernavaca-morelos-_JM,4590000.0,MXN,casa,394.0,196.0,3,2.0,2,,23418.37,,,,medium,Morelos,Cuernavaca,Santa María Ahuacatitlan,,,051A,approximate_coordinate,6076.0,1649.0,2685.5540217268144,728.8476928616716,0.4329896907216495,0.6300788356579745,10.09,0.9791542584871947,107,518,51,302,5,44,2,16,4,15,0,0,0,7,B,residential,3M-5M,missing_coordinates
mercadolibre,MLM-4808963374,https://casa.mercadolibre.com.mx/MLM-4808963374-casa-en-venta-en-lomas-de-cocoyoc-_JM,12800000.0,MXN,casa,475.0,375.0,3,5.0,5,,34133.33,,,,medium,Morelos,Atlatlahucan,Lomas De Cocoyoc,,,0138,approximate_coordinate,973.0,397.0,335.65998876705885,136.9547950056756,0.924433249370277,0.9420654911838791,14.18,0.972568578553616,46,49,16,16,15,15,1,1,0,1,0,0,0,0,B,residential,12M-20M,missing_coordinates
mercadolibre,MLM-5902646038,https://casa.mercadolibre.com.mx/MLM-5902646038-venta-casa-en-lomas-de-atzingo-v312-_JM,4500000.0,MXN,casa,858.0,124.0,4,4.0,4,,36290.32,,,,unusable,Morelos,Cuernavaca,Lomas De Atzingo,,,,unusable,,,,,,,,,,,,,,,,,,,,,,,E,residential,3M-5M,"missing_coordinates,suspicious_surface_pair"
mercadolibre,MLM-5153822634,https://casa.mercadolibre.com.mx/MLM-5153822634-casa-en-condominio-en-venta-con-alberca-tezoyuca-morelos-paseos-de-tezoyuca-morelos-_JM,2250000.0,MXN,casa,105.0,132.0,3,3.0,3,,17045.45,,,,medium,Morelos,Cuernavaca,Emiliano Zapata,,,,unusable,,,,,,,,,96,129,52,68,11,12,3,4,0,4,0,0,1,1,D,residential,2M-3M,missing_coordinates
mercadolibre,MLM-5793107768,https://casa.mercadolibre.com.mx/MLM-5793107768-casa-minimalista-nueva-en-lomas-tetela-al-norte-de-cuernavaca-_JM,7380000.0,MXN,casa,459.0,381.0,3,5.0,5,,19370.08,,,,medium,Morelos,Cuernavaca,Lomas De Tetela,,,0492,approximate_coordinate,1487.0,475.0,3416.8131454654385,1091.4500632791414,0.7410526315789474,0.8589473684210527,13.24,0.9708994708994709,24,110,9,39,4,9,2,6,0,5,0,0,1,5,B,residential,5M-8M,missing_coordinates
mercadolibre,MLM-3101623379,https://casa.mercadolibre.com.mx/MLM-3101623379-casa-en-venta-fraccionamiento-loma-linda-cuernavaca-morelos-_JM,12000000.0,MXN,casa,354.0,315.0,2,4.0,4,,38095.24,,,,medium,Morelos,Cuernavaca,Lomas de Tzompantle,,,1039,approximate_coordinate,6258.0,2051.0,3219.0213271989255,1055.0036340819745,0.7844953681131156,0.8551925889809849,13.49,0.9715151515151516,85,284,26,109,14,47,1,10,4,8,0,1,1,6,B,residential,12M-20M,missing_coordinates
mercadolibre,MLM-5332125726,https://casa.mercadolibre.com.mx/MLM-5332125726-venta-de-casa-en-fraccionamiento-loma-bonita-en-tzompantle-en-cuernavaca-_JM,4300000.0,MXN,casa,225.0,225.0,3,2.0,2,,19111.11,,,,unusable,Morelos,Cuernavaca,Tzompantle Norte,,,,unusable,,,,,,,,,,,,,,,,,,,,,,,E,residential,3M-5M,"missing_coordinates,same_land_and_construction_area"
mercadolibre,MLM-3005982427,https://casa.mercadolibre.com.mx/MLM-3005982427-venta-de-casa-nueva-en-fracc-con-jardin-y-alberca-en-cuernavaca-en-la-col-lomas-del-mirador-_JM,7200000.0,MXN,casa,192.0,214.0,2,3.0,3,,33644.86,,,,unusable,Morelos,Cuernavaca,Lomas Del Mirador,,,,unusable,,,,,,,,,,,,,,,,,,,,,,,E,residential,5M-8M,missing_coordinates
mercadolibre,MLM-3158685113,https://casa.mercadolibre.com.mx/MLM-3158685113-casa-en-venta-en-condominio-residencial-chulavista-cuernavaca-morelos-_JM,3280000.0,MXN,casa,130.0,173.0,3,3.0,3,,18959.54,,,,medium,Morelos,Cuernavaca,Chulavista,,,1005,approximate_coordinate,5061.0,1541.0,3964.6664536657595,1207.1825736216035,0.49059052563270605,0.7501622323166774,11.51,0.9756540697674418,123,1668,29,662,16,246,13,122,6,54,4,26,4,98,B,residential,3M-5M,missing_coordinates
mercadolibre,MLM-3166946981,https://casa.mercadolibre.com.mx/MLM-3166946981-venta-de-casas-con-locales-comerciales-_JM,6300000.0,MXN,casa,472.0,282.0,5,6.0,6,,22340.43,,,,medium,Morelos,Cuernavaca,Bellavista,,,0079,approximate_coordinate,3683.0,1310.0,4261.433028476901,1515.7418591650123,0.5694656488549619,0.8381679389312977,12.97,0.9713453132588635,138,611,37,160,25,84,5,50,6,27,9,31,3,27,B,residential,5M-8M,missing_coordinates
mercadolibre,MLM-3215727649,https://casa.mercadolibre.com.mx/MLM-3215727649-casa-en-venta-a-5-minutos-de-la-glorieta-tlaltenangoen-tetela-del-monte-cuernavaca-_JM,6900000.0,MXN,casa,393.18,304.0,4,4.0,4,,22697.37,,,,medium,Morelos,Cuernavaca,Tetela Del Monte,,,051A,approximate_coordinate,6076.0,1649.0,2685.5540217268144,728.8476928616716,0.4329896907216495,0.6300788356579745,10.09,0.9791542584871947,233,520,133,304,31,61,8,14,1,12,1,1,2,8,B,residential,5M-8M,missing_coordinates
mercadolibre,MLM-3005969961,https://casa.mercadolibre.com.mx/MLM-3005969961-casa-en-venta-en-jardin-tetela-cuernavaca-morelos-_JM,4850000.0,MXN,casa,174.0,187.0,2,3.0,3,,25935.83,,,,medium,Morelos,Cuernavaca,Jardín Tetela,,,0045,approximate_coordinate,4034.0,1295.0,2539.353950421818,815.1867540397259,0.6324324324324324,0.7953667953667953,12.44,0.9800531914893617,139,531,38,160,23,82,10,34,5,28,2,11,4,17,B,residential,3M-5M,missing_coordinates
mercadolibre,MLM-3254233729,https://casa.mercadolibre.com.mx/MLM-3254233729-casa-en-condominio-en-venta-buenavista-cuernavaca-morelos-_JM,5500000.0,MXN,casa,174.0,348.0,3,2.0,2,,15804.6,,,,medium,Morelos,Cuernavaca,Buenavista,,,101A,approximate_coordinate,1694.0,605.0,897.2966711124132,320.46309682586184,0.8809917355371901,0.9487603305785124,14.37,0.9830687830687831,0,2,0,1,0,0,0,0,0,1,0,0,0,0,B,residential,5M-8M,missing_coordinates
mercadolibre,MLM-5902658890,https://casa.mercadolibre.com.mx/MLM-5902658890-venta-casa-en-tzompantle-v284-_JM,6200000.0,MXN,casa,1135.0,315.0,4,3.0,3,,19682.54,,,,unusable,Morelos,Cuernavaca,,,,,unusable,,,,,,,,,,,,,,,,,,,,,,,E,residential,5M-8M,missing_coordinates
mercadolibre,MLM-3254227549,https://casa.mercadolibre.com.mx/MLM-3254227549-venta-casa-en-lomas-tetela-cuernavaca-v305-_JM,4100000.0,MXN,casa,434.0,434.0,3,4.0,4,,9447.0,,,,medium,Morelos,Cuernavaca,Lomas De Tetela,,,0492,approximate_coordinate,1487.0,475.0,3416.8131454654385,1091.4500632791414,0.7410526315789474,0.8589473684210527,13.24,0.9708994708994709,24,110,9,39,4,9,2,6,0,5,0,0,1,5,B,residential,3M-5M,"missing_coordinates,same_land_and_construction_area"
mercadolibre,MLM-5902658888,https://casa.mercadolibre.com.mx/MLM-5902658888-venta-casa-en-fraccionamiento-lomas-del-sol-cuernavaca-v371-_JM,7500000.0,MXN,casa,2565.0,326.0,3,2.0,2,,23006.13,,,,unusable,Morelos,Cuernavaca,,,,,unusable,,,,,,,,,,,,,,,,,,,,,,,E,residential,5M-8M,"missing_coordinates,suspicious_surface_pair"
mercadolibre,MLM-5902633050,https://casa.mercadolibre.com.mx/MLM-5902633050-venta-casa-rancho-cortes-cuernavaca-morelos-v389-_JM,4300000.0,MXN,casa,300.0,200.0,3,3.0,3,,21500.0,,,,unusable,Morelos,Cuernavaca,Rancho Cortes,,,,unusable,,,,,,,,,,,,,,,,,,,,,,,E,residential,3M-5M,missing_coordinates
mercadolibre,MLM-3254235099,https://casa.mercadolibre.com.mx/MLM-3254235099-venta-casa-en-fraccionamiento-lomas-de-tetela-v342-_JM,8000000.0,MXN,casa,2120.0,325.0,3,3.0,3,,24615.38,,,,medium,Morelos,Cuernavaca,Lomas De Tetela,,,0492,approximate_coordinate,1487.0,475.0,3416.8131454654385,1091.4500632791414,0.7410526315789474,0.8589473684210527,13.24,0.9708994708994709,24,110,9,39,4,9,2,6,0,5,0,0,1,5,B,residential,8M-12M,missing_coordinates
mercadolibre,MLM-3254235919,https://casa.mercadolibre.com.mx/MLM-3254235919-venta-casa-nueva-en-lomas-de-la-selva-v268-_JM,6875000.0,MXN,casa,320.0,250.0,4,4.0,4,,27500.0,,,,medium,Morelos,Cuernavaca,Lomas de La Selva,,,0168,approximate_coordinate,2609.0,881.0,5786.065903602354,1953.8229440681005,0.5175936435868331,0.7343927355278093,11.88,0.9725036179450073,512,1930,226,604,58,281,67,304,8,60,8,27,5,65,B,residential,5M-8M,missing_coordinates
mercadolibre,MLM-5902633064,https://casa.mercadolibre.com.mx/MLM-5902633064-venta-casa-fraccionamiento-maravillas-v244-_JM,5600000.0,MXN,casa,361.0,361.0,4,3.0,3,,15512.47,,,,medium,Morelos,Cuernavaca,Maravillas,,,0064,approximate_coordinate,4622.0,1440.0,4320.998775933969,1346.2220331771778,0.5763888888888888,0.7833333333333333,11.96,0.9726027397260274,132,1001,46,325,22,150,12,59,3,24,2,22,6,43,B,residential,5M-8M,"missing_coordinates,same_land_and_construction_area"
mercadolibre,MLM-5902646032,https://casa.mercadolibre.com.mx/MLM-5902646032-venta-casa-en-delicias-v135-_JM,6500000.0,MXN,casa,663.0,334.0,3,3.0,3,,19461.08,,,,medium,Morelos,Cuernavaca,Delicias,,,0204,approximate_coordinate,1258.0,408.0,1514.5847769178977,491.21668440580464,0.8700980392156863,0.9362745098039216,13.48,0.9811046511627907,124,483,37,121,16,61,25,126,7,22,9,20,5,24,B,residential,5M-8M,missing_coordinates
mercadolibre,MLM-5902637170,https://casa.mercadolibre.com.mx/MLM-5902637170-venta-casa-fraccionamiento-con-vigilancia-v335-_JM,15250000.0,MXN,casa,593.0,,4,5.0,5,,,,,,unusable,Morelos,Cuernavaca,Poblado Acapatzingo,,,,unusable,,,,,,,,,,,,,,,,,,,,,,,E,residential,12M-20M,"missing_construction_area,missing_coordinates"
mercadolibre,MLM-3254227545,https://casa.mercadolibre.com.mx/MLM-3254227545-venta-casa-para-remodelar-en-un-nivel-v136-_JM,8500000.0,MXN,casa,1153.0,449.0,3,3.0,3,,18930.96,,,,unusable,Morelos,Cuernavaca,,,,,unusable,,,,,,,,,,,,,,,,,,,,,,,E,residential,8M-12M,missing_coordinates
mercadolibre,MLM-5759879564,https://casa.mercadolibre.com.mx/MLM-5759879564-casa-sola-con-excelente-ubicacion-en-col-del-empleado-cuernavaca-morelos-_JM,4190000.0,MXN,casa,281.0,281.0,3,5.0,5,,14911.03,,,,unusable,Morelos,Cuernavaca,Del Empleado,,,,unusable,,,,,,,,,,,,,,,,,,,,,,,E,residential,3M-5M,"missing_coordinates,same_land_and_construction_area"
mercadolibre,MLM-5902658908,https://casa.mercadolibre.com.mx/MLM-5902658908-casa-minimalista-con-vista-a-los-volcanes-en-hacienda-tetela-v382-_JM,9000000.0,MXN,casa,500.0,250.0,2,2.0,2,,36000.0,,,,unusable,Morelos,Cuernavaca,Hacienda Tétela,,,,unusable,,,,,,,,,,,,,,,,,,,,,,,E,residential,8M-12M,missing_coordinates
mercadolibre,MLM-3254214817,https://casa.mercadolibre.com.mx/MLM-3254214817-casa-de-un-solo-nivel-en-acapatzingo-v336-_JM,11280000.0,MXN,casa,500.0,,3,3.0,3,,,,,,unusable,Morelos,Cuernavaca,Poblado Acapatzingo,,,,unusable,,,,,,,,,,,,,,,,,,,,,,,E,residential,8M-12M,"missing_construction_area,missing_coordinates"
icasas,796c-9247-19ec525-28d00b434a45-75a3,https://www.icasas.mx/propiedad/796c-9247-19ec525-28d00b434a45-75a3,2490000.0,MXN,casa,,,3,,2,,,,18.95381808,-99.22451626,high,Morelos,Cuernavaca,Lomas de Cortes,,,1147,exact_coordinate,2424.0,800.0,3642.109074409012,1202.0161961745914,0.66,0.81375,12.44,0.9725190839694656,217,908,71,315,35,150,9,49,12,35,4,7,9,30,D,residential,2M-3M,"generic_area_only,missing_construction_area,missing_land_area"
icasas,766-a9f2-72138bbf-ae77509188d0-4200,https://www.icasas.mx/propiedad/766-a9f2-72138bbf-ae77509188d0-4200,4300000.0,MXN,casa,,,3,,,,,,18.9460587,-99.2045308,medium,Morelos,Cuernavaca,Jardines las delicias,,,0844,approximate_coordinate,2495.0,807.0,3778.414332535205,1222.1163793009662,0.6493184634448576,0.8066914498141264,11.91,0.9833101529902643,46,872,11,334,1,124,9,119,7,22,1,7,1,18,D,residential,3M-5M,"generic_area_only,missing_construction_area,missing_land_area"
icasas,b3f9-941d-19bed1b-1abe3ea199de-754a,https://www.icasas.mx/propiedad/b3f9-941d-19bed1b-1abe3ea199de-754a,9950000.0,MXN,casa,,,3,4.0,4,,,,18.9266342,-99.2127518,medium,Morelos,Cuernavaca,Los volcanes,,,0308,approximate_coordinate,5222.0,1626.0,6102.490714753808,1900.162754153522,0.568880688806888,0.8216482164821648,12.24,0.9744432274552757,388,1605,129,460,35,200,75,231,25,61,17,77,13,73,D,residential,8M-12M,"generic_area_only,missing_construction_area,missing_land_area"
icasas,8a75-ad70-d25d459c-1c984cb4b87a-4520,https://www.icasas.mx/propiedad/8a75-ad70-d25d459c-1c984cb4b87a-4520,4000000.0,MXN,casa,,,4,3.0,2,,,,18.9160353,-99.2107717,high,Morelos,Cuernavaca,chapultepec,,Calle de la luz,1236,exact_coordinate,4585.0,1552.0,6076.2530275581485,2056.7818317928563,0.6346649484536082,0.7925257731958762,12.36,0.9807474518686297,329,1622,110,530,40,209,40,185,12,52,1,46,8,60,D,residential,3M-5M,"generic_area_only,missing_construction_area,missing_land_area"
icasas,6ed0-ba6c-196d109-70e4f07804fb-7801,https://www.icasas.mx/propiedad/6ed0-ba6c-196d109-70e4f07804fb-7801,4000000.0,MXN,casa,,,3,2.0,,,,,18.9573523,-99.2605428,high,Morelos,Cuernavaca,méxico,62130,62130 cuernavaca,1537,exact_coordinate,1676.0,598.0,18239.29130049499,6507.813960439144,0.717391304347826,0.8963210702341137,13.8,0.9688841201716738,135,482,48,206,29,68,6,18,2,14,1,1,4,11,D,residential,3M-5M,"generic_area_only,missing_construction_area,missing_land_area"
icasas,a5a6-9f48-fece3579-49ede523c371-3c16,https://www.icasas.mx/propiedad/a5a6-9f48-fece3579-49ede523c371-3c16,2980000.0,MXN,casa,,,3,4.0,4,,,,18.82281,-98.93878,high,Morelos,Cuautla,tepeyac,62746,Calle álvaro obregón 56,071A,exact_coordinate,1871.0,580.0,3913.366387296466,1213.122664153902,0.5189655172413793,0.803448275862069,11.8,0.9754464285714286,153,628,67,217,21,95,4,75,8,33,0,4,2,10,D,residential,2M-3M,"generic_area_only,missing_construction_area,missing_land_area"
icasas,1700-a3f5-19245be-b02d35b96587-7911,https://www.icasas.mx/propiedad/1700-a3f5-19245be-b02d35b96587-7911,874000.0,MXN,casa,,,4,3.0,,,,,18.8162361,-98.9553845,low,Morelos,Cuautla,centro,,Estrada 43,,unusable,,,,,,,,,,,,,,,,,,,,,,,D,residential,<1M,"generic_area_only,missing_construction_area,missing_land_area"
icasas,b8a-90db-19d4a4e-e5338d13410f-79b8,https://www.icasas.mx/propiedad/b8a-90db-19d4a4e-e5338d13410f-79b8,4250000.0,MXN,casa,,,2,,4,,,,18.811525,-98.95568,medium,Morelos,Cuautla,Centro,,,0599,approximate_coordinate,1609.0,568.0,3019.7640871737267,1066.0198890706506,0.3362676056338028,0.6566901408450704,11.81,0.9695550351288056,2134,3932,1124,1866,312,564,92,201,44,102,31,54,86,161,D,residential,3M-5M,"generic_area_only,missing_construction_area,missing_land_area"
icasas,1c9e-ac23-19bcaf9-5c4977dcc4e4-7193,https://www.icasas.mx/propiedad/1c9e-ac23-19bcaf9-5c4977dcc4e4-7193,5500000.0,MXN,casa,,,4,4.0,5,,,,18.87849,-98.96962639,medium,Morelos,Cuautla,Peña Flores,,,,unusable,,,,,,,,,9,275,2,123,0,36,0,12,0,8,0,0,0,0,D,residential,5M-8M,"generic_area_only,missing_construction_area,missing_land_area"
icasas,ed25-9551-199a184-c67103fdb5e5-7311,https://www.icasas.mx/propiedad/ed25-9551-199a184-c67103fdb5e5-7311,1310000.0,MXN,casa,,,3,2.0,2,,,,18.8222217,-98.9349059,high,Morelos,Cuautla,otilio montaño,62746,Calle el palmar,0724,exact_coordinate,4171.0,1253.0,4966.059124250705,1491.8417843889076,0.4349561053471668,0.650438946528332,10.83,0.9878542510121457,137,490,50,209,22,67,3,17,8,18,0,0,0,6,D,residential,1M-2M,"generic_area_only,missing_construction_area,missing_land_area"
icasas,ffb6-8ead-192dfa4-6e5038263a1-74ca,https://www.icasas.mx/propiedad/ffb6-8ead-192dfa4-6e5038263a1-74ca,650000.0,MXN,casa,,,3,2.0,2,,,,18.8309272,-98.9431642,medium,Morelos,Cuautla,Manantiales,,,0048,approximate_coordinate,2562.0,791.0,4264.107178998183,1316.5139651005322,0.4715549936788875,0.6738305941845765,11.14,0.9775280898876404,351,1163,85,337,48,189,59,120,25,45,18,29,16,44,D,residential,<1M,"generic_area_only,missing_construction_area,missing_land_area"
icasas,769-a67e-e5a56a7b-df6721b17dda-4300,https://www.icasas.mx/propiedad/769-a67e-e5a56a7b-df6721b17dda-4300,971000.0,MXN,casa,,,4,3.0,3,,,,18.815901,-98.9487149,medium,Morelos,Cuautla,Baluarte,,,0531,approximate_coordinate,2481.0,787.0,3180.65310721542,1008.9375233287124,0.41296060991105465,0.6416772554002541,11.8,0.9889135254988913,972,4261,471,2232,116,563,71,231,26,99,27,65,23,107,D,residential,<1M,"generic_area_only,missing_construction_area,missing_land_area"
icasas,dc7c-9c2a-1983f15-6c506bf1be1-75a4,https://www.icasas.mx/propiedad/dc7c-9c2a-1983f15-6c506bf1be1-75a4,918242.0,MXN,casa,,,4,3.0,,,,,18.8162361,-98.9553845,low,Morelos,Cuautla,centro,,Estrada 43,,unusable,,,,,,,,,,,,,,,,,,,,,,,D,residential,<1M,"generic_area_only,missing_construction_area,missing_land_area"
icasas,1a66-9fc1-1917371-e6d80237f422-75ff,https://www.icasas.mx/propiedad/1a66-9fc1-1917371-e6d80237f422-75ff,858500.0,MXN,casa,166.0,,3,2.0,,,,,18.820619,-98.952373,high,Morelos,Cuautla,emiliano zapata,62744,Avenida insurgentes 137,0531,exact_coordinate,2481.0,787.0,3180.65310721542,1008.9375233287124,0.41296060991105465,0.6416772554002541,11.8,0.9889135254988913,1511,3935,818,2121,179,517,72,188,32,83,18,61,38,98,C,residential,<1M,missing_construction_area
icasas,d382-b5ad-19dc118-83a1c2ed860b-7738,https://www.icasas.mx/propiedad/d382-b5ad-19dc118-83a1c2ed860b-7738,11000000.0,MXN,casa,,,6,5.0,2,,,,18.8126047,-98.9548261,low,Morelos,Cuautla,méxico,,,,unusable,,,,,,,,,,,,,,,,,,,,,,,D,residential,8M-12M,"generic_area_only,missing_construction_area,missing_land_area"
icasas,24e3-bb32-190e36e-e5230de5f36c-77f6,https://www.icasas.mx/propiedad/24e3-bb32-190e36e-e5230de5f36c-77f6,6000000.0,MXN,terreno,,,,,,,,,18.8644444,-98.9480555,medium,Morelos,Cuautla,Tierra larga,,,0014,approximate_coordinate,2050.0,523.0,1887.0063470578307,481.4167412249978,0.3862332695984704,0.37667304015296366,8.75,0.9742574257425742,143,350,70,169,38,58,1,2,2,4,3,3,1,2,D,land,5M-8M,"missing_construction_area,missing_land_area"
icasas,250c-a77f-193abf4-b92bca358c0c-76fd,https://www.icasas.mx/propiedad/250c-a77f-193abf4-b92bca358c0c-76fd,3500000.0,MXN,terreno,,,,,,,,,18.8203234,-98.9369161,medium,Morelos,Cuautla,otilio montaño,,Morelos,0724,approximate_coordinate,4171.0,1253.0,4966.059124250705,1491.8417843889076,0.4349561053471668,0.650438946528332,10.83,0.9878542510121457,212,539,88,221,30,80,8,24,10,21,0,0,3,5,D,land,3M-5M,"missing_construction_area,missing_land_area"
icasas,4b92-95f3-18ff51a-92368d6bcb49-7faa,https://www.icasas.mx/propiedad/4b92-95f3-18ff51a-92368d6bcb49-7faa,6000000.0,MXN,terreno,1106.0,152.0,2,,,,39473.68,5424.95,18.863641,-98.94783,medium,Morelos,Cuautla,Tierra Larga,,,0014,approximate_coordinate,2050.0,523.0,1887.0063470578307,481.4167412249978,0.3862332695984704,0.37667304015296366,8.75,0.9742574257425742,139,415,68,200,36,70,1,2,2,4,2,3,1,2,B,land,5M-8M,
icasas,d331-972b-18fbd30-b0e08e01c396-73f4,https://www.icasas.mx/propiedad/d331-972b-18fbd30-b0e08e01c396-73f4,1250000.0,MXN,terreno,,,,,,,,,18.868054,-98.917311,medium,Morelos,Cuautla,,,,0300,approximate_coordinate,1369.0,362.0,3055.7110946541616,808.0112609677184,0.4585635359116022,0.6712707182320442,9.83,0.996937212863706,45,216,16,80,7,39,1,4,0,9,0,0,0,1,D,land,1M-2M,"missing_construction_area,missing_land_area"
icasas,e7a8-8930-ad15d8f8-bf5290d5adfc-34b5,https://www.icasas.mx/propiedad/e7a8-8930-ad15d8f8-bf5290d5adfc-34b5,235000.0,MXN,terreno,235.0,,,,,,,1000.0,18.8126047,-98.9548261,low,Morelos,Cuautla,méxico,,,,unusable,,,,,,,,,,,,,,,,,,,,,,,D,land,<1M,missing_construction_area
icasas,f86c-9ebd-195fdf5-81ed78370793-7a25,https://www.icasas.mx/propiedad/f86c-9ebd-195fdf5-81ed78370793-7a25,426900.0,MXN,casa,,,3,2.0,2,,,,18.804784,-98.9308839,high,Morelos,Cuautla,plan de ayala,62743,José elías moreno 356,0758,exact_coordinate,2432.0,678.0,6171.797508483126,1720.5915751445557,0.44837758112094395,0.6297935103244838,10.57,0.9822934232715008,322,968,134,398,54,158,17,46,16,35,0,4,6,15,D,residential,<1M,"generic_area_only,missing_construction_area,missing_land_area"
icasas,1253-9d2c-25ab4992-2d38a0ff2dc2-5050,https://www.icasas.mx/propiedad/1253-9d2c-25ab4992-2d38a0ff2dc2-5050,2486932.0,MXN,casa,,,10,6.0,6,,,,18.8121529,-98.9477215,medium,Morelos,Cuautla,Miguel bravo y cura tapia,,,0546,approximate_coordinate,2441.0,764.0,3992.2990288647775,1249.5356239462064,0.31413612565445026,0.6073298429319371,10.9,0.9866071428571429,629,3540,307,1734,92,481,38,191,22,91,14,61,12,96,D,residential,2M-3M,"generic_area_only,missing_construction_area,missing_land_area"
icasas,d3f5-8478-196ae7e-e197764ef471-7f6f,https://www.icasas.mx/propiedad/d3f5-8478-196ae7e-e197764ef471-7f6f,3980000.0,MXN,casa,209.0,185.0,4,3.0,3,,21513.51,,18.8483628,-98.9380212,medium,Morelos,Cuautla,Fraccionamiento Valle del Sol,,,0739,approximate_coordinate,952.0,295.0,2612.170243929229,809.4435104612633,0.6915254237288135,0.8271186440677966,12.65,0.9808695652173913,256,1016,82,391,59,183,20,60,8,27,8,13,2,14,B,residential,3M-5M,
icasas,f8f4-be34-1983583-c1bb10c157dd-7571,https://www.icasas.mx/propiedad/f8f4-be34-1983583-c1bb10c157dd-7571,2650000.0,MXN,casa,,,3,2.0,2,,,,18.866966,-98.947987,high,Morelos,Cuautla,sitio del sol,62756,Calle sitio del sol,0118,exact_coordinate,297.0,107.0,1193.4896150095915,429.97774008763065,0.8598130841121495,0.9065420560747663,14.21,0.986013986013986,160,262,83,126,40,48,1,2,1,3,3,3,2,2,D,residential,2M-3M,"generic_area_only,missing_construction_area,missing_land_area"
icasas,33cb-8482-96ccc302-d22afe11714e-4860,https://www.icasas.mx/propiedad/33cb-8482-96ccc302-d22afe11714e-4860,2800000.0,MXN,casa,232.0,,3,3.0,4,,,,18.8724272,-98.9710333,medium,Morelos,Cuautla,Peña Flores,,,0866,approximate_coordinate,4426.0,1165.0,3707.7459312889227,975.9430659628548,0.4034334763948498,0.5141630901287554,9.2,0.9888423988842399,112,257,56,127,11,33,7,8,4,10,0,0,0,0,C,residential,2M-3M,missing_construction_area
icasas,fcd0-92ba-1970582-8c4c72646dde-75b4,https://www.icasas.mx/propiedad/fcd0-92ba-1970582-8c4c72646dde-75b4,2970000.0,MXN,casa,90.4,230.0,4,4.0,2,,12913.04,,18.871409,-98.916036,medium,Morelos,Cuautla,Unidad habitacional Salvador Esquer,,,0300,approximate_coordinate,1369.0,362.0,3055.7110946541616,808.0112609677184,0.4585635359116022,0.6712707182320442,9.83,0.996937212863706,55,240,21,89,11,52,0,4,3,8,0,1,0,2,B,residential,2M-3M,
icasas,ee0a-b979-23626059-5d1530ab947-324e,https://www.icasas.mx/propiedad/ee0a-b979-23626059-5d1530ab947-324e,1500000.0,MXN,casa,150.0,100.0,3,2.0,2,,15000.0,,18.82767,-98.95424,high,Morelos,Cuautla,emiliano zapata,62744,Calzada santa inés 44-48,0391,exact_coordinate,2372.0,662.0,3300.0465117150984,921.0079219036236,0.48036253776435045,0.6903323262839879,10.9,0.9798605731990705,185,1784,71,876,27,260,5,94,6,40,1,14,9,45,A,residential,1M-2M,
easybroker,se-vende-hotel-y-villa-en-cuernavaca-cuautla,https://quality-paraiso.easybroker.com/property/se-vende-hotel-y-villa-en-cuernavaca-cuautla,65000000.0,MXN,terreno,14882.0,8497.0,,,,,7649.76,4367.69,,,,Morelos,Cuautla,Morelos,14330,,,,,,,,,,,,,,,,,,,,,,,,,,E,land,>20M,"missing_coordinates,suspicious_construction_area"
easybroker,casa-en-chihuahua,https://quality-paraiso.easybroker.com/property/casa-en-chihuahua,3500000.0,MXN,casa,105.0,,2,2.0,1,,,,,,,Morelos,Cuautla,Lázaro Cárdenas,14330,,,,,,,,,,,,,,,,,,,,,,,,,,E,residential,3M-5M,"missing_construction_area,missing_coordinates"
easybroker,venta-terreno-cuautla-morelos-manantiales-cuautla,https://quality-paraiso.easybroker.com/property/venta-terreno-cuautla-morelos-manantiales-cuautla,6585000.0,MXN,terreno,1317.0,,,,,,,5000.0,,,,Morelos,Cuautla,Manantiales,14330,,,,,,,,,,,,,,,,,,,,,,,,,,E,land,5M-8M,"missing_construction_area,missing_coordinates"
easybroker,espectacular-terreno-en-cuautla-morelos,https://quality-paraiso.easybroker.com/property/espectacular-terreno-en-cuautla-morelos,41000000.0,MXN,terreno,5500.0,,,,,,,7454.55,,,,Morelos,Cuautla,Brisas de Cuautla,14330,,,,,,,,,,,,,,,,,,,,,,,,,,E,land,>20M,"missing_construction_area,missing_coordinates"
easybroker,casa-con-alberca-cuautla-mor-apta-para-credito,https://quality-paraiso.easybroker.com/property/casa-con-alberca-cuautla-mor-apta-para-credito,1800000.0,MXN,casa,97.25,125.0,2,2.0,1,2026,14400.0,,,,,Morelos,Cuautla,Peña Flores,14330,,,,,,,,,,,,,,,,,,,,,,,,,,E,residential,1M-2M,missing_coordinates
easybroker,excelente-oportunidad-casa-en-venta-centro-cuautla,https://quality-paraiso.easybroker.com/property/excelente-oportunidad-casa-en-venta-centro-cuautla,3400000.0,MXN,casa,736.0,364.0,4,3.0,4,2205,9340.66,,,,,Morelos,Cuautla,Centro,14330,,,,,,,,,,,,,,,,,,,,,,,,,,E,residential,3M-5M,missing_coordinates
easybroker,venta-de-terreno-excelente-ubicacion-ampliacion-emiliano-zapata,https://quality-paraiso.easybroker.com/property/venta-de-terreno-excelente-ubicacion-ampliacion-emiliano-zapata,3000.0,MXN,terreno,3400.0,,,,,,,0.88,,,,Morelos,Cuautla,Ampliación Emiliano Zapata,14330,,,,,,,,,,,,,,,,,,,,,,,,,,E,land,<1M,"missing_construction_area,missing_coordinates,suspicious_price_per_land_m2"
easybroker,casa-en-venta-cuautla-morelos-morelos-cuautla,https://quality-paraiso.easybroker.com/property/casa-en-venta-cuautla-morelos-morelos-cuautla,1310000.0,MXN,casa,178.0,135.0,2,1.0,,,9703.7,,,,,Morelos,Cuautla,Morelos,14330,,,,,,,,,,,,,,,,,,,,,,,,,,E,residential,1M-2M,missing_coordinates
easybroker,casa-en-cuautla,https://quality-paraiso.easybroker.com/property/casa-en-cuautla,19900000.0,MXN,casa,7112.0,1000.0,14,12.0,25,7659,19900.0,,,,,Morelos,Cuautla,Gabriel Tepepa,14330,,,,,,,,,,,,,,,,,,,,,,,,,,E,residential,12M-20M,missing_coordinates
easybroker,venta-de-terreno-en-cuautla-plan-de-ayala-cuautla,https://quality-paraiso.easybroker.com/property/venta-de-terreno-en-cuautla-plan-de-ayala-cuautla,14500000.0,MXN,terreno,1355.0,,,,,,,10701.11,,,,Morelos,Cuautla,Plan de Ayala,14330,,,,,,,,,,,,,,,,,,,,,,,,,,E,land,12M-20M,"missing_construction_area,missing_coordinates"
easybroker,casa-en-venta-en-cuautla-morelos-santa-barbara,https://quality-paraiso.easybroker.com/property/casa-en-venta-en-cuautla-morelos-santa-barbara,3350000.0,MXN,casa,200.0,145.0,3,2.0,3,656550,23103.45,,,,,Morelos,Cuautla,Santa Bárbara,14330,,,,,,,,,,,,,,,,,,,,,,,,,,E,residential,3M-5M,missing_coordinates
easybroker,se-vende-casa-en-agua-hedionda-cuautla-morelos,https://quality-paraiso.easybroker.com/property/se-vende-casa-en-agua-hedionda-cuautla-morelos,5650000.0,MXN,casa,363.0,315.0,3,3.0,3,1564,17936.51,,,,,Morelos,Cuautla,Agua Hedionda,14330,,,,,,,,,,,,,,,,,,,,,,,,,,E,residential,5M-8M,missing_coordinates
easybroker,terreno-carretera-federal-mexico-cuahutla,https://quality-paraiso.easybroker.com/property/terreno-carretera-federal-mexico-cuahutla,4500000.0,MXN,terreno,11625.0,,,,,,,387.1,,,,Morelos,Cuautla,El Mirador,14330,,,,,,,,,,,,,,,,,,,,,,,,,,E,land,3M-5M,"missing_construction_area,missing_coordinates"
easybroker,casa-en-venta-ubicada-en-oaxtepec-morelos,https://quality-paraiso.easybroker.com/property/casa-en-venta-ubicada-en-oaxtepec-morelos,4980000.0,MXN,casa,1233.0,737.73,5,5.0,3,,6750.44,,,,,Morelos,Cuautla,Centro,14330,,,,,,,,,,,,,,,,,,,,,,,,,,E,residential,3M-5M,missing_coordinates
easybroker,magnifico-terreno-en-venta-en-el-centro-de-cuautla-ampliacion-emiliano-zapata-cuautla,https://quality-paraiso.easybroker.com/property/magnifico-terreno-en-venta-en-el-centro-de-cuautla-ampliacion-emiliano-zapata-cuautla,100000000.0,MXN,terreno,19136.0,,,,,,,5225.75,,,,Morelos,Cuautla,Ampliación Emiliano Zapata,14330,,,,,,,,,,,,,,,,,,,,,,,,,,E,land,>20M,"missing_construction_area,missing_coordinates"
easybroker,venta-casa-en-cuautla,https://quality-paraiso.easybroker.com/property/venta-casa-en-cuautla,5500000.0,MXN,casa,820.0,250.0,5,4.0,10,6679,22000.0,,,,,Morelos,Cuautla,Año de Juárez,14330,,,,,,,,,,,,,,,,,,,,,,,,,,E,residential,5M-8M,missing_coordinates
easybroker,hermosa-quinta-en-venta-en-cuautla-morelos,https://quality-paraiso.easybroker.com/property/hermosa-quinta-en-venta-en-cuautla-morelos,8400000.0,MXN,casa,1828.0,470.0,6,4.0,5,5783,17872.34,,,,,Morelos,Cuautla,Centro,14330,,,,,,,,,,,,,,,,,,,,,,,,,,E,residential,8M-12M,missing_coordinates
easybroker,terreno-ejidal-en-venta-en-cuautla-morelos,https://quality-paraiso.easybroker.com/property/terreno-ejidal-en-venta-en-cuautla-morelos,1680000.0,MXN,terreno,2730.0,,,,,,,615.38,,,,Morelos,Cuautla,La Esperanza,14330,,,,,,,,,,,,,,,,,,,,,,,,,,E,land,1M-2M,"missing_construction_area,missing_coordinates"
easybroker,terreno-comercial-en-cuautla-morelos,https://quality-paraiso.easybroker.com/property/terreno-comercial-en-cuautla-morelos,89000000.0,MXN,terreno,19136.0,,,,,,,4650.92,,,,Morelos,Cuautla,Centro,14330,,,,,,,,,,,,,,,,,,,,,,,,,,E,land,>20M,"missing_construction_area,missing_coordinates"
