ENTIDAD,NOM_ENT,MUN,NOM_MUN,LOC,NOM_LOC,AGEB,MZA,POBTOT,TVIVHAB,VPH_AUTOM,VPH_INTER,GRAPROES,PEA,POCUPADA
09,Ciudad de México,002,Azcapotzalco,0001,Total AGEB urbana,0010,000,3183,867,479,692,11.52,1582,1532
09,Ciudad de México,002,Azcapotzalco,0001,Total AGEB urbana,0025,000,5593,1760,515,1203,10.73,2854,2810
09,Ciudad de México,002,Azcapotzalco,0001,Total AGEB urbana,003A,000,4235,1190,422,878,10.55,2152,2080
09,Ciudad de México,002,Azcapotzalco,0001,Total AGEB urbana,0044,000,4768,1389,579,1076,11.07,2432,2356
09,Ciudad de México,002,Azcapotzalco,0001,Total AGEB urbana,0097,000,2176,597,289,507,11.74,1091,1058
09,Ciudad de México,002,Azcapotzalco,0001,Total AGEB urbana,010A,000,3346,912,446,768,11.8,1635,1574
09,Ciudad de México,002,Azcapotzalco,0001,Total AGEB urbana,0114,000,9866,3027,990,2281,11.21,5460,5349
09,Ciudad de México,002,Azcapotzalco,0001,Total AGEB urbana,0129,000,5703,1831,896,1535,12.43,3268,3161
09,Ciudad de México,002,Azcapotzalco,0001,Total AGEB urbana,0133,000,7288,1991,762,1497,10.9,3825,3708
09,Ciudad de México,002,Azcapotzalco,0001,Total AGEB urbana,0148,000,2513,751,561,639,13.26,1309,1270
09,Ciudad de México,002,Azcapotzalco,0001,Total AGEB urbana,0167,000,3049,915,375,662,11.18,1642,1609
09,Ciudad de México,002,Azcapotzalco,0001,Total AGEB urbana,0171,000,2313,695,329,547,11.82,1267,1238
09,Ciudad de México,002,Azcapotzalco,0001,Total AGEB urbana,0186,000,11139,3501,1915,2878,12.43,6399,6252
09,Ciudad de México,002,Azcapotzalco,0001,Total AGEB urbana,0190,000,8920,2829,1155,2079,11.55,5109,4975
09,Ciudad de México,002,Azcapotzalco,0001,Total AGEB urbana,0203,000,5495,1466,558,1074,10.88,2893,2779
09,Ciudad de México,002,Azcapotzalco,0001,Total AGEB urbana,0218,000,4162,1276,537,1010,11.67,2324,2270
09,Ciudad de México,002,Azcapotzalco,0001,Total AGEB urbana,0222,000,7064,2001,827,1530,11.59,3913,3840
09,Ciudad de México,002,Azcapotzalco,0001,Total AGEB urbana,0237,000,7093,2047,882,1511,11.13,3962,3847
09,Ciudad de México,002,Azcapotzalco,0001,Total AGEB urbana,0256,000,4894,1425,704,1116,11.67,2563,2508
09,Ciudad de México,002,Azcapotzalco,0001,Total AGEB urbana,0260,000,5027,1370,561,1062,11.38,2740,2658
09,Ciudad de México,002,Azcapotzalco,0001,Total AGEB urbana,0275,000,7063,1877,826,1452,10.81,3833,3714
09,Ciudad de México,002,Azcapotzalco,0001,Total AGEB urbana,028A,000,3133,1004,614,815,12.72,1769,1710
09,Ciudad de México,002,Azcapotzalco,0001,Total AGEB urbana,0294,000,6122,1984,956,1616,11.95,3585,3495
09,Ciudad de México,002,Azcapotzalco,0001,Total AGEB urbana,0307,000,5718,1663,643,1282,11.28,3176,3097
09,Ciudad de México,002,Azcapotzalco,0001,Total AGEB urbana,0311,000,3817,1205,486,941,11.9,2185,2115
09,Ciudad de México,002,Azcapotzalco,0001,Total AGEB urbana,0326,000,8373,2775,1377,2391,12.65,4935,4772
09,Ciudad de México,002,Azcapotzalco,0001,Total AGEB urbana,0330,000,2352,607,245,448,10.83,1232,1198
09,Ciudad de México,002,Azcapotzalco,0001,Total AGEB urbana,0345,000,4283,1260,582,956,11.57,2203,2165
09,Ciudad de México,002,Azcapotzalco,0001,Total AGEB urbana,035A,000,6325,1891,970,1558,11.85,3555,3462
09,Ciudad de México,002,Azcapotzalco,0001,Total AGEB urbana,0364,000,3407,914,380,719,11.41,1822,1758
09,Ciudad de México,002,Azcapotzalco,0001,Total AGEB urbana,0379,000,4525,1337,553,1031,11.54,2289,2207
09,Ciudad de México,002,Azcapotzalco,0001,Total AGEB urbana,0383,000,4040,1228,543,941,11.68,2259,2168
09,Ciudad de México,002,Azcapotzalco,0001,Total AGEB urbana,0398,000,4230,1352,497,981,11.6,2417,2331
09,Ciudad de México,002,Azcapotzalco,0001,Total AGEB urbana,0400,000,3953,1231,514,923,11.79,2236,2183
09,Ciudad de México,002,Azcapotzalco,0001,Total AGEB urbana,0415,000,4165,1297,585,1022,12.36,2281,2228
09,Ciudad de México,002,Azcapotzalco,0001,Total AGEB urbana,0434,000,2831,965,620,820,12.73,1460,1433
09,Ciudad de México,002,Azcapotzalco,0001,Total AGEB urbana,0449,000,2939,819,536,687,12.27,1433,1372
09,Ciudad de México,002,Azcapotzalco,0001,Total AGEB urbana,0468,000,4552,1656,713,1359,12.6,2808,2759
09,Ciudad de México,002,Azcapotzalco,0001,Total AGEB urbana,0472,000,6574,2345,1455,2032,13.06,3735,3677
09,Ciudad de México,002,Azcapotzalco,0001,Total AGEB urbana,0487,000,4207,1313,534,988,11.62,2338,2281
09,Ciudad de México,002,Azcapotzalco,0001,Total AGEB urbana,0491,000,6312,1914,1057,1574,12.19,3520,3419
09,Ciudad de México,002,Azcapotzalco,0001,Total AGEB urbana,0504,000,4754,1532,968,1309,13.56,2666,2575
09,Ciudad de México,002,Azcapotzalco,0001,Total AGEB urbana,0519,000,2409,793,392,623,12.64,1249,1215
09,Ciudad de México,002,Azcapotzalco,0001,Total AGEB urbana,0542,000,6915,2318,1492,2036,13.24,4026,3952
09,Ciudad de México,002,Azcapotzalco,0001,Total AGEB urbana,0557,000,4475,1396,588,1012,11.51,2550,2463
09,Ciudad de México,002,Azcapotzalco,0001,Total AGEB urbana,0561,000,3454,1044,403,751,11.47,1870,1831
09,Ciudad de México,002,Azcapotzalco,0001,Total AGEB urbana,0576,000,3168,946,359,667,11.36,1823,1789
09,Ciudad de México,002,Azcapotzalco,0001,Total AGEB urbana,0580,000,4220,1223,424,901,11.29,2344,2291
09,Ciudad de México,002,Azcapotzalco,0001,Total AGEB urbana,0595,000,5116,1480,557,992,10.59,2833,2763
09,Ciudad de México,002,Azcapotzalco,0001,Total AGEB urbana,0608,000,5135,1500,465,938,10.35,2948,2901
09,Ciudad de México,002,Azcapotzalco,0001,Total AGEB urbana,0612,000,4333,1253,411,809,10.65,2415,2365
09,Ciudad de México,002,Azcapotzalco,0001,Total AGEB urbana,0627,000,4912,1545,488,937,10.01,2710,2654
09,Ciudad de México,002,Azcapotzalco,0001,Total AGEB urbana,0631,000,5263,1449,851,1156,11.75,2681,2598
09,Ciudad de México,002,Azcapotzalco,0001,Total AGEB urbana,0650,000,6499,1815,614,1281,10.65,3351,3239
09,Ciudad de México,002,Azcapotzalco,0001,Total AGEB urbana,0665,000,7747,2408,908,1774,11.39,4420,4307
09,Ciudad de México,002,Azcapotzalco,0001,Total AGEB urbana,067A,000,6226,2089,1218,1785,12.98,3595,3516
09,Ciudad de México,002,Azcapotzalco,0001,Total AGEB urbana,0684,000,3991,1394,869,1192,13.34,2118,2066
09,Ciudad de México,002,Azcapotzalco,0001,Total AGEB urbana,0699,000,2696,900,658,803,14.07,1476,1425
09,Ciudad de México,002,Azcapotzalco,0001,Total AGEB urbana,0701,000,2400,825,550,719,13.93,1380,1340
09,Ciudad de México,002,Azcapotzalco,0001,Total AGEB urbana,0716,000,3775,1256,710,1012,12.39,2151,2107
09,Ciudad de México,002,Azcapotzalco,0001,Total AGEB urbana,0720,000,2653,929,681,836,14.01,1406,1377
09,Ciudad de México,002,Azcapotzalco,0001,Total AGEB urbana,074A,000,2850,934,420,682,12.31,1530,1468
09,Ciudad de México,002,Azcapotzalco,0001,Total AGEB urbana,0754,000,2282,733,305,577,11.84,1285,1252
09,Ciudad de México,002,Azcapotzalco,0001,Total AGEB urbana,0769,000,9195,3178,1969,2695,12.82,5573,5430
09,Ciudad de México,002,Azcapotzalco,0001,Total AGEB urbana,0773,000,2314,693,266,481,11.12,1199,1150
09,Ciudad de México,002,Azcapotzalco,0001,Total AGEB urbana,0788,000,2450,775,314,592,11.88,1390,1341
09,Ciudad de México,002,Azcapotzalco,0001,Total AGEB urbana,0792,000,4954,1651,772,1350,11.92,2823,2749
09,Ciudad de México,002,Azcapotzalco,0001,Total AGEB urbana,0805,000,1996,741,476,621,13.5,1208,1174
09,Ciudad de México,002,Azcapotzalco,0001,Total AGEB urbana,081A,000,3761,1408,753,1159,13.04,2148,2102
09,Ciudad de México,002,Azcapotzalco,0001,Total AGEB urbana,0824,000,3028,981,500,807,12.32,1702,1655
09,Ciudad de México,002,Azcapotzalco,0001,Total AGEB urbana,0839,000,3004,1072,660,943,13.94,1680,1646
09,Ciudad de México,002,Azcapotzalco,0001,Total AGEB urbana,0843,000,3643,1245,752,1063,13.54,2088,1999
09,Ciudad de México,002,Azcapotzalco,0001,Total AGEB urbana,0858,000,4395,1412,594,1027,11.95,2368,2294
09,Ciudad de México,002,Azcapotzalco,0001,Total AGEB urbana,0877,000,821,213,65,135,10,444,438
09,Ciudad de México,002,Azcapotzalco,0001,Total AGEB urbana,0881,000,5207,1464,468,1027,10.25,2701,2648
09,Ciudad de México,002,Azcapotzalco,0001,Total AGEB urbana,0896,000,1532,568,282,464,12.96,846,837
09,Ciudad de México,002,Azcapotzalco,0001,Total AGEB urbana,0909,000,1810,645,329,528,12.97,939,920
09,Ciudad de México,002,Azcapotzalco,0001,Total AGEB urbana,0913,000,3311,976,382,799,11.45,1705,1644
09,Ciudad de México,002,Azcapotzalco,0001,Total AGEB urbana,0928,000,1841,518,146,316,10.13,1040,1014
09,Ciudad de México,002,Azcapotzalco,0001,Total AGEB urbana,0932,000,408,126,68,102,11.74,216,214
09,Ciudad de México,002,Azcapotzalco,0001,Total AGEB urbana,0947,000,4456,1309,542,1088,11.18,2451,2373
09,Ciudad de México,002,Azcapotzalco,0001,Total AGEB urbana,0966,000,2047,645,525,604,13.36,968,936
09,Ciudad de México,002,Azcapotzalco,0001,Total AGEB urbana,0970,000,2953,885,555,768,12.58,1497,1449
09,Ciudad de México,002,Azcapotzalco,0001,Total AGEB urbana,0985,000,2334,694,343,554,11.96,1282,1246
09,Ciudad de México,002,Azcapotzalco,0001,Total AGEB urbana,099A,000,1337,418,247,362,12.59,738,730
09,Ciudad de México,002,Azcapotzalco,0001,Total AGEB urbana,1004,000,7559,2286,1053,1789,11.84,4423,4304
09,Ciudad de México,002,Azcapotzalco,0001,Total AGEB urbana,1019,000,1689,536,258,420,11.79,968,934
09,Ciudad de México,002,Azcapotzalco,0001,Total AGEB urbana,1023,000,7644,2731,1548,2298,12.65,4695,4560
09,Ciudad de México,002,Azcapotzalco,0001,Total AGEB urbana,1038,000,7053,2138,785,1430,10.74,3816,3716
09,Ciudad de México,002,Azcapotzalco,0001,Total AGEB urbana,1042,000,5802,1617,628,1196,10.56,3159,3075
09,Ciudad de México,002,Azcapotzalco,0001,Total AGEB urbana,1057,000,2418,862,617,772,14.06,1280,1266
09,Ciudad de México,002,Azcapotzalco,0001,Total AGEB urbana,1061,000,1719,673,217,500,12.32,871,840
09,Ciudad de México,002,Azcapotzalco,0001,Total AGEB urbana,1076,000,1,1,*,*,*,*,*
09,Ciudad de México,002,Azcapotzalco,0001,Total AGEB urbana,1080,000,5000,1783,1414,1644,13.91,2851,2784
09,Ciudad de México,002,Azcapotzalco,0001,Total AGEB urbana,1095,000,7035,2145,1206,1768,12.09,4001,3898
09,Ciudad de México,002,Azcapotzalco,0001,Total AGEB urbana,1112,000,4239,1300,662,1115,12.21,2445,2381
09,Ciudad de México,002,Azcapotzalco,0001,Total AGEB urbana,1127,000,2837,875,440,730,12.2,1656,1626
09,Ciudad de México,002,Azcapotzalco,0001,Total AGEB urbana,1131,000,2543,889,482,745,12.93,1351,1313
09,Ciudad de México,002,Azcapotzalco,0001,Total AGEB urbana,1146,000,927,342,172,287,13.12,501,486
09,Ciudad de México,002,Azcapotzalco,0001,Total AGEB urbana,1150,000,3486,1055,596,899,12.55,1969,1929
09,Ciudad de México,002,Azcapotzalco,0001,Total AGEB urbana,1165,000,400,107,34,51,9.67,221,215
09,Ciudad de México,002,Azcapotzalco,0001,Total AGEB urbana,117A,000,1602,537,361,483,12.88,810,792
09,Ciudad de México,002,Azcapotzalco,0001,Total AGEB urbana,1184,000,1433,471,287,414,12.68,727,698
09,Ciudad de México,003,Coyoacán,0001,Total AGEB urbana,0018,000,1658,658,492,613,14.93,925,904
09,Ciudad de México,003,Coyoacán,0001,Total AGEB urbana,0022,000,1569,583,446,536,14.97,897,883
09,Ciudad de México,003,Coyoacán,0001,Total AGEB urbana,0037,000,1428,479,352,422,14.6,769,759
09,Ciudad de México,003,Coyoacán,0001,Total AGEB urbana,0041,000,3006,1308,949,1202,14.81,1840,1815
09,Ciudad de México,003,Coyoacán,0001,Total AGEB urbana,0056,000,3895,1385,958,1258,14.18,2252,2184
09,Ciudad de México,003,Coyoacán,0001,Total AGEB urbana,0060,000,4299,1423,893,1226,13.42,2397,2314
09,Ciudad de México,003,Coyoacán,0001,Total AGEB urbana,0075,000,2825,1055,737,971,14.44,1700,1658
09,Ciudad de México,003,Coyoacán,0001,Total AGEB urbana,008A,000,2297,712,645,670,14.6,1179,1149
09,Ciudad de México,003,Coyoacán,0001,Total AGEB urbana,0094,000,3531,1170,868,1059,14.12,1888,1806
09,Ciudad de México,003,Coyoacán,0001,Total AGEB urbana,0107,000,6992,2341,1569,2022,13.41,3881,3790
09,Ciudad de México,003,Coyoacán,0001,Total AGEB urbana,0111,000,1380,383,288,332,14.26,794,788
09,Ciudad de México,003,Coyoacán,0001,Total AGEB urbana,0126,000,1803,609,476,567,14.88,1070,1061
09,Ciudad de México,003,Coyoacán,0001,Total AGEB urbana,0130,000,2171,745,507,663,14.15,1207,1180
09,Ciudad de México,003,Coyoacán,0001,Total AGEB urbana,0145,000,2090,780,555,702,14.53,1233,1207
09,Ciudad de México,003,Coyoacán,0001,Total AGEB urbana,015A,000,5065,1829,1257,1643,14.21,2942,2849
09,Ciudad de México,003,Coyoacán,0001,Total AGEB urbana,0164,000,2900,1074,768,993,14.46,1721,1684
09,Ciudad de México,003,Coyoacán,0001,Total AGEB urbana,0179,000,2198,754,637,710,14.49,1269,1228
09,Ciudad de México,003,Coyoacán,0001,Total AGEB urbana,0183,000,2789,1069,822,978,14.79,1706,1663
09,Ciudad de México,003,Coyoacán,0001,Total AGEB urbana,0198,000,1649,495,426,444,14.25,870,852
09,Ciudad de México,003,Coyoacán,0001,Total AGEB urbana,0200,000,5523,1997,1631,1839,14.17,3345,3247
09,Ciudad de México,003,Coyoacán,0001,Total AGEB urbana,0215,000,6100,2261,1958,2144,14.52,3608,3542
09,Ciudad de México,003,Coyoacán,0001,Total AGEB urbana,022A,000,8705,2464,1234,1907,11.45,4879,4766
09,Ciudad de México,003,Coyoacán,0001,Total AGEB urbana,0234,000,710,245,206,236,15.5,432,415
09,Ciudad de México,003,Coyoacán,0001,Total AGEB urbana,0249,000,740,265,172,244,15.01,424,412
09,Ciudad de México,003,Coyoacán,0001,Total AGEB urbana,0268,000,1305,472,319,431,14.51,775,752
09,Ciudad de México,003,Coyoacán,0001,Total AGEB urbana,0272,000,3327,1118,885,1040,15.38,1847,1797
09,Ciudad de México,003,Coyoacán,0001,Total AGEB urbana,0287,000,8213,2522,1590,2226,13.06,4609,4524
09,Ciudad de México,003,Coyoacán,0001,Total AGEB urbana,0291,000,4212,1508,1035,1339,13.46,2527,2455
09,Ciudad de México,003,Coyoacán,0001,Total AGEB urbana,0304,000,1968,665,394,581,13.92,1126,1094
09,Ciudad de México,003,Coyoacán,0001,Total AGEB urbana,0319,000,2494,914,642,832,14.53,1422,1389
09,Ciudad de México,003,Coyoacán,0001,Total AGEB urbana,0323,000,2398,802,565,703,14.1,1233,1155
09,Ciudad de México,003,Coyoacán,0001,Total AGEB urbana,0342,000,3376,1120,958,1019,14.28,1811,1750
09,Ciudad de México,003,Coyoacán,0001,Total AGEB urbana,0357,000,4074,1207,344,787,10.48,2309,2268
09,Ciudad de México,003,Coyoacán,0001,Total AGEB urbana,0361,000,1977,671,429,615,13.67,1078,1067
09,Ciudad de México,003,Coyoacán,0001,Total AGEB urbana,0376,000,1268,513,325,470,15,769,759
09,Ciudad de México,003,Coyoacán,0001,Total AGEB urbana,0380,000,2851,1234,873,1158,15.53,1709,1648
09,Ciudad de México,003,Coyoacán,0001,Total AGEB urbana,0395,000,2301,989,479,922,15.57,1371,1333
09,Ciudad de México,003,Coyoacán,0001,Total AGEB urbana,0408,000,1576,641,399,610,15.6,867,843
09,Ciudad de México,003,Coyoacán,0001,Total AGEB urbana,0412,000,3853,1433,864,1340,14.92,2089,2001
09,Ciudad de México,003,Coyoacán,0001,Total AGEB urbana,0427,000,2116,621,501,585,13.74,1173,1157
09,Ciudad de México,003,Coyoacán,0001,Total AGEB urbana,0431,000,5344,1501,720,1217,11.58,2810,2764
09,Ciudad de México,003,Coyoacán,0001,Total AGEB urbana,0446,000,5501,1812,1252,1598,13.32,3207,3073
09,Ciudad de México,003,Coyoacán,0001,Total AGEB urbana,0450,000,6576,2136,1264,1873,13.21,3762,3661
09,Ciudad de México,003,Coyoacán,0001,Total AGEB urbana,0465,000,1476,485,382,448,14.78,785,770
09,Ciudad de México,003,Coyoacán,0001,Total AGEB urbana,0484,000,1003,356,286,339,14.6,563,543
09,Ciudad de México,003,Coyoacán,0001,Total AGEB urbana,0499,000,2502,806,642,723,14.47,1279,1250
09,Ciudad de México,003,Coyoacán,0001,Total AGEB urbana,0501,000,3477,1060,844,965,14.12,1862,1823
09,Ciudad de México,003,Coyoacán,0001,Total AGEB urbana,0516,000,1436,433,325,376,13.27,776,754
09,Ciudad de México,003,Coyoacán,0001,Total AGEB urbana,0520,000,2615,708,450,582,12.4,1522,1475
09,Ciudad de México,003,Coyoacán,0001,Total AGEB urbana,0535,000,7676,2247,713,1492,10.49,4317,4231
09,Ciudad de México,003,Coyoacán,0001,Total AGEB urbana,054A,000,784,311,209,285,15.35,456,442
09,Ciudad de México,003,Coyoacán,0001,Total AGEB urbana,0554,000,4591,1543,766,1351,12.79,2729,2670
09,Ciudad de México,003,Coyoacán,0001,Total AGEB urbana,0573,000,12827,3689,1762,2878,11.69,7610,7469
09,Ciudad de México,003,Coyoacán,0001,Total AGEB urbana,0588,000,1779,525,417,483,13.36,1024,1010
09,Ciudad de México,003,Coyoacán,0001,Total AGEB urbana,0605,000,3621,1033,251,620,9.65,1955,1918
09,Ciudad de México,003,Coyoacán,0001,Total AGEB urbana,061A,000,10554,2987,977,2133,10.63,5887,5752
09,Ciudad de México,003,Coyoacán,0001,Total AGEB urbana,0624,000,9838,2743,905,1853,10.35,5330,5210
09,Ciudad de México,003,Coyoacán,0001,Total AGEB urbana,0639,000,12525,3100,1046,2121,10.14,6849,6658
09,Ciudad de México,003,Coyoacán,0001,Total AGEB urbana,0643,000,8559,2298,835,1567,10.69,4937,4833
09,Ciudad de México,003,Coyoacán,0001,Total AGEB urbana,0658,000,10461,2848,1170,2095,10.97,5607,5485
09,Ciudad de México,003,Coyoacán,0001,Total AGEB urbana,0662,000,5469,1605,597,1123,10.84,3252,3186
09,Ciudad de México,003,Coyoacán,0001,Total AGEB urbana,0677,000,8113,2537,1454,2081,12.52,4671,4557
09,Ciudad de México,003,Coyoacán,0001,Total AGEB urbana,0681,000,4561,1462,903,1224,13.01,2590,2549
09,Ciudad de México,003,Coyoacán,0001,Total AGEB urbana,0696,000,2382,873,677,798,14.71,1435,1402
09,Ciudad de México,003,Coyoacán,0001,Total AGEB urbana,0709,000,3117,1085,711,921,13.23,1731,1682
09,Ciudad de México,003,Coyoacán,0001,Total AGEB urbana,0713,000,4685,1449,1165,1288,14.08,2031,1954
09,Ciudad de México,003,Coyoacán,0001,Total AGEB urbana,0728,000,3836,1250,971,1109,14.18,1938,1895
09,Ciudad de México,003,Coyoacán,0001,Total AGEB urbana,0770,000,326,144,100,136,14.9,213,210
09,Ciudad de México,003,Coyoacán,0001,Total AGEB urbana,0785,000,11640,3351,1010,2452,10.53,6814,6705
09,Ciudad de México,003,Coyoacán,0001,Total AGEB urbana,079A,000,9058,2405,718,1594,10.07,4970,4861
09,Ciudad de México,003,Coyoacán,0001,Total AGEB urbana,0802,000,13042,3624,1159,2438,10.17,7200,7092
09,Ciudad de México,003,Coyoacán,0001,Total AGEB urbana,0817,000,10152,3012,1153,2166,11.1,5633,5505
09,Ciudad de México,003,Coyoacán,0001,Total AGEB urbana,0821,000,5221,1501,627,1054,11.06,2899,2848
09,Ciudad de México,003,Coyoacán,0001,Total AGEB urbana,0836,000,6381,1836,767,1256,11.14,3468,3361
09,Ciudad de México,003,Coyoacán,0001,Total AGEB urbana,0840,000,6633,1894,814,1375,11.39,3664,3549
09,Ciudad de México,003,Coyoacán,0001,Total AGEB urbana,0855,000,2696,807,465,651,12.62,1473,1444
09,Ciudad de México,003,Coyoacán,0001,Total AGEB urbana,086A,000,2670,928,693,816,13.64,1472,1423
09,Ciudad de México,003,Coyoacán,0001,Total AGEB urbana,0889,000,2647,916,786,847,14.44,1262,1216
09,Ciudad de México,003,Coyoacán,0001,Total AGEB urbana,0893,000,1749,583,519,535,14.85,876,849
09,Ciudad de México,003,Coyoacán,0001,Total AGEB urbana,0906,000,3324,1130,746,981,13.64,1709,1679
09,Ciudad de México,003,Coyoacán,0001,Total AGEB urbana,093A,000,1211,407,364,387,14.92,651,637
09,Ciudad de México,003,Coyoacán,0001,Total AGEB urbana,0959,000,4224,1153,377,747,10.16,2206,2135
09,Ciudad de México,003,Coyoacán,0001,Total AGEB urbana,0963,000,6516,1842,804,1322,11.26,3952,3884
09,Ciudad de México,003,Coyoacán,0001,Total AGEB urbana,0978,000,8080,2245,877,1665,11,4470,4365
09,Ciudad de México,003,Coyoacán,0001,Total AGEB urbana,0982,000,6525,1884,790,1455,11.27,3789,3689
09,Ciudad de México,003,Coyoacán,0001,Total AGEB urbana,0997,000,9422,2623,1083,1953,11.13,5341,5173
09,Ciudad de México,003,Coyoacán,0001,Total AGEB urbana,1001,000,6521,1751,643,1235,10.98,3598,3491
09,Ciudad de México,003,Coyoacán,0001,Total AGEB urbana,1016,000,6606,1763,717,1247,10.26,3609,3513
09,Ciudad de México,003,Coyoacán,0001,Total AGEB urbana,1020,000,4471,1518,1019,1323,13.75,2455,2392
09,Ciudad de México,003,Coyoacán,0001,Total AGEB urbana,1069,000,1633,536,485,507,14.8,779,732
09,Ciudad de México,003,Coyoacán,0001,Total AGEB urbana,1073,000,1616,516,456,488,14.65,802,775
09,Ciudad de México,003,Coyoacán,0001,Total AGEB urbana,1092,000,5787,1823,1595,1744,13.64,2839,2767
09,Ciudad de México,003,Coyoacán,0001,Total AGEB urbana,1105,000,2795,841,812,817,15.02,1580,1546
09,Ciudad de México,003,Coyoacán,0001,Total AGEB urbana,1124,000,5743,1798,1033,1366,12.28,3284,3228
09,Ciudad de México,003,Coyoacán,0001,Total AGEB urbana,1139,000,691,231,168,210,14.54,394,387
09,Ciudad de México,003,Coyoacán,0001,Total AGEB urbana,1143,000,540,178,149,164,14.92,275,269
09,Ciudad de México,003,Coyoacán,0001,Total AGEB urbana,1158,000,8986,2455,1009,1864,11.23,5111,4968
09,Ciudad de México,003,Coyoacán,0001,Total AGEB urbana,1162,000,14061,3787,1426,2780,10.84,7884,7648
09,Ciudad de México,003,Coyoacán,0001,Total AGEB urbana,1181,000,4132,1270,784,1086,12.69,2204,2138
09,Ciudad de México,003,Coyoacán,0001,Total AGEB urbana,1213,000,5772,1832,1209,1582,13.19,2880,2801
09,Ciudad de México,003,Coyoacán,0001,Total AGEB urbana,1228,000,2280,538,215,406,10.77,1221,1179
09,Ciudad de México,003,Coyoacán,0001,Total AGEB urbana,1232,000,3022,878,687,790,13.17,1573,1545
09,Ciudad de México,003,Coyoacán,0001,Total AGEB urbana,1247,000,5019,1527,763,1206,12.19,2646,2556
09,Ciudad de México,003,Coyoacán,0001,Total AGEB urbana,1251,000,2321,699,350,560,12.13,1231,1177
09,Ciudad de México,003,Coyoacán,0001,Total AGEB urbana,1266,000,2811,799,374,654,11.61,1655,1608
09,Ciudad de México,003,Coyoacán,0001,Total AGEB urbana,1270,000,4167,1333,649,1083,12.32,2170,2094
09,Ciudad de México,003,Coyoacán,0001,Total AGEB urbana,1285,000,3625,1106,579,940,12.05,1886,1804
09,Ciudad de México,003,Coyoacán,0001,Total AGEB urbana,129A,000,3454,1045,598,919,12.75,1824,1761
09,Ciudad de México,003,Coyoacán,0001,Total AGEB urbana,1302,000,1973,620,315,502,12.27,1028,996
09,Ciudad de México,003,Coyoacán,0001,Total AGEB urbana,1317,000,2754,786,420,658,11.92,1397,1344
09,Ciudad de México,003,Coyoacán,0001,Total AGEB urbana,1321,000,3755,1186,658,971,12.13,1908,1838
09,Ciudad de México,003,Coyoacán,0001,Total AGEB urbana,1336,000,2908,919,399,700,11.64,1539,1478
09,Ciudad de México,003,Coyoacán,0001,Total AGEB urbana,1340,000,2546,865,534,746,13.75,1315,1282
09,Ciudad de México,003,Coyoacán,0001,Total AGEB urbana,1355,000,2461,844,541,741,13.68,1237,1187
09,Ciudad de México,003,Coyoacán,0001,Total AGEB urbana,136A,000,2243,784,526,701,13.54,1156,1118
09,Ciudad de México,003,Coyoacán,0001,Total AGEB urbana,1374,000,2494,843,524,759,13.32,1218,1175
09,Ciudad de México,003,Coyoacán,0001,Total AGEB urbana,1389,000,3600,1065,283,669,9.92,1860,1804
09,Ciudad de México,003,Coyoacán,0001,Total AGEB urbana,1393,000,2828,792,283,567,10.4,1581,1536
09,Ciudad de México,003,Coyoacán,0001,Total AGEB urbana,1406,000,3216,867,335,622,10.47,1734,1698
09,Ciudad de México,003,Coyoacán,0001,Total AGEB urbana,1410,000,4242,1462,1056,1329,13.68,2326,2236
09,Ciudad de México,003,Coyoacán,0001,Total AGEB urbana,1425,000,6786,1832,957,1395,11.51,3705,3582
09,Ciudad de México,003,Coyoacán,0001,Total AGEB urbana,143A,000,2877,937,839,869,14.42,1486,1421
09,Ciudad de México,003,Coyoacán,0001,Total AGEB urbana,1444,000,2651,967,813,912,14.66,1448,1411
09,Ciudad de México,003,Coyoacán,0001,Total AGEB urbana,1459,000,2436,910,637,803,13.69,1378,1345
09,Ciudad de México,003,Coyoacán,0001,Total AGEB urbana,1463,000,2844,1033,620,894,12.89,1574,1534
09,Ciudad de México,003,Coyoacán,0001,Total AGEB urbana,1478,000,3845,1199,620,984,12.1,1967,1897
09,Ciudad de México,003,Coyoacán,0001,Total AGEB urbana,1482,000,4758,1488,745,1244,12.01,2474,2388
09,Ciudad de México,003,Coyoacán,0001,Total AGEB urbana,1497,000,5249,1597,838,1323,12.24,2839,2745
09,Ciudad de México,003,Coyoacán,0001,Total AGEB urbana,150A,000,4541,1447,943,1275,13.17,2473,2405
09,Ciudad de México,003,Coyoacán,0001,Total AGEB urbana,1514,000,5908,1731,807,1395,11.67,2959,2881
09,Ciudad de México,003,Coyoacán,0001,Total AGEB urbana,1529,000,5698,2258,1709,2095,14.98,3318,3245
09,Ciudad de México,003,Coyoacán,0001,Total AGEB urbana,1533,000,22,9,*,3,9.6,14,14
09,Ciudad de México,003,Coyoacán,0001,Total AGEB urbana,1548,000,1494,685,489,656,15.91,980,960
09,Ciudad de México,003,Coyoacán,0001,Total AGEB urbana,1552,000,1688,637,408,596,14.17,974,944
09,Ciudad de México,003,Coyoacán,0001,Total AGEB urbana,1567,000,1682,626,380,549,13.28,932,911
09,Ciudad de México,003,Coyoacán,0001,Total AGEB urbana,1571,000,2055,770,454,684,13.51,1153,1118
09,Ciudad de México,003,Coyoacán,0001,Total AGEB urbana,1586,000,386,152,100,130,13.68,222,218
09,Ciudad de México,003,Coyoacán,0001,Total AGEB urbana,1590,000,1941,678,377,586,13.23,1055,1038
09,Ciudad de México,003,Coyoacán,0001,Total AGEB urbana,1618,000,1151,388,347,365,15.02,772,770
09,Ciudad de México,003,Coyoacán,0001,Total AGEB urbana,1622,000,2498,842,534,770,13.37,1338,1299
09,Ciudad de México,003,Coyoacán,0001,Total AGEB urbana,1637,000,2821,1067,713,948,13.8,1556,1482
09,Ciudad de México,003,Coyoacán,0001,Total AGEB urbana,1641,000,2483,925,692,871,14.16,1432,1403
09,Ciudad de México,003,Coyoacán,0001,Total AGEB urbana,1656,000,3244,1024,778,936,13.38,1787,1749
09,Ciudad de México,003,Coyoacán,0001,Total AGEB urbana,1660,000,3328,936,642,823,13.09,1918,1859
09,Ciudad de México,003,Coyoacán,0001,Total AGEB urbana,1675,000,3996,1176,958,1048,13.55,2162,2084
09,Ciudad de México,003,Coyoacán,0001,Total AGEB urbana,168A,000,1544,609,438,560,14.55,930,906
09,Ciudad de México,003,Coyoacán,0001,Total AGEB urbana,1694,000,1542,591,449,549,14.76,924,903
09,Ciudad de México,003,Coyoacán,0001,Total AGEB urbana,1707,000,5005,1593,1366,1503,14.05,2713,2611
09,Ciudad de México,003,Coyoacán,0001,Total AGEB urbana,1726,000,2983,941,703,846,13.84,1627,1554
09,Ciudad de México,003,Coyoacán,0001,Total AGEB urbana,1730,000,645,236,209,229,15.23,310,298
09,Ciudad de México,003,Coyoacán,0001,Total AGEB urbana,1745,000,3535,1171,590,957,12.8,1931,1889
09,Ciudad de México,003,Coyoacán,0001,Total AGEB urbana,175A,000,3635,1066,579,915,12.4,1985,1908
09,Ciudad de México,003,Coyoacán,0001,Total AGEB urbana,1764,000,2890,961,506,823,12.15,1706,1650
09,Ciudad de México,003,Coyoacán,0001,Total AGEB urbana,1779,000,1832,635,393,531,12.55,1015,984
09,Ciudad de México,003,Coyoacán,0001,Total AGEB urbana,1783,000,3170,1277,923,1184,14.88,1918,1856
09,Ciudad de México,003,Coyoacán,0001,Total AGEB urbana,1798,000,754,314,284,309,15.65,433,427
09,Ciudad de México,004,Cuajimalpa de Morelos,0001,Total AGEB urbana,002A,000,4726,1299,472,895,10.31,2559,2508
09,Ciudad de México,004,Cuajimalpa de Morelos,0001,Total AGEB urbana,0049,000,4304,1237,1033,1140,13.95,2455,2431
09,Ciudad de México,004,Cuajimalpa de Morelos,0001,Total AGEB urbana,0053,000,6459,1948,958,1491,11.2,3662,3587
09,Ciudad de México,004,Cuajimalpa de Morelos,0001,Total AGEB urbana,0072,000,2849,787,264,521,10.38,1450,1445
09,Ciudad de México,004,Cuajimalpa de Morelos,0001,Total AGEB urbana,0091,000,11767,3099,1296,2278,11.05,6362,6196
09,Ciudad de México,004,Cuajimalpa de Morelos,0001,Total AGEB urbana,0104,000,7179,2343,1619,2062,12.85,4645,4577
09,Ciudad de México,004,Cuajimalpa de Morelos,0001,Total AGEB urbana,0119,000,6497,1847,1021,1474,11.47,3595,3511
09,Ciudad de México,004,Cuajimalpa de Morelos,0001,Total AGEB urbana,0123,000,6200,1785,1014,1446,11.92,3376,3265
09,Ciudad de México,004,Cuajimalpa de Morelos,0001,Total AGEB urbana,0138,000,7681,1970,781,1367,10.58,3952,3875
09,Ciudad de México,004,Cuajimalpa de Morelos,0001,Total AGEB urbana,0176,000,9292,2438,1902,2162,12.2,5295,5239
09,Ciudad de México,004,Cuajimalpa de Morelos,0001,Total AGEB urbana,0180,000,6474,1718,1314,1469,12.6,3746,3696
09,Ciudad de México,004,Cuajimalpa de Morelos,0001,Total AGEB urbana,0195,000,10984,2638,1934,2356,11.76,6192,6024
09,Ciudad de México,004,Cuajimalpa de Morelos,0001,Total AGEB urbana,0208,000,7474,1939,766,1349,10.5,3984,3916
09,Ciudad de México,004,Cuajimalpa de Morelos,0001,Total AGEB urbana,0212,000,4941,1405,871,1164,11.94,2840,2768
09,Ciudad de México,004,Cuajimalpa de Morelos,0001,Total AGEB urbana,0227,000,8867,2161,609,1361,9.54,4557,4485
09,Ciudad de México,004,Cuajimalpa de Morelos,0001,Total AGEB urbana,0231,000,7804,1926,691,1189,9.98,3884,3826
09,Ciudad de México,004,Cuajimalpa de Morelos,0001,Total AGEB urbana,0250,000,4220,1087,506,810,10.38,2258,2208
09,Ciudad de México,004,Cuajimalpa de Morelos,0001,Total AGEB urbana,027A,000,4578,1379,695,1069,11.69,2499,2445
09,Ciudad de México,004,Cuajimalpa de Morelos,0001,Total AGEB urbana,0299,000,10533,3079,1741,2474,11.98,5841,5711
09,Ciudad de México,004,Cuajimalpa de Morelos,0001,Total AGEB urbana,0301,000,4195,1195,709,953,11.7,2208,2155
09,Ciudad de México,004,Cuajimalpa de Morelos,0001,Total AGEB urbana,0320,000,2945,731,240,454,9.63,1508,1477
09,Ciudad de México,004,Cuajimalpa de Morelos,0001,Total AGEB urbana,034A,000,3494,900,372,645,10.58,1795,1763
09,Ciudad de México,004,Cuajimalpa de Morelos,0001,Total AGEB urbana,0354,000,6409,1915,1032,1321,11.89,3467,3434
09,Ciudad de México,004,Cuajimalpa de Morelos,0001,Total AGEB urbana,0369,000,14609,6018,5768,5970,15.73,9512,9443
09,Ciudad de México,004,Cuajimalpa de Morelos,0001,Total AGEB urbana,0373,000,14170,3531,2021,2650,11.11,7492,7410
09,Ciudad de México,004,Cuajimalpa de Morelos,0001,Total AGEB urbana,0392,000,599,149,51,99,9.74,284,284
09,Ciudad de México,004,Cuajimalpa de Morelos,0001,Total AGEB urbana,0405,000,4253,1155,452,772,10.58,2209,2186
09,Ciudad de México,004,Cuajimalpa de Morelos,0001,Total AGEB urbana,041A,000,3190,851,487,700,11.79,1802,1764
09,Ciudad de México,004,Cuajimalpa de Morelos,0020,Total AGEB urbana,0246,000,9541,2485,1031,1703,10.33,5000,4894
09,Ciudad de México,004,Cuajimalpa de Morelos,0020,Total AGEB urbana,0316,000,15087,3784,1437,2289,9.72,7724,7535
09,Ciudad de México,004,Cuajimalpa de Morelos,0020,Total AGEB urbana,0388,000,1414,358,141,196,9.97,732,717
09,Ciudad de México,005,Gustavo A. Madero,0001,Total AGEB urbana,0012,000,4355,1258,375,714,9.26,2135,2104
09,Ciudad de México,005,Gustavo A. Madero,0001,Total AGEB urbana,0027,000,5631,1591,528,955,9.77,2702,2654
09,Ciudad de México,005,Gustavo A. Madero,0001,Total AGEB urbana,0050,000,10026,2819,995,1767,10.19,4944,4870
09,Ciudad de México,005,Gustavo A. Madero,0001,Total AGEB urbana,0084,000,3396,928,327,551,9.83,1559,1505
09,Ciudad de México,005,Gustavo A. Madero,0001,Total AGEB urbana,0099,000,4342,1195,390,747,9.76,2069,2022
09,Ciudad de México,005,Gustavo A. Madero,0001,Total AGEB urbana,0101,000,5213,1500,498,897,9.63,2651,2611
09,Ciudad de México,005,Gustavo A. Madero,0001,Total AGEB urbana,0135,000,4716,1326,481,839,10.13,2288,2227
09,Ciudad de México,005,Gustavo A. Madero,0001,Total AGEB urbana,014A,000,4456,1282,432,777,9.56,2151,2102
09,Ciudad de México,005,Gustavo A. Madero,0001,Total AGEB urbana,0154,000,8184,4,0,0,0.00,3278,3278
09,Ciudad de México,005,Gustavo A. Madero,0001,Total AGEB urbana,0169,000,7933,2034,622,1194,9.8,3998,3886
09,Ciudad de México,005,Gustavo A. Madero,0001,Total AGEB urbana,0173,000,4482,1249,524,857,10.7,2291,2241
09,Ciudad de México,005,Gustavo A. Madero,0001,Total AGEB urbana,0188,000,4422,1297,559,889,10.66,2317,2261
09,Ciudad de México,005,Gustavo A. Madero,0001,Total AGEB urbana,0192,000,5552,1533,614,1081,10.51,2940,2872
09,Ciudad de México,005,Gustavo A. Madero,0001,Total AGEB urbana,0205,000,6337,1728,567,1145,9.99,3239,3147
09,Ciudad de México,005,Gustavo A. Madero,0001,Total AGEB urbana,0224,000,3017,826,390,589,10.81,1537,1505
09,Ciudad de México,005,Gustavo A. Madero,0001,Total AGEB urbana,0243,000,7379,1918,487,1276,9.45,3784,3668
09,Ciudad de México,005,Gustavo A. Madero,0001,Total AGEB urbana,0258,000,4738,1323,414,883,9.52,2299,2248
09,Ciudad de México,005,Gustavo A. Madero,0001,Total AGEB urbana,0262,000,4022,1145,334,656,9.82,1974,1957
09,Ciudad de México,005,Gustavo A. Madero,0001,Total AGEB urbana,0277,000,3195,1075,502,911,12.93,1706,1649
09,Ciudad de México,005,Gustavo A. Madero,0001,Total AGEB urbana,0281,000,2782,988,480,811,12.87,1432,1387
09,Ciudad de México,005,Gustavo A. Madero,0001,Total AGEB urbana,0296,000,2757,1020,529,835,13.21,1406,1376
09,Ciudad de México,005,Gustavo A. Madero,0001,Total AGEB urbana,0309,000,2212,797,420,680,13.2,1154,1113
09,Ciudad de México,005,Gustavo A. Madero,0001,Total AGEB urbana,0313,000,3640,1049,464,798,11.6,1861,1827
09,Ciudad de México,005,Gustavo A. Madero,0001,Total AGEB urbana,0328,000,1639,481,188,332,10.68,832,799
09,Ciudad de México,005,Gustavo A. Madero,0001,Total AGEB urbana,0332,000,5616,1593,432,1102,9.46,2754,2687
09,Ciudad de México,005,Gustavo A. Madero,0001,Total AGEB urbana,0351,000,4655,1253,226,791,9.31,2482,2435
09,Ciudad de México,005,Gustavo A. Madero,0001,Total AGEB urbana,0366,000,11779,4250,2335,3662,13.18,6940,6814
09,Ciudad de México,005,Gustavo A. Madero,0001,Total AGEB urbana,0370,000,3064,923,350,606,11.46,1657,1612
09,Ciudad de México,005,Gustavo A. Madero,0001,Total AGEB urbana,0385,000,6250,1843,641,1196,10.4,3265,3193
09,Ciudad de México,005,Gustavo A. Madero,0001,Total AGEB urbana,039A,000,5682,1863,1564,1713,14.32,3133,3090
09,Ciudad de México,005,Gustavo A. Madero,0001,Total AGEB urbana,0402,000,5809,1695,666,1171,10.91,3107,3029
09,Ciudad de México,005,Gustavo A. Madero,0001,Total AGEB urbana,0417,000,5194,1500,563,1074,10.56,2648,2592
09,Ciudad de México,005,Gustavo A. Madero,0001,Total AGEB urbana,0421,000,3669,1158,532,831,11.43,1958,1902
09,Ciudad de México,005,Gustavo A. Madero,0001,Total AGEB urbana,0436,000,4302,1299,538,971,11.41,2352,2293
09,Ciudad de México,005,Gustavo A. Madero,0001,Total AGEB urbana,0440,000,5028,1486,514,1079,11.01,2817,2727
09,Ciudad de México,005,Gustavo A. Madero,0001,Total AGEB urbana,0455,000,4073,1280,492,852,10.93,2141,2091
09,Ciudad de México,005,Gustavo A. Madero,0001,Total AGEB urbana,0474,000,4984,1478,648,1106,11.47,2637,2591
09,Ciudad de México,005,Gustavo A. Madero,0001,Total AGEB urbana,0489,000,4331,1663,997,1469,13.74,2465,2412
09,Ciudad de México,005,Gustavo A. Madero,0001,Total AGEB urbana,0493,000,2523,869,450,739,13.28,1409,1378
09,Ciudad de México,005,Gustavo A. Madero,0001,Total AGEB urbana,0506,000,3021,1134,679,1006,13.82,1738,1696
09,Ciudad de México,005,Gustavo A. Madero,0001,Total AGEB urbana,0510,000,812,301,202,275,13.85,415,405
09,Ciudad de México,005,Gustavo A. Madero,0001,Total AGEB urbana,0525,000,1550,351,326,327,11.18,799,790
09,Ciudad de México,005,Gustavo A. Madero,0001,Total AGEB urbana,0559,000,2660,850,348,633,11.97,1341,1309
09,Ciudad de México,005,Gustavo A. Madero,0001,Total AGEB urbana,0563,000,3592,1108,429,823,11.28,1655,1623
09,Ciudad de México,005,Gustavo A. Madero,0001,Total AGEB urbana,0582,000,3163,942,476,755,12.12,1663,1622
09,Ciudad de México,005,Gustavo A. Madero,0001,Total AGEB urbana,0597,000,4646,1309,532,989,11.29,2366,2308
09,Ciudad de México,005,Gustavo A. Madero,0001,Total AGEB urbana,060A,000,1820,585,347,487,13.16,949,920
09,Ciudad de México,005,Gustavo A. Madero,0001,Total AGEB urbana,0614,000,747,299,155,273,14.73,392,383
09,Ciudad de México,005,Gustavo A. Madero,0001,Total AGEB urbana,0629,000,699,278,145,250,15,353,348
09,Ciudad de México,005,Gustavo A. Madero,0001,Total AGEB urbana,0633,000,2691,851,567,756,13.4,1412,1377
09,Ciudad de México,005,Gustavo A. Madero,0001,Total AGEB urbana,0667,000,5490,1542,440,924,9.85,2788,2736
09,Ciudad de México,005,Gustavo A. Madero,0001,Total AGEB urbana,0671,000,5776,1559,439,957,9.94,3119,3034
09,Ciudad de México,005,Gustavo A. Madero,0001,Total AGEB urbana,0703,000,7776,2197,655,1438,10.29,4192,4104
09,Ciudad de México,005,Gustavo A. Madero,0001,Total AGEB urbana,0718,000,0,0,0,0,0.00,0,0
09,Ciudad de México,005,Gustavo A. Madero,0001,Total AGEB urbana,0722,000,3178,1098,881,1005,14.34,1877,1844
09,Ciudad de México,005,Gustavo A. Madero,0001,Total AGEB urbana,0737,000,2901,934,746,880,14.06,1585,1553
09,Ciudad de México,005,Gustavo A. Madero,0001,Total AGEB urbana,0741,000,2303,755,627,695,14.11,1270,1232
09,Ciudad de México,005,Gustavo A. Madero,0001,Total AGEB urbana,0756,000,157,67,58,58,15.87,94,94
09,Ciudad de México,005,Gustavo A. Madero,0001,Total AGEB urbana,0760,000,2709,743,266,535,10.67,1548,1527
09,Ciudad de México,005,Gustavo A. Madero,0001,Total AGEB urbana,0775,000,2175,640,230,453,11.03,1192,1173
09,Ciudad de México,005,Gustavo A. Madero,0001,Total AGEB urbana,078A,000,2384,704,380,596,12.16,1288,1260
09,Ciudad de México,005,Gustavo A. Madero,0001,Total AGEB urbana,0794,000,2712,733,378,557,11.66,1367,1332
09,Ciudad de México,005,Gustavo A. Madero,0001,Total AGEB urbana,0807,000,1554,382,56,150,8.78,793,778
09,Ciudad de México,005,Gustavo A. Madero,0001,Total AGEB urbana,0811,000,4407,1222,330,757,10.05,2238,2173
09,Ciudad de México,005,Gustavo A. Madero,0001,Total AGEB urbana,0826,000,3830,1124,321,723,10.47,2054,1978
09,Ciudad de México,005,Gustavo A. Madero,0001,Total AGEB urbana,0830,000,4501,1294,520,886,10.83,2421,2385
09,Ciudad de México,005,Gustavo A. Madero,0001,Total AGEB urbana,0845,000,7846,2255,711,1480,10.52,4248,4141
09,Ciudad de México,005,Gustavo A. Madero,0001,Total AGEB urbana,085A,000,4357,1223,414,792,10.24,2271,2219
09,Ciudad de México,005,Gustavo A. Madero,0001,Total AGEB urbana,0864,000,5592,1539,567,1041,10.37,2942,2890
09,Ciudad de México,005,Gustavo A. Madero,0001,Total AGEB urbana,0879,000,1856,721,308,579,13.04,978,935
09,Ciudad de México,005,Gustavo A. Madero,0001,Total AGEB urbana,0883,000,766,247,165,220,13.48,441,427
09,Ciudad de México,005,Gustavo A. Madero,0001,Total AGEB urbana,0898,000,1533,586,235,492,13.35,865,848
09,Ciudad de México,005,Gustavo A. Madero,0001,Total AGEB urbana,0900,000,1915,759,362,641,13.49,1048,1028
09,Ciudad de México,005,Gustavo A. Madero,0001,Total AGEB urbana,0915,000,1933,759,357,632,13.35,1084,1035
09,Ciudad de México,005,Gustavo A. Madero,0001,Total AGEB urbana,092A,000,2904,1106,637,974,13.69,1644,1602
09,Ciudad de México,005,Gustavo A. Madero,0001,Total AGEB urbana,0934,000,2566,824,601,748,13.54,1371,1350
09,Ciudad de México,005,Gustavo A. Madero,0001,Total AGEB urbana,0949,000,1842,583,453,526,14.17,998,962
09,Ciudad de México,005,Gustavo A. Madero,0001,Total AGEB urbana,0953,000,1247,588,488,536,14.69,865,858
09,Ciudad de México,005,Gustavo A. Madero,0001,Total AGEB urbana,0968,000,1798,578,492,541,14.44,978,957
09,Ciudad de México,005,Gustavo A. Madero,0001,Total AGEB urbana,0972,000,2989,845,372,585,11.18,1605,1576
09,Ciudad de México,005,Gustavo A. Madero,0001,Total AGEB urbana,0987,000,2773,747,339,534,11.21,1446,1416
09,Ciudad de México,005,Gustavo A. Madero,0001,Total AGEB urbana,0991,000,5676,1495,350,826,9.79,2895,2829
09,Ciudad de México,005,Gustavo A. Madero,0001,Total AGEB urbana,1006,000,4733,1357,481,902,10.96,2566,2511
09,Ciudad de México,005,Gustavo A. Madero,0001,Total AGEB urbana,1025,000,7872,2315,762,1551,10.66,4224,4115
09,Ciudad de México,005,Gustavo A. Madero,0001,Total AGEB urbana,103A,000,4250,1209,435,770,10.65,2256,2175
09,Ciudad de México,005,Gustavo A. Madero,0001,Total AGEB urbana,1044,000,6184,1820,643,1232,10.65,3320,3236
09,Ciudad de México,005,Gustavo A. Madero,0001,Total AGEB urbana,1059,000,3949,1040,359,682,10.3,2058,1996
09,Ciudad de México,005,Gustavo A. Madero,0001,Total AGEB urbana,1063,000,2382,920,466,790,13.89,1368,1337
09,Ciudad de México,005,Gustavo A. Madero,0001,Total AGEB urbana,1078,000,0,0,0,0,0.00,0,0
09,Ciudad de México,005,Gustavo A. Madero,0001,Total AGEB urbana,1082,000,2822,1004,564,847,13.35,1467,1425
09,Ciudad de México,005,Gustavo A. Madero,0001,Total AGEB urbana,1097,000,2433,818,514,697,13.91,1291,1260
09,Ciudad de México,005,Gustavo A. Madero,0001,Total AGEB urbana,110A,000,3057,987,747,902,14.36,1655,1624
09,Ciudad de México,005,Gustavo A. Madero,0001,Total AGEB urbana,1114,000,2112,703,537,648,14.42,1234,1214
09,Ciudad de México,005,Gustavo A. Madero,0001,Total AGEB urbana,1129,000,1745,586,384,509,13.7,990,971
09,Ciudad de México,005,Gustavo A. Madero,0001,Total AGEB urbana,1133,000,6118,1733,525,1220,10.82,3166,3100
09,Ciudad de México,005,Gustavo A. Madero,0001,Total AGEB urbana,1148,000,4353,1286,417,916,10.79,2321,2267
09,Ciudad de México,005,Gustavo A. Madero,0001,Total AGEB urbana,1152,000,3678,991,312,692,10.39,1896,1846
09,Ciudad de México,005,Gustavo A. Madero,0001,Total AGEB urbana,1167,000,5776,1592,279,812,9.31,2988,2924
09,Ciudad de México,005,Gustavo A. Madero,0001,Total AGEB urbana,1171,000,6810,2025,721,1427,11,3571,3468
09,Ciudad de México,005,Gustavo A. Madero,0001,Total AGEB urbana,1186,000,6233,1830,589,1182,10.59,3410,3349
09,Ciudad de México,005,Gustavo A. Madero,0001,Total AGEB urbana,1190,000,4698,1325,491,865,10.5,2574,2524
09,Ciudad de México,005,Gustavo A. Madero,0001,Total AGEB urbana,1203,000,3360,954,338,617,10.48,1804,1779
09,Ciudad de México,005,Gustavo A. Madero,0001,Total AGEB urbana,1218,000,3646,1055,342,612,10.24,2074,2050
09,Ciudad de México,005,Gustavo A. Madero,0001,Total AGEB urbana,1222,000,3836,1131,338,658,10.25,2039,1987
09,Ciudad de México,005,Gustavo A. Madero,0001,Total AGEB urbana,1237,000,2770,940,559,732,12.23,1458,1395
09,Ciudad de México,005,Gustavo A. Madero,0001,Total AGEB urbana,1241,000,61,25,12,20,11.14,33,32
09,Ciudad de México,005,Gustavo A. Madero,0001,Total AGEB urbana,1256,000,1121,399,147,240,11.25,637,630
09,Ciudad de México,005,Gustavo A. Madero,0001,Total AGEB urbana,1260,000,2382,806,388,677,13.08,1306,1288
09,Ciudad de México,005,Gustavo A. Madero,0001,Total AGEB urbana,1275,000,2985,986,437,808,12.84,1749,1711
09,Ciudad de México,005,Gustavo A. Madero,0001,Total AGEB urbana,128A,000,7970,2234,606,1539,10.65,4335,4243
09,Ciudad de México,005,Gustavo A. Madero,0001,Total AGEB urbana,1294,000,7001,2094,581,1404,10.48,3658,3589
09,Ciudad de México,005,Gustavo A. Madero,0001,Total AGEB urbana,1307,000,13176,3857,1306,2927,11.22,7170,7040
09,Ciudad de México,005,Gustavo A. Madero,0001,Total AGEB urbana,1311,000,2212,598,352,474,12.02,1114,1084
09,Ciudad de México,005,Gustavo A. Madero,0001,Total AGEB urbana,1326,000,2602,795,370,586,11.32,1307,1279
09,Ciudad de México,005,Gustavo A. Madero,0001,Total AGEB urbana,1330,000,5138,1542,596,1077,10.62,2827,2763
09,Ciudad de México,005,Gustavo A. Madero,0001,Total AGEB urbana,1345,000,6216,1751,704,1312,10.73,3150,3067
09,Ciudad de México,005,Gustavo A. Madero,0001,Total AGEB urbana,135A,000,6197,1682,613,1102,10.35,3283,3208
09,Ciudad de México,005,Gustavo A. Madero,0001,Total AGEB urbana,1364,000,4742,1320,495,898,10.3,2593,2521
09,Ciudad de México,005,Gustavo A. Madero,0001,Total AGEB urbana,1379,000,5453,1573,623,1128,11.11,2959,2913
09,Ciudad de México,005,Gustavo A. Madero,0001,Total AGEB urbana,1383,000,4092,1208,484,907,11.56,2184,2142
09,Ciudad de México,005,Gustavo A. Madero,0001,Total AGEB urbana,1398,000,3003,839,308,629,11.07,1650,1613
09,Ciudad de México,005,Gustavo A. Madero,0001,Total AGEB urbana,1400,000,4437,1356,349,1003,10.82,2552,2504
09,Ciudad de México,005,Gustavo A. Madero,0001,Total AGEB urbana,1415,000,3347,1121,694,964,13.64,1825,1763
09,Ciudad de México,005,Gustavo A. Madero,0001,Total AGEB urbana,142A,000,2240,777,452,690,13.52,1270,1233
09,Ciudad de México,005,Gustavo A. Madero,0001,Total AGEB urbana,1434,000,1729,539,252,425,12.3,975,959
09,Ciudad de México,005,Gustavo A. Madero,0001,Total AGEB urbana,1449,000,2830,865,402,644,12.31,1575,1541
09,Ciudad de México,005,Gustavo A. Madero,0001,Total AGEB urbana,1453,000,4315,1293,607,1001,11.5,2486,2438
09,Ciudad de México,005,Gustavo A. Madero,0001,Total AGEB urbana,1468,000,3220,926,278,683,10.93,1785,1758
09,Ciudad de México,005,Gustavo A. Madero,0001,Total AGEB urbana,1472,000,2827,866,342,605,11.19,1562,1533
09,Ciudad de México,005,Gustavo A. Madero,0001,Total AGEB urbana,1487,000,2732,829,308,612,11.38,1443,1389
09,Ciudad de México,005,Gustavo A. Madero,0001,Total AGEB urbana,1504,000,1035,282,202,223,12.63,498,487
09,Ciudad de México,005,Gustavo A. Madero,0001,Total AGEB urbana,1523,000,5471,1546,673,1091,11.18,2830,2771
09,Ciudad de México,005,Gustavo A. Madero,0001,Total AGEB urbana,1538,000,4658,1322,473,1054,10.46,2481,2425
09,Ciudad de México,005,Gustavo A. Madero,0001,Total AGEB urbana,1542,000,5144,1333,512,908,10.4,2828,2799
09,Ciudad de México,005,Gustavo A. Madero,0001,Total AGEB urbana,1557,000,3663,1118,504,886,11.8,2040,1986
09,Ciudad de México,005,Gustavo A. Madero,0001,Total AGEB urbana,1561,000,4128,1434,855,1212,13.91,2358,2311
09,Ciudad de México,005,Gustavo A. Madero,0001,Total AGEB urbana,1576,000,4358,1518,906,1293,13.57,2359,2307
09,Ciudad de México,005,Gustavo A. Madero,0001,Total AGEB urbana,1580,000,3199,1086,653,916,13.52,1754,1684
09,Ciudad de México,005,Gustavo A. Madero,0001,Total AGEB urbana,1595,000,3490,1160,672,974,13.35,1975,1921
09,Ciudad de México,005,Gustavo A. Madero,0001,Total AGEB urbana,1608,000,2467,829,494,683,13.4,1316,1275
09,Ciudad de México,005,Gustavo A. Madero,0001,Total AGEB urbana,1612,000,2463,820,430,672,13.1,1369,1341
09,Ciudad de México,005,Gustavo A. Madero,0001,Total AGEB urbana,1627,000,637,221,99,168,12.77,368,365
09,Ciudad de México,005,Gustavo A. Madero,0001,Total AGEB urbana,1631,000,4100,1190,518,880,11.74,2205,2142
09,Ciudad de México,005,Gustavo A. Madero,0001,Total AGEB urbana,1646,000,7,4,*,*,8.14,7,7
09,Ciudad de México,005,Gustavo A. Madero,0001,Total AGEB urbana,1650,000,7789,2924,1826,2595,14.05,4507,4396
09,Ciudad de México,005,Gustavo A. Madero,0001,Total AGEB urbana,1665,000,4977,1455,578,1018,11.32,2580,2464
09,Ciudad de México,005,Gustavo A. Madero,0001,Total AGEB urbana,167A,000,7456,2136,821,1458,10.87,3957,3864
09,Ciudad de México,005,Gustavo A. Madero,0001,Total AGEB urbana,1684,000,4341,1260,493,878,10.69,2358,2312
09,Ciudad de México,005,Gustavo A. Madero,0001,Total AGEB urbana,1699,000,3550,900,365,591,10.35,1812,1739
09,Ciudad de México,005,Gustavo A. Madero,0001,Total AGEB urbana,1701,000,3544,886,294,543,9.85,1921,1877
09,Ciudad de México,005,Gustavo A. Madero,0001,Total AGEB urbana,1716,000,3589,973,388,700,10.8,1783,1727
09,Ciudad de México,005,Gustavo A. Madero,0001,Total AGEB urbana,1720,000,3006,1018,451,738,12.07,1743,1702
09,Ciudad de México,005,Gustavo A. Madero,0001,Total AGEB urbana,1735,000,5876,1946,704,1447,11.73,3341,3252
09,Ciudad de México,005,Gustavo A. Madero,0001,Total AGEB urbana,174A,000,5034,1598,541,1160,11.21,2853,2812
09,Ciudad de México,005,Gustavo A. Madero,0001,Total AGEB urbana,1754,000,5282,1714,666,1275,11.72,2881,2782
09,Ciudad de México,005,Gustavo A. Madero,0001,Total AGEB urbana,1769,000,5556,1675,582,1192,11.35,3008,2925
09,Ciudad de México,005,Gustavo A. Madero,0001,Total AGEB urbana,1773,000,4611,1514,561,1139,11.87,2577,2510
09,Ciudad de México,005,Gustavo A. Madero,0001,Total AGEB urbana,1788,000,3082,970,599,804,13.26,1632,1583
09,Ciudad de México,005,Gustavo A. Madero,0001,Total AGEB urbana,1792,000,2749,886,534,752,13.4,1522,1465
09,Ciudad de México,005,Gustavo A. Madero,0001,Total AGEB urbana,1805,000,3937,1450,1023,1336,13.68,2345,2299
09,Ciudad de México,005,Gustavo A. Madero,0001,Total AGEB urbana,181A,000,3787,1319,749,1114,13.29,2144,2094
09,Ciudad de México,005,Gustavo A. Madero,0001,Total AGEB urbana,1824,000,3291,1130,593,936,13.09,1899,1836
09,Ciudad de México,005,Gustavo A. Madero,0001,Total AGEB urbana,1839,000,4354,1355,580,1025,11.86,2439,2358
09,Ciudad de México,005,Gustavo A. Madero,0001,Total AGEB urbana,1843,000,3934,1146,576,913,12.2,2127,2066
09,Ciudad de México,005,Gustavo A. Madero,0001,Total AGEB urbana,1858,000,2052,624,289,470,11.78,1136,1127
09,Ciudad de México,005,Gustavo A. Madero,0001,Total AGEB urbana,1862,000,3806,1087,514,844,11.71,2088,2020
09,Ciudad de México,005,Gustavo A. Madero,0001,Total AGEB urbana,1877,000,2646,766,323,542,11.44,1429,1381
09,Ciudad de México,005,Gustavo A. Madero,0001,Total AGEB urbana,1881,000,2455,715,304,520,11.33,1394,1368
09,Ciudad de México,005,Gustavo A. Madero,0001,Total AGEB urbana,1896,000,4486,1405,966,1181,13.31,2412,2332
09,Ciudad de México,005,Gustavo A. Madero,0001,Total AGEB urbana,1909,000,6163,1805,762,1311,11.53,3298,3207
09,Ciudad de México,005,Gustavo A. Madero,0001,Total AGEB urbana,1913,000,6882,1994,755,1366,11.04,3575,3485
09,Ciudad de México,005,Gustavo A. Madero,0001,Total AGEB urbana,1928,000,14,2,*,*,*,*,*
09,Ciudad de México,005,Gustavo A. Madero,0001,Total AGEB urbana,1932,000,3949,1128,484,838,11.01,2115,2050
09,Ciudad de México,005,Gustavo A. Madero,0001,Total AGEB urbana,1951,000,2954,804,302,555,10.89,1529,1497
09,Ciudad de México,005,Gustavo A. Madero,0001,Total AGEB urbana,1970,000,5898,1362,568,993,10.56,3157,3069
09,Ciudad de México,005,Gustavo A. Madero,0001,Total AGEB urbana,1985,000,6515,1621,711,1188,10.6,3501,3446
09,Ciudad de México,005,Gustavo A. Madero,0001,Total AGEB urbana,199A,000,4250,1201,813,1019,12.32,2151,2091
09,Ciudad de México,005,Gustavo A. Madero,0001,Total AGEB urbana,2004,000,2711,775,507,653,12.66,1391,1360
09,Ciudad de México,005,Gustavo A. Madero,0001,Total AGEB urbana,2019,000,4307,1134,480,854,11.06,2106,2034
09,Ciudad de México,005,Gustavo A. Madero,0001,Total AGEB urbana,2023,000,4433,1237,606,979,11.62,2253,2191
09,Ciudad de México,005,Gustavo A. Madero,0001,Total AGEB urbana,2038,000,3222,1005,688,868,13.01,1645,1604
09,Ciudad de México,005,Gustavo A. Madero,0001,Total AGEB urbana,2042,000,3604,1030,605,833,11.85,1864,1792
09,Ciudad de México,005,Gustavo A. Madero,0001,Total AGEB urbana,2057,000,2694,805,358,590,11.75,1663,1634
09,Ciudad de México,005,Gustavo A. Madero,0001,Total AGEB urbana,2061,000,3153,917,363,687,11.6,1665,1627
09,Ciudad de México,005,Gustavo A. Madero,0001,Total AGEB urbana,2076,000,2946,865,376,639,11.74,1513,1468
09,Ciudad de México,005,Gustavo A. Madero,0001,Total AGEB urbana,2080,000,2148,648,269,440,11.32,1077,1042
09,Ciudad de México,005,Gustavo A. Madero,0001,Total AGEB urbana,2095,000,4036,1130,466,780,11.17,2172,2125
09,Ciudad de México,005,Gustavo A. Madero,0001,Total AGEB urbana,2108,000,3677,1072,487,799,11.61,1954,1930
09,Ciudad de México,005,Gustavo A. Madero,0001,Total AGEB urbana,2112,000,384,116,18,53,10.3,207,191
09,Ciudad de México,005,Gustavo A. Madero,0001,Total AGEB urbana,2127,000,6630,1825,706,1219,10.78,3513,3425
09,Ciudad de México,005,Gustavo A. Madero,0001,Total AGEB urbana,2131,000,4822,1289,450,933,10.61,2512,2464
09,Ciudad de México,005,Gustavo A. Madero,0001,Total AGEB urbana,2146,000,2810,765,462,618,11.83,1462,1431
09,Ciudad de México,005,Gustavo A. Madero,0001,Total AGEB urbana,2150,000,3106,836,459,661,11.63,1642,1607
09,Ciudad de México,005,Gustavo A. Madero,0001,Total AGEB urbana,2165,000,1009,239,110,176,11.16,518,508
09,Ciudad de México,005,Gustavo A. Madero,0001,Total AGEB urbana,217A,000,4413,1356,667,945,11.81,2690,2653
09,Ciudad de México,005,Gustavo A. Madero,0001,Total AGEB urbana,2184,000,2870,877,402,635,11.92,1456,1421
09,Ciudad de México,005,Gustavo A. Madero,0001,Total AGEB urbana,2199,000,3485,1058,468,808,11.82,1970,1933
09,Ciudad de México,005,Gustavo A. Madero,0001,Total AGEB urbana,2201,000,4422,1269,477,941,11.26,2411,2364
09,Ciudad de México,005,Gustavo A. Madero,0001,Total AGEB urbana,2216,000,3197,991,404,712,11.36,1662,1624
09,Ciudad de México,005,Gustavo A. Madero,0001,Total AGEB urbana,2220,000,5296,1430,548,1042,10.71,3144,3074
09,Ciudad de México,005,Gustavo A. Madero,0001,Total AGEB urbana,2235,000,3997,1061,554,789,11.7,2137,2062
09,Ciudad de México,005,Gustavo A. Madero,0001,Total AGEB urbana,224A,000,3517,930,480,733,11.5,1767,1738
09,Ciudad de México,005,Gustavo A. Madero,0001,Total AGEB urbana,2254,000,3267,844,534,703,11.65,1656,1611
09,Ciudad de México,005,Gustavo A. Madero,0001,Total AGEB urbana,2269,000,2773,732,384,566,11.51,1391,1368
09,Ciudad de México,005,Gustavo A. Madero,0001,Total AGEB urbana,2273,000,5032,1432,624,1084,11.61,2753,2697
09,Ciudad de México,005,Gustavo A. Madero,0001,Total AGEB urbana,2288,000,7055,2041,750,1413,11,3833,3715
09,Ciudad de México,005,Gustavo A. Madero,0001,Total AGEB urbana,2292,000,4245,1175,490,855,11.23,2318,2230
09,Ciudad de México,005,Gustavo A. Madero,0001,Total AGEB urbana,2305,000,3614,955,354,685,10.82,1953,1895
09,Ciudad de México,005,Gustavo A. Madero,0001,Total AGEB urbana,231A,000,3306,936,540,745,11.87,1766,1719
09,Ciudad de México,005,Gustavo A. Madero,0001,Total AGEB urbana,2324,000,2997,769,452,623,12.09,1482,1445
09,Ciudad de México,005,Gustavo A. Madero,0001,Total AGEB urbana,2339,000,751,193,105,158,11.42,407,391
09,Ciudad de México,005,Gustavo A. Madero,0001,Total AGEB urbana,2343,000,3588,1002,608,809,12.23,1875,1811
09,Ciudad de México,005,Gustavo A. Madero,0001,Total AGEB urbana,2358,000,1767,491,248,374,11.5,870,846
09,Ciudad de México,005,Gustavo A. Madero,0001,Total AGEB urbana,2362,000,2422,713,505,594,13.21,1201,1173
09,Ciudad de México,005,Gustavo A. Madero,0001,Total AGEB urbana,2377,000,2986,885,634,729,12.81,1455,1406
09,Ciudad de México,005,Gustavo A. Madero,0001,Total AGEB urbana,2381,000,2918,750,384,573,11.42,1552,1502
09,Ciudad de México,005,Gustavo A. Madero,0001,Total AGEB urbana,2396,000,3449,938,479,739,11.43,1888,1843
09,Ciudad de México,005,Gustavo A. Madero,0001,Total AGEB urbana,2409,000,3728,1054,700,900,12.69,1771,1694
09,Ciudad de México,005,Gustavo A. Madero,0001,Total AGEB urbana,2428,000,2407,644,352,499,11.37,1283,1254
09,Ciudad de México,005,Gustavo A. Madero,0001,Total AGEB urbana,2432,000,2660,784,521,660,12.79,1309,1255
09,Ciudad de México,005,Gustavo A. Madero,0001,Total AGEB urbana,2447,000,2642,763,519,637,12.92,1277,1230
09,Ciudad de México,005,Gustavo A. Madero,0001,Total AGEB urbana,2451,000,3246,971,468,786,12.05,1680,1629
09,Ciudad de México,005,Gustavo A. Madero,0001,Total AGEB urbana,2466,000,3163,922,463,723,11.91,1666,1626
09,Ciudad de México,005,Gustavo A. Madero,0001,Total AGEB urbana,2470,000,5374,1452,623,1032,11.13,2776,2690
09,Ciudad de México,005,Gustavo A. Madero,0001,Total AGEB urbana,2485,000,6176,1692,677,1223,10.87,3389,3309
09,Ciudad de México,005,Gustavo A. Madero,0001,Total AGEB urbana,2536,000,1867,498,167,324,9.11,883,860
09,Ciudad de México,005,Gustavo A. Madero,0001,Total AGEB urbana,2574,000,3313,860,158,444,8.66,1518,1458
09,Ciudad de México,005,Gustavo A. Madero,0001,Total AGEB urbana,2593,000,5726,1581,392,902,8.94,2754,2697
09,Ciudad de México,005,Gustavo A. Madero,0001,Total AGEB urbana,2606,000,3240,871,299,528,9.4,1548,1510
09,Ciudad de México,005,Gustavo A. Madero,0001,Total AGEB urbana,2610,000,7326,1957,669,1226,9.42,3546,3456
09,Ciudad de México,005,Gustavo A. Madero,0001,Total AGEB urbana,2625,000,7116,1908,623,1153,9.62,3565,3492
09,Ciudad de México,005,Gustavo A. Madero,0001,Total AGEB urbana,263A,000,2465,730,321,564,11.8,1277,1238
09,Ciudad de México,005,Gustavo A. Madero,0001,Total AGEB urbana,2644,000,2242,628,333,502,12.05,1178,1145
09,Ciudad de México,005,Gustavo A. Madero,0001,Total AGEB urbana,2659,000,2132,637,347,523,12.12,1120,1091
09,Ciudad de México,005,Gustavo A. Madero,0001,Total AGEB urbana,2663,000,2595,797,358,660,11.67,1443,1414
09,Ciudad de México,005,Gustavo A. Madero,0001,Total AGEB urbana,2678,000,2434,724,357,594,11.83,1345,1316
09,Ciudad de México,005,Gustavo A. Madero,0001,Total AGEB urbana,2682,000,5028,1417,450,944,10.51,2721,2654
09,Ciudad de México,005,Gustavo A. Madero,0001,Total AGEB urbana,2697,000,2999,886,451,706,11.67,1692,1657
09,Ciudad de México,005,Gustavo A. Madero,0001,Total AGEB urbana,270A,000,2602,704,345,561,11.34,1262,1210
09,Ciudad de México,005,Gustavo A. Madero,0001,Total AGEB urbana,2714,000,2630,718,311,538,11.15,1381,1346
09,Ciudad de México,005,Gustavo A. Madero,0001,Total AGEB urbana,2729,000,4496,1353,469,728,9.89,2272,2247
09,Ciudad de México,005,Gustavo A. Madero,0001,Total AGEB urbana,2733,000,3894,1055,386,645,10.2,1949,1877
09,Ciudad de México,005,Gustavo A. Madero,0001,Total AGEB urbana,2748,000,3855,1032,351,635,9.71,2015,1967
09,Ciudad de México,005,Gustavo A. Madero,0001,Total AGEB urbana,2752,000,4278,1144,369,802,9.55,2054,2020
09,Ciudad de México,005,Gustavo A. Madero,0001,Total AGEB urbana,2767,000,5406,1390,388,856,9.32,2545,2492
09,Ciudad de México,005,Gustavo A. Madero,0001,Total AGEB urbana,2771,000,5099,1377,345,782,9.2,2382,2315
09,Ciudad de México,005,Gustavo A. Madero,0001,Total AGEB urbana,2786,000,2091,579,414,488,12.7,1108,1071
09,Ciudad de México,005,Gustavo A. Madero,0001,Total AGEB urbana,2790,000,3663,1061,444,780,11.26,1858,1810
09,Ciudad de México,005,Gustavo A. Madero,0001,Total AGEB urbana,2803,000,4272,1246,501,851,11.05,2141,2074
09,Ciudad de México,005,Gustavo A. Madero,0001,Total AGEB urbana,2822,000,3802,965,402,682,10.58,1983,1925
09,Ciudad de México,005,Gustavo A. Madero,0001,Total AGEB urbana,2837,000,3315,870,185,511,9.23,1657,1616
09,Ciudad de México,005,Gustavo A. Madero,0001,Total AGEB urbana,2841,000,2417,654,125,400,9.2,1173,1112
09,Ciudad de México,005,Gustavo A. Madero,0001,Total AGEB urbana,2856,000,4890,1498,740,1215,12.3,2697,2600
09,Ciudad de México,005,Gustavo A. Madero,0001,Total AGEB urbana,2860,000,4900,1586,787,1328,12.5,2629,2563
09,Ciudad de México,005,Gustavo A. Madero,0001,Total AGEB urbana,2875,000,2195,723,572,671,14.46,1064,1024
09,Ciudad de México,005,Gustavo A. Madero,0001,Total AGEB urbana,288A,000,1702,486,259,370,11.64,913,887
09,Ciudad de México,005,Gustavo A. Madero,0001,Total AGEB urbana,2894,000,2140,637,314,498,11.85,1035,991
09,Ciudad de México,005,Gustavo A. Madero,0001,Total AGEB urbana,2907,000,5111,1589,800,1230,12.03,2838,2758
09,Ciudad de México,005,Gustavo A. Madero,0001,Total AGEB urbana,2930,000,4364,1278,513,949,11.15,2321,2252
09,Ciudad de México,005,Gustavo A. Madero,0001,Total AGEB urbana,2945,000,4598,1282,508,953,10.86,2373,2336
09,Ciudad de México,005,Gustavo A. Madero,0001,Total AGEB urbana,295A,000,4267,1206,467,895,10.86,2350,2283
09,Ciudad de México,005,Gustavo A. Madero,0001,Total AGEB urbana,2964,000,4888,1319,320,725,9.01,2213,2139
09,Ciudad de México,005,Gustavo A. Madero,0001,Total AGEB urbana,2979,000,5544,1457,386,862,9.31,2734,2643
09,Ciudad de México,005,Gustavo A. Madero,0001,Total AGEB urbana,2983,000,3377,910,223,469,9.02,1546,1510
09,Ciudad de México,005,Gustavo A. Madero,0001,Total AGEB urbana,2998,000,4749,1243,333,665,9.12,2401,2357
09,Ciudad de México,005,Gustavo A. Madero,0001,Total AGEB urbana,3017,000,1925,479,137,271,8.83,938,900
09,Ciudad de México,005,Gustavo A. Madero,0001,Total AGEB urbana,3055,000,2876,823,321,588,11.32,1532,1512
09,Ciudad de México,005,Gustavo A. Madero,0001,Total AGEB urbana,306A,000,2899,707,168,466,10.05,1508,1453
09,Ciudad de México,005,Gustavo A. Madero,0001,Total AGEB urbana,3074,000,2060,544,195,398,10.92,1038,1010
09,Ciudad de México,005,Gustavo A. Madero,0001,Total AGEB urbana,3089,000,8133,2264,919,1536,10.26,4174,4109
09,Ciudad de México,005,Gustavo A. Madero,0001,Total AGEB urbana,3093,000,12036,3167,1364,2241,10.46,6313,6189
09,Ciudad de México,005,Gustavo A. Madero,0001,Total AGEB urbana,3110,000,1574,519,161,433,11.56,808,785
09,Ciudad de México,005,Gustavo A. Madero,0001,Total AGEB urbana,3125,000,3029,831,471,727,11.83,1387,1359
09,Ciudad de México,005,Gustavo A. Madero,0001,Total AGEB urbana,313A,000,1484,530,309,510,14.47,718,696
09,Ciudad de México,005,Gustavo A. Madero,0001,Total AGEB urbana,3144,000,4023,1060,320,645,9.86,2112,2066
09,Ciudad de México,005,Gustavo A. Madero,0001,Total AGEB urbana,3159,000,4982,1299,441,820,10.3,2666,2583
09,Ciudad de México,005,Gustavo A. Madero,0001,Total AGEB urbana,3163,000,1911,528,151,370,10.47,1055,1038
09,Ciudad de México,005,Gustavo A. Madero,0001,Total AGEB urbana,3178,000,1870,575,206,417,11.05,982,962
09,Ciudad de México,005,Gustavo A. Madero,0001,Total AGEB urbana,3182,000,2221,757,264,522,11.47,1253,1229
09,Ciudad de México,005,Gustavo A. Madero,0001,Total AGEB urbana,3197,000,5244,1602,543,1150,10.83,2908,2808
09,Ciudad de México,005,Gustavo A. Madero,0001,Total AGEB urbana,320A,000,1993,626,305,489,12.07,1160,1144
09,Ciudad de México,005,Gustavo A. Madero,0001,Total AGEB urbana,3214,000,5814,1563,414,895,8.89,2945,2887
09,Ciudad de México,005,Gustavo A. Madero,0001,Total AGEB urbana,3229,000,3544,903,157,471,8.55,1722,1682
09,Ciudad de México,005,Gustavo A. Madero,0001,Total AGEB urbana,3233,000,6414,1625,487,971,9.39,3224,3151
09,Ciudad de México,005,Gustavo A. Madero,0001,Total AGEB urbana,3248,000,5663,1610,523,929,9.28,2868,2811
09,Ciudad de México,005,Gustavo A. Madero,0001,Total AGEB urbana,3252,000,6248,1734,541,1082,9.77,3124,3065
09,Ciudad de México,005,Gustavo A. Madero,0001,Total AGEB urbana,3267,000,3857,933,232,562,8.9,1791,1740
09,Ciudad de México,005,Gustavo A. Madero,0001,Total AGEB urbana,3271,000,4264,1218,433,792,9.9,2131,2083
09,Ciudad de México,005,Gustavo A. Madero,0001,Total AGEB urbana,3286,000,3236,870,269,544,9.02,1679,1650
09,Ciudad de México,005,Gustavo A. Madero,0001,Total AGEB urbana,3290,000,4654,1291,471,895,11.06,2333,2236
09,Ciudad de México,005,Gustavo A. Madero,0001,Total AGEB urbana,3303,000,1861,535,206,389,10.86,992,964
09,Ciudad de México,005,Gustavo A. Madero,0001,Total AGEB urbana,3318,000,4304,1149,274,643,8.76,2284,2234
09,Ciudad de México,005,Gustavo A. Madero,0001,Total AGEB urbana,3322,000,4420,1228,327,683,9.02,2335,2290
09,Ciudad de México,005,Gustavo A. Madero,0001,Total AGEB urbana,3337,000,3043,941,347,732,11.64,1743,1690
09,Ciudad de México,005,Gustavo A. Madero,0001,Total AGEB urbana,3341,000,2343,641,280,489,11.72,1279,1260
09,Ciudad de México,005,Gustavo A. Madero,0001,Total AGEB urbana,3356,000,1096,358,224,316,13.79,547,541
09,Ciudad de México,005,Gustavo A. Madero,0001,Total AGEB urbana,3360,000,4725,1316,379,847,10.48,2394,2336
09,Ciudad de México,005,Gustavo A. Madero,0001,Total AGEB urbana,3375,000,1196,351,239,293,12.38,666,652
09,Ciudad de México,005,Gustavo A. Madero,0001,Total AGEB urbana,338A,000,2997,1024,797,941,13.91,1704,1671
09,Ciudad de México,005,Gustavo A. Madero,0001,Total AGEB urbana,3394,000,2891,821,422,686,11.87,1551,1506
09,Ciudad de México,005,Gustavo A. Madero,0001,Total AGEB urbana,3407,000,8413,2891,1608,2586,13.37,4812,4724
09,Ciudad de México,005,Gustavo A. Madero,0001,Total AGEB urbana,3411,000,5806,1519,278,822,8.62,3002,2936
09,Ciudad de México,005,Gustavo A. Madero,0001,Total AGEB urbana,3426,000,2443,609,90,379,8.73,1197,1156
09,Ciudad de México,005,Gustavo A. Madero,0001,Total AGEB urbana,3430,000,4345,1189,237,597,8.7,2101,2040
09,Ciudad de México,005,Gustavo A. Madero,0001,Total AGEB urbana,3445,000,4319,1107,264,592,8.75,2107,2062
09,Ciudad de México,006,Iztacalco,0001,Total AGEB urbana,001A,000,6014,1888,937,1511,12.13,3415,3323
09,Ciudad de México,006,Iztacalco,0001,Total AGEB urbana,0024,000,5155,1606,693,1225,11.51,2970,2904
09,Ciudad de México,006,Iztacalco,0001,Total AGEB urbana,0039,000,4548,1221,463,894,10.58,2339,2260
09,Ciudad de México,006,Iztacalco,0001,Total AGEB urbana,0043,000,5255,1533,662,1166,11.55,2817,2763
09,Ciudad de México,006,Iztacalco,0001,Total AGEB urbana,0058,000,3919,1208,532,969,11.57,2184,2123
09,Ciudad de México,006,Iztacalco,0001,Total AGEB urbana,0077,000,4527,1348,578,991,11.47,2554,2458
09,Ciudad de México,006,Iztacalco,0001,Total AGEB urbana,0081,000,7404,2215,1209,1844,12.31,4218,4129
09,Ciudad de México,006,Iztacalco,0001,Total AGEB urbana,0096,000,8297,2635,1275,2109,12.06,4819,4703
09,Ciudad de México,006,Iztacalco,0001,Total AGEB urbana,0109,000,6369,1961,879,1462,11.4,3631,3558
09,Ciudad de México,006,Iztacalco,0001,Total AGEB urbana,0128,000,5499,1625,655,1280,11.66,3100,3032
09,Ciudad de México,006,Iztacalco,0001,Total AGEB urbana,0132,000,4303,1341,596,981,11.4,2491,2437
09,Ciudad de México,006,Iztacalco,0001,Total AGEB urbana,0147,000,0,0,0,0,0.00,0,0
09,Ciudad de México,006,Iztacalco,0001,Total AGEB urbana,0151,000,0,0,0,0,0.00,0,0
09,Ciudad de México,006,Iztacalco,0001,Total AGEB urbana,0166,000,2473,761,281,509,11.24,1404,1362
09,Ciudad de México,006,Iztacalco,0001,Total AGEB urbana,0170,000,2014,570,265,420,10.81,1054,1030
09,Ciudad de México,006,Iztacalco,0001,Total AGEB urbana,0185,000,10395,3446,1989,2915,12.73,5938,5816
09,Ciudad de México,006,Iztacalco,0001,Total AGEB urbana,019A,000,2185,663,325,488,11.71,1190,1166
09,Ciudad de México,006,Iztacalco,0001,Total AGEB urbana,0202,000,5819,1691,838,1302,11.64,3107,3053
09,Ciudad de México,006,Iztacalco,0001,Total AGEB urbana,0217,000,7652,2305,1129,1893,11.81,4164,4038
09,Ciudad de México,006,Iztacalco,0001,Total AGEB urbana,0221,000,6103,2081,947,1772,12.46,3721,3650
09,Ciudad de México,006,Iztacalco,0001,Total AGEB urbana,0236,000,4221,1455,803,1272,13.22,2374,2301
09,Ciudad de México,006,Iztacalco,0001,Total AGEB urbana,0240,000,2790,988,464,833,12.71,1657,1611
09,Ciudad de México,006,Iztacalco,0001,Total AGEB urbana,0255,000,7139,2132,837,1645,11.23,4285,4172
09,Ciudad de México,006,Iztacalco,0001,Total AGEB urbana,026A,000,3997,1218,455,946,11.34,2369,2311
09,Ciudad de México,006,Iztacalco,0001,Total AGEB urbana,0274,000,4869,1504,538,1076,11.15,2673,2650
09,Ciudad de México,006,Iztacalco,0001,Total AGEB urbana,0289,000,1038,409,292,352,13.53,537,527
09,Ciudad de México,006,Iztacalco,0001,Total AGEB urbana,0293,000,5556,1662,714,1225,11.41,3299,3243
09,Ciudad de México,006,Iztacalco,0001,Total AGEB urbana,0310,000,9912,3104,1505,2469,11.83,5700,5584
09,Ciudad de México,006,Iztacalco,0001,Total AGEB urbana,0325,000,4283,1283,539,948,11.49,2237,2172
09,Ciudad de México,006,Iztacalco,0001,Total AGEB urbana,033A,000,4787,1440,706,1124,11.89,2630,2580
09,Ciudad de México,006,Iztacalco,0001,Total AGEB urbana,0344,000,3910,1211,515,903,11.41,2128,2083
09,Ciudad de México,006,Iztacalco,0001,Total AGEB urbana,0359,000,6468,1859,899,1443,11.59,3403,3288
09,Ciudad de México,006,Iztacalco,0001,Total AGEB urbana,0363,000,5344,1502,582,1066,11.21,3029,2940
09,Ciudad de México,006,Iztacalco,0001,Total AGEB urbana,0378,000,2360,714,302,567,11.4,1382,1357
09,Ciudad de México,006,Iztacalco,0001,Total AGEB urbana,0382,000,2840,935,342,679,11.62,1651,1621
09,Ciudad de México,006,Iztacalco,0001,Total AGEB urbana,0397,000,7901,2257,837,1637,10.99,4578,4478
09,Ciudad de México,006,Iztacalco,0001,Total AGEB urbana,0414,000,3190,893,349,661,10.94,1863,1826
09,Ciudad de México,006,Iztacalco,0001,Total AGEB urbana,0429,000,2593,732,316,561,11.48,1421,1384
09,Ciudad de México,006,Iztacalco,0001,Total AGEB urbana,0433,000,2737,750,298,564,11.12,1526,1492
09,Ciudad de México,006,Iztacalco,0001,Total AGEB urbana,0448,000,2579,684,294,523,10.98,1411,1376
09,Ciudad de México,006,Iztacalco,0001,Total AGEB urbana,0452,000,1986,571,229,409,11.29,1131,1094
09,Ciudad de México,006,Iztacalco,0001,Total AGEB urbana,0467,000,20,4,0,0,9.93,10,10
09,Ciudad de México,006,Iztacalco,0001,Total AGEB urbana,0471,000,3513,888,331,676,10.81,1882,1825
09,Ciudad de México,006,Iztacalco,0001,Total AGEB urbana,0486,000,1631,447,201,318,11.09,899,887
09,Ciudad de México,006,Iztacalco,0001,Total AGEB urbana,0490,000,3843,1006,447,753,11.07,2093,2055
09,Ciudad de México,006,Iztacalco,0001,Total AGEB urbana,0503,000,4722,1360,499,963,11.12,2591,2531
09,Ciudad de México,006,Iztacalco,0001,Total AGEB urbana,0518,000,5337,1645,719,1231,11.49,2870,2819
09,Ciudad de México,006,Iztacalco,0001,Total AGEB urbana,0522,000,3376,983,434,734,11.55,1760,1713
09,Ciudad de México,006,Iztacalco,0001,Total AGEB urbana,0537,000,4131,1180,445,856,11.06,2245,2168
09,Ciudad de México,006,Iztacalco,0001,Total AGEB urbana,0541,000,3564,1028,446,774,11.33,1831,1802
09,Ciudad de México,006,Iztacalco,0001,Total AGEB urbana,0556,000,4808,1288,593,990,11.42,2621,2553
09,Ciudad de México,006,Iztacalco,0001,Total AGEB urbana,0575,000,6876,1915,716,1339,10.78,3715,3626
09,Ciudad de México,006,Iztacalco,0001,Total AGEB urbana,058A,000,4801,1255,412,955,10.51,2709,2644
09,Ciudad de México,006,Iztacalco,0001,Total AGEB urbana,0594,000,2900,749,254,548,10.26,1590,1557
09,Ciudad de México,006,Iztacalco,0001,Total AGEB urbana,0607,000,7114,2000,768,1429,10.95,3893,3784
09,Ciudad de México,006,Iztacalco,0001,Total AGEB urbana,0611,000,5465,1513,633,1070,10.93,2872,2796
09,Ciudad de México,006,Iztacalco,0001,Total AGEB urbana,0626,000,1985,497,149,378,10.34,1025,993
09,Ciudad de México,006,Iztacalco,0001,Total AGEB urbana,0630,000,2680,724,281,524,10.97,1446,1396
09,Ciudad de México,006,Iztacalco,0001,Total AGEB urbana,0645,000,2127,562,220,435,10.99,1128,1109
09,Ciudad de México,006,Iztacalco,0001,Total AGEB urbana,065A,000,2015,519,226,394,10.82,1091,1066
09,Ciudad de México,006,Iztacalco,0001,Total AGEB urbana,0664,000,3851,1091,594,922,11.92,2063,2012
09,Ciudad de México,006,Iztacalco,0001,Total AGEB urbana,0679,000,2575,707,260,488,11.15,1354,1318
09,Ciudad de México,006,Iztacalco,0001,Total AGEB urbana,0683,000,4346,1191,475,855,10.65,2434,2359
09,Ciudad de México,006,Iztacalco,0001,Total AGEB urbana,0698,000,3033,812,256,581,10.57,1633,1588
09,Ciudad de México,006,Iztacalco,0001,Total AGEB urbana,0700,000,3686,932,336,673,10.33,1892,1835
09,Ciudad de México,006,Iztacalco,0001,Total AGEB urbana,0715,000,2275,607,229,450,10.92,1311,1273
09,Ciudad de México,006,Iztacalco,0001,Total AGEB urbana,072A,000,2520,618,265,459,10.87,1362,1354
09,Ciudad de México,006,Iztacalco,0001,Total AGEB urbana,0734,000,2950,798,277,553,10.65,1683,1644
09,Ciudad de México,006,Iztacalco,0001,Total AGEB urbana,0749,000,2692,895,620,794,13.81,1524,1475
09,Ciudad de México,006,Iztacalco,0001,Total AGEB urbana,0753,000,2113,626,382,521,12.33,1157,1135
09,Ciudad de México,006,Iztacalco,0001,Total AGEB urbana,0768,000,2016,566,260,422,11.51,1119,1103
09,Ciudad de México,006,Iztacalco,0001,Total AGEB urbana,0772,000,1971,649,353,540,12.85,1048,998
09,Ciudad de México,006,Iztacalco,0001,Total AGEB urbana,0787,000,4868,1244,436,885,10.94,2645,2560
09,Ciudad de México,006,Iztacalco,0001,Total AGEB urbana,0791,000,1795,488,226,369,11.45,996,968
09,Ciudad de México,006,Iztacalco,0001,Total AGEB urbana,0804,000,4824,882,362,666,10.08,2628,2556
09,Ciudad de México,006,Iztacalco,0001,Total AGEB urbana,0823,000,3361,955,464,778,11.63,1741,1680
09,Ciudad de México,006,Iztacalco,0001,Total AGEB urbana,0838,000,2924,849,408,682,11.49,1805,1769
09,Ciudad de México,006,Iztacalco,0001,Total AGEB urbana,0842,000,2068,619,315,526,11.86,1059,1026
09,Ciudad de México,006,Iztacalco,0001,Total AGEB urbana,0876,000,1859,595,478,526,14.15,1008,982
09,Ciudad de México,006,Iztacalco,0001,Total AGEB urbana,0880,000,1783,581,461,518,14.33,1005,991
09,Ciudad de México,006,Iztacalco,0001,Total AGEB urbana,0895,000,2428,746,588,658,13.8,1254,1196
09,Ciudad de México,006,Iztacalco,0001,Total AGEB urbana,0908,000,1288,417,244,365,13.15,731,711
09,Ciudad de México,006,Iztacalco,0001,Total AGEB urbana,0927,000,2727,790,300,612,10.94,1447,1399
09,Ciudad de México,006,Iztacalco,0001,Total AGEB urbana,0931,000,2852,904,388,714,11.33,1514,1485
09,Ciudad de México,006,Iztacalco,0001,Total AGEB urbana,0946,000,2334,732,378,600,12.04,1212,1166
09,Ciudad de México,006,Iztacalco,0001,Total AGEB urbana,0950,000,2296,783,591,692,13.9,1252,1227
09,Ciudad de México,006,Iztacalco,0001,Total AGEB urbana,0965,000,1629,551,406,497,13.87,914,893
09,Ciudad de México,006,Iztacalco,0001,Total AGEB urbana,097A,000,1528,491,381,438,13.91,822,793
09,Ciudad de México,006,Iztacalco,0001,Total AGEB urbana,0984,000,1628,561,416,491,13.76,876,848
09,Ciudad de México,006,Iztacalco,0001,Total AGEB urbana,0999,000,928,265,133,214,11.76,518,493
09,Ciudad de México,006,Iztacalco,0001,Total AGEB urbana,1003,000,2550,741,365,588,11.64,1426,1410
09,Ciudad de México,006,Iztacalco,0001,Total AGEB urbana,1018,000,2119,572,204,442,10.62,1144,1106
09,Ciudad de México,006,Iztacalco,0001,Total AGEB urbana,1022,000,2024,541,243,429,11.73,1100,1073
09,Ciudad de México,006,Iztacalco,0001,Total AGEB urbana,1037,000,2212,444,197,347,10.68,1340,1310
09,Ciudad de México,006,Iztacalco,0001,Total AGEB urbana,1041,000,4529,968,397,715,10.43,2434,2376
09,Ciudad de México,006,Iztacalco,0001,Total AGEB urbana,1056,000,4258,1062,355,754,10.35,2382,2344
09,Ciudad de México,006,Iztacalco,0001,Total AGEB urbana,1060,000,3704,906,320,651,10.43,1956,1896
09,Ciudad de México,006,Iztacalco,0001,Total AGEB urbana,1075,000,2887,575,285,459,10.79,1633,1604
09,Ciudad de México,006,Iztacalco,0001,Total AGEB urbana,108A,000,4564,1027,341,668,10.03,2536,2493
09,Ciudad de México,006,Iztacalco,0001,Total AGEB urbana,1094,000,4236,1430,769,1243,12.92,2467,2385
09,Ciudad de México,006,Iztacalco,0001,Total AGEB urbana,1107,000,4414,1342,611,1059,11.54,2614,2552
09,Ciudad de México,006,Iztacalco,0001,Total AGEB urbana,1111,000,1413,494,249,415,12.56,779,750
09,Ciudad de México,006,Iztacalco,0001,Total AGEB urbana,1126,000,5768,1758,726,1342,11.42,3368,3292
09,Ciudad de México,006,Iztacalco,0001,Total AGEB urbana,1130,000,3560,775,327,571,10.47,1917,1871
09,Ciudad de México,006,Iztacalco,0001,Total AGEB urbana,115A,000,2063,541,174,367,10.35,1125,1108
09,Ciudad de México,006,Iztacalco,0001,Total AGEB urbana,1164,000,915,214,72,157,9.94,470,466
09,Ciudad de México,006,Iztacalco,0001,Total AGEB urbana,1179,000,8203,2650,1160,2074,11.98,4662,4532
09,Ciudad de México,006,Iztacalco,0001,Total AGEB urbana,1183,000,2241,676,363,552,12.15,1261,1238
09,Ciudad de México,006,Iztacalco,0001,Total AGEB urbana,1198,000,2099,685,309,551,11.82,1189,1174
09,Ciudad de México,006,Iztacalco,0001,Total AGEB urbana,1200,000,4449,1430,705,1165,12.25,2434,2359
09,Ciudad de México,007,Iztapalapa,0001,Total AGEB urbana,0017,000,5868,1649,591,1217,11.23,3253,3178
09,Ciudad de México,007,Iztapalapa,0001,Total AGEB urbana,0021,000,7518,2288,941,1698,11.25,4036,3940
09,Ciudad de México,007,Iztapalapa,0001,Total AGEB urbana,0036,000,10273,3130,1541,2487,11.8,5688,5556
09,Ciudad de México,007,Iztapalapa,0001,Total AGEB urbana,0040,000,3860,1080,456,793,11.39,1985,1916
09,Ciudad de México,007,Iztapalapa,0001,Total AGEB urbana,0055,000,3701,1196,797,1032,13.36,1926,1844
09,Ciudad de México,007,Iztapalapa,0001,Total AGEB urbana,006A,000,2957,771,249,542,9.88,1547,1496
09,Ciudad de México,007,Iztapalapa,0001,Total AGEB urbana,0074,000,2480,657,226,473,10.42,1242,1222
09,Ciudad de México,007,Iztapalapa,0001,Total AGEB urbana,0089,000,2144,656,317,497,11.53,1201,1171
09,Ciudad de México,007,Iztapalapa,0001,Total AGEB urbana,0093,000,1677,508,433,453,13.67,855,827
09,Ciudad de México,007,Iztapalapa,0001,Total AGEB urbana,0106,000,1524,473,387,425,13.59,737,729
09,Ciudad de México,007,Iztapalapa,0001,Total AGEB urbana,0110,000,1932,677,534,605,13.56,1033,1015
09,Ciudad de México,007,Iztapalapa,0001,Total AGEB urbana,013A,000,2880,820,253,569,10.48,1567,1512
09,Ciudad de México,007,Iztapalapa,0001,Total AGEB urbana,0144,000,1855,516,152,322,10.12,948,935
09,Ciudad de México,007,Iztapalapa,0001,Total AGEB urbana,0178,000,2948,890,358,689,11.33,1597,1569
09,Ciudad de México,007,Iztapalapa,0001,Total AGEB urbana,0182,000,2946,921,735,851,13.33,1456,1432
09,Ciudad de México,007,Iztapalapa,0001,Total AGEB urbana,0197,000,2762,890,677,784,13.47,1490,1451
09,Ciudad de México,007,Iztapalapa,0001,Total AGEB urbana,0214,000,6202,1622,570,1054,10.3,3257,3170
09,Ciudad de México,007,Iztapalapa,0001,Total AGEB urbana,0229,000,0,0,0,0,0.00,0,0
09,Ciudad de México,007,Iztapalapa,0001,Total AGEB urbana,0233,000,1933,528,173,348,10.63,1011,993
09,Ciudad de México,007,Iztapalapa,0001,Total AGEB urbana,0248,000,1549,425,156,300,10.36,769,740
09,Ciudad de México,007,Iztapalapa,0001,Total AGEB urbana,0252,000,3188,829,269,555,10.23,1748,1714
09,Ciudad de México,007,Iztapalapa,0001,Total AGEB urbana,0271,000,4150,1198,493,867,11.16,2269,2204
09,Ciudad de México,007,Iztapalapa,0001,Total AGEB urbana,0286,000,2480,664,309,549,11.67,1190,1170
09,Ciudad de México,007,Iztapalapa,0001,Total AGEB urbana,0290,000,1588,436,197,359,11.74,772,737
09,Ciudad de México,007,Iztapalapa,0001,Total AGEB urbana,0303,000,1103,299,122,234,11.56,532,520
09,Ciudad de México,007,Iztapalapa,0001,Total AGEB urbana,0318,000,3528,929,399,632,10.01,1808,1763
09,Ciudad de México,007,Iztapalapa,0001,Total AGEB urbana,0322,000,4540,1332,595,974,11.44,2570,2485
09,Ciudad de México,007,Iztapalapa,0001,Total AGEB urbana,0337,000,5329,1559,555,966,10.59,2963,2919
09,Ciudad de México,007,Iztapalapa,0001,Total AGEB urbana,0356,000,5122,1458,605,1080,10.78,2994,2941
09,Ciudad de México,007,Iztapalapa,0001,Total AGEB urbana,0360,000,5255,1491,701,1165,11.47,3065,3021
09,Ciudad de México,007,Iztapalapa,0001,Total AGEB urbana,0375,000,6884,1572,691,1178,10.44,4005,3913
09,Ciudad de México,007,Iztapalapa,0001,Total AGEB urbana,038A,000,5123,1345,639,965,11.06,2576,2545
09,Ciudad de México,007,Iztapalapa,0001,Total AGEB urbana,0407,000,6972,1780,602,1056,10.23,3681,3602
09,Ciudad de México,007,Iztapalapa,0001,Total AGEB urbana,0411,000,4975,1298,452,812,10.45,2788,2715
09,Ciudad de México,007,Iztapalapa,0001,Total AGEB urbana,0426,000,8211,2134,880,1425,10.65,4407,4326
09,Ciudad de México,007,Iztapalapa,0001,Total AGEB urbana,0445,000,3848,1073,463,841,10.8,1992,1936
09,Ciudad de México,007,Iztapalapa,0001,Total AGEB urbana,0464,000,4863,1381,435,859,10.02,2682,2645
09,Ciudad de México,007,Iztapalapa,0001,Total AGEB urbana,0479,000,4554,1263,424,799,10.33,2386,2336
09,Ciudad de México,007,Iztapalapa,0001,Total AGEB urbana,0483,000,6782,2272,1058,1698,11.85,3906,3856
09,Ciudad de México,007,Iztapalapa,0001,Total AGEB urbana,0498,000,5441,1676,792,1274,11.49,2989,2930
09,Ciudad de México,007,Iztapalapa,0001,Total AGEB urbana,0500,000,6227,2020,1056,1628,12.09,3503,3430
09,Ciudad de México,007,Iztapalapa,0001,Total AGEB urbana,0515,000,7149,2330,1219,1788,12.07,4199,4115
09,Ciudad de México,007,Iztapalapa,0001,Total AGEB urbana,0534,000,4645,1373,866,1120,12.65,2471,2407
09,Ciudad de México,007,Iztapalapa,0001,Total AGEB urbana,0553,000,5795,1573,661,1012,10.64,3094,3050
09,Ciudad de México,007,Iztapalapa,0001,Total AGEB urbana,0568,000,5839,1699,820,1275,11.51,3121,3035
09,Ciudad de México,007,Iztapalapa,0001,Total AGEB urbana,0572,000,5325,1445,575,993,10.55,2979,2939
09,Ciudad de México,007,Iztapalapa,0001,Total AGEB urbana,0587,000,2637,763,243,519,10.67,1323,1282
09,Ciudad de México,007,Iztapalapa,0001,Total AGEB urbana,0591,000,3807,1120,437,689,10.3,2087,2050
09,Ciudad de México,007,Iztapalapa,0001,Total AGEB urbana,0604,000,3653,935,362,578,10.07,1879,1846
09,Ciudad de México,007,Iztapalapa,0001,Total AGEB urbana,0619,000,5610,1627,587,1101,10.62,3131,3059
09,Ciudad de México,007,Iztapalapa,0001,Total AGEB urbana,0623,000,5433,1600,515,1032,10.15,3009,2962
09,Ciudad de México,007,Iztapalapa,0001,Total AGEB urbana,0638,000,4162,1154,400,703,10.13,2167,2115
09,Ciudad de México,007,Iztapalapa,0001,Total AGEB urbana,0642,000,2515,926,616,799,13.92,1372,1326
09,Ciudad de México,007,Iztapalapa,0001,Total AGEB urbana,0657,000,1916,605,539,548,14.2,990,967
09,Ciudad de México,007,Iztapalapa,0001,Total AGEB urbana,0676,000,2699,883,438,699,12.52,1514,1479
09,Ciudad de México,007,Iztapalapa,0001,Total AGEB urbana,0680,000,3125,935,496,725,12.49,1711,1657
09,Ciudad de México,007,Iztapalapa,0001,Total AGEB urbana,0695,000,3633,1094,599,840,11.94,1971,1918
09,Ciudad de México,007,Iztapalapa,0001,Total AGEB urbana,0708,000,4420,1370,651,1070,11.81,2421,2354
09,Ciudad de México,007,Iztapalapa,0001,Total AGEB urbana,0727,000,2181,720,474,620,13.04,1288,1253
09,Ciudad de México,007,Iztapalapa,0001,Total AGEB urbana,0731,000,11610,2942,757,1661,9.78,6062,5942
09,Ciudad de México,007,Iztapalapa,0001,Total AGEB urbana,0746,000,7993,1981,548,1233,10.2,4263,4171
09,Ciudad de México,007,Iztapalapa,0001,Total AGEB urbana,0750,000,9308,2355,654,1415,9.94,5022,4939
09,Ciudad de México,007,Iztapalapa,0001,Total AGEB urbana,0765,000,3454,925,337,582,9.9,1826,1793
09,Ciudad de México,007,Iztapalapa,0001,Total AGEB urbana,077A,000,4047,1012,433,697,10.5,2174,2132
09,Ciudad de México,007,Iztapalapa,0001,Total AGEB urbana,0784,000,6393,1673,715,1223,10.39,3447,3377
09,Ciudad de México,007,Iztapalapa,0001,Total AGEB urbana,0801,000,3649,1339,926,1195,14.19,2100,2047
09,Ciudad de México,007,Iztapalapa,0001,Total AGEB urbana,0816,000,1207,395,290,358,14.03,655,648
09,Ciudad de México,007,Iztapalapa,0001,Total AGEB urbana,0820,000,1112,375,284,343,14.4,585,570
09,Ciudad de México,007,Iztapalapa,0001,Total AGEB urbana,0835,000,6828,1731,613,1118,10.04,3443,3374
09,Ciudad de México,007,Iztapalapa,0001,Total AGEB urbana,084A,000,7352,2005,795,1351,10.42,4118,4051
09,Ciudad de México,007,Iztapalapa,0001,Total AGEB urbana,0854,000,3289,829,279,539,9.94,1554,1518
09,Ciudad de México,007,Iztapalapa,0001,Total AGEB urbana,0888,000,4544,1099,334,745,9.95,2264,2200
09,Ciudad de México,007,Iztapalapa,0001,Total AGEB urbana,0892,000,2220,537,191,347,10.02,1109,1091
09,Ciudad de México,007,Iztapalapa,0001,Total AGEB urbana,0905,000,2580,952,696,869,14.2,1477,1457
09,Ciudad de México,007,Iztapalapa,0001,Total AGEB urbana,091A,000,1444,478,340,420,14.07,752,748
09,Ciudad de México,007,Iztapalapa,0001,Total AGEB urbana,0924,000,3759,1299,543,1081,12.5,2234,2183
09,Ciudad de México,007,Iztapalapa,0001,Total AGEB urbana,0939,000,4294,1380,876,1178,13.15,2400,2356
09,Ciudad de México,007,Iztapalapa,0001,Total AGEB urbana,0943,000,3439,1043,636,814,12.68,1824,1780
09,Ciudad de México,007,Iztapalapa,0001,Total AGEB urbana,0958,000,5599,1568,728,1219,11.56,3141,3043
09,Ciudad de México,007,Iztapalapa,0001,Total AGEB urbana,0962,000,8084,2125,584,1446,10.29,4363,4278
09,Ciudad de México,007,Iztapalapa,0001,Total AGEB urbana,0977,000,7001,1823,587,1296,10.49,3851,3748
09,Ciudad de México,007,Iztapalapa,0001,Total AGEB urbana,0981,000,6435,1646,509,1155,10.8,3480,3429
09,Ciudad de México,007,Iztapalapa,0001,Total AGEB urbana,1000,000,5229,1558,482,1039,10.96,2803,2755
09,Ciudad de México,007,Iztapalapa,0001,Total AGEB urbana,1015,000,6358,1873,788,1325,11.13,3446,3349
09,Ciudad de México,007,Iztapalapa,0001,Total AGEB urbana,1034,000,6566,1858,889,1443,11.17,3487,3408
09,Ciudad de México,007,Iztapalapa,0001,Total AGEB urbana,1049,000,4690,1271,582,920,11.02,2441,2398
09,Ciudad de México,007,Iztapalapa,0001,Total AGEB urbana,1053,000,7253,2057,950,1484,10.96,3666,3548
09,Ciudad de México,007,Iztapalapa,0001,Total AGEB urbana,1087,000,5902,1529,654,1013,9.99,3041,3015
09,Ciudad de México,007,Iztapalapa,0001,Total AGEB urbana,1091,000,4232,1301,504,707,10.05,2312,2293
09,Ciudad de México,007,Iztapalapa,0001,Total AGEB urbana,1104,000,6367,1683,530,1043,9.73,3156,3123
09,Ciudad de México,007,Iztapalapa,0001,Total AGEB urbana,1123,000,3739,123,41,74,1.05,1927,1920
09,Ciudad de México,007,Iztapalapa,0001,Total AGEB urbana,1138,000,4768,1277,372,732,9.69,2471,2419
09,Ciudad de México,007,Iztapalapa,0001,Total AGEB urbana,1142,000,3200,812,255,583,10.2,1676,1632
09,Ciudad de México,007,Iztapalapa,0001,Total AGEB urbana,1157,000,2662,705,224,494,10.31,1370,1342
09,Ciudad de México,007,Iztapalapa,0001,Total AGEB urbana,1176,000,2180,770,451,649,13.64,1225,1191
09,Ciudad de México,007,Iztapalapa,0001,Total AGEB urbana,1180,000,2051,651,322,526,11.78,1169,1133
09,Ciudad de México,007,Iztapalapa,0001,Total AGEB urbana,1195,000,3664,1173,660,939,12.92,2077,1998
09,Ciudad de México,007,Iztapalapa,0001,Total AGEB urbana,1208,000,991,295,117,224,11.05,562,541
09,Ciudad de México,007,Iztapalapa,0001,Total AGEB urbana,1227,000,5183,1435,577,1059,10.96,2901,2856
09,Ciudad de México,007,Iztapalapa,0001,Total AGEB urbana,1246,000,4327,1254,491,936,11.05,2291,2250
09,Ciudad de México,007,Iztapalapa,0001,Total AGEB urbana,1250,000,3051,851,389,620,11.23,1678,1623
09,Ciudad de México,007,Iztapalapa,0001,Total AGEB urbana,1265,000,3915,1163,522,797,11.32,2147,2072
09,Ciudad de México,007,Iztapalapa,0001,Total AGEB urbana,127A,000,2174,625,374,528,12.2,1177,1137
09,Ciudad de México,007,Iztapalapa,0001,Total AGEB urbana,1284,000,1379,360,217,290,12.13,649,637
09,Ciudad de México,007,Iztapalapa,0001,Total AGEB urbana,1299,000,3461,957,449,731,11.31,1895,1856
09,Ciudad de México,007,Iztapalapa,0001,Total AGEB urbana,1301,000,4045,1162,538,878,11.64,2129,2095
09,Ciudad de México,007,Iztapalapa,0001,Total AGEB urbana,1316,000,3355,818,323,557,9.64,1817,1787
09,Ciudad de México,007,Iztapalapa,0001,Total AGEB urbana,1335,000,0,0,0,0,0.00,0,0
09,Ciudad de México,007,Iztapalapa,0001,Total AGEB urbana,134A,000,4839,1305,430,737,9.72,2522,2479
09,Ciudad de México,007,Iztapalapa,0001,Total AGEB urbana,1354,000,5489,1554,683,1177,11.17,3006,2952
09,Ciudad de México,007,Iztapalapa,0001,Total AGEB urbana,1369,000,6296,1801,689,1201,10.7,3458,3393
09,Ciudad de México,007,Iztapalapa,0001,Total AGEB urbana,1388,000,5484,1442,519,949,10.12,2920,2874
09,Ciudad de México,007,Iztapalapa,0001,Total AGEB urbana,141A,000,4046,1175,466,893,11.11,2412,2361
09,Ciudad de México,007,Iztapalapa,0001,Total AGEB urbana,1424,000,2881,847,331,609,10.86,1578,1546
09,Ciudad de México,007,Iztapalapa,0001,Total AGEB urbana,1439,000,2585,786,482,645,12.41,1452,1407
09,Ciudad de México,007,Iztapalapa,0001,Total AGEB urbana,1443,000,1973,580,370,510,12.58,1033,992
09,Ciudad de México,007,Iztapalapa,0001,Total AGEB urbana,1458,000,1726,522,326,425,12.37,899,876
09,Ciudad de México,007,Iztapalapa,0001,Total AGEB urbana,1462,000,2160,614,396,506,12.28,1128,1076
09,Ciudad de México,007,Iztapalapa,0001,Total AGEB urbana,1477,000,2157,671,569,612,13.73,1151,1111
09,Ciudad de México,007,Iztapalapa,0001,Total AGEB urbana,1481,000,2435,770,621,681,14.03,1251,1218
09,Ciudad de México,007,Iztapalapa,0001,Total AGEB urbana,1496,000,2524,635,271,468,11.01,1341,1306
09,Ciudad de México,007,Iztapalapa,0001,Total AGEB urbana,1509,000,4535,1123,458,705,10.06,2535,2467
09,Ciudad de México,007,Iztapalapa,0001,Total AGEB urbana,1513,000,5064,1410,543,883,10.06,2512,2463
09,Ciudad de México,007,Iztapalapa,0001,Total AGEB urbana,1566,000,9689,2739,1069,1986,10.9,5264,5121
09,Ciudad de México,007,Iztapalapa,0001,Total AGEB urbana,1585,000,0,0,0,0,0.00,0,0
09,Ciudad de México,007,Iztapalapa,0001,Total AGEB urbana,159A,000,6649,1822,748,1235,10.7,3777,3697
09,Ciudad de México,007,Iztapalapa,0001,Total AGEB urbana,1621,000,4393,1253,603,949,11.3,2411,2350
09,Ciudad de México,007,Iztapalapa,0001,Total AGEB urbana,1636,000,2883,798,344,547,10.66,1494,1461
09,Ciudad de México,007,Iztapalapa,0001,Total AGEB urbana,1640,000,4166,1146,524,815,10.85,2223,2181
09,Ciudad de México,007,Iztapalapa,0001,Total AGEB urbana,1655,000,2448,679,264,547,10.27,1322,1288
09,Ciudad de México,007,Iztapalapa,0001,Total AGEB urbana,166A,000,3498,835,387,631,10.92,1856,1792
09,Ciudad de México,007,Iztapalapa,0001,Total AGEB urbana,1674,000,3237,802,346,536,10.44,1734,1674
09,Ciudad de México,007,Iztapalapa,0001,Total AGEB urbana,1689,000,2788,717,301,491,10.66,1591,1539
09,Ciudad de México,007,Iztapalapa,0001,Total AGEB urbana,1693,000,2012,518,189,372,10.39,1091,1039
09,Ciudad de México,007,Iztapalapa,0001,Total AGEB urbana,1706,000,7319,1903,758,1184,10.01,3737,3712
09,Ciudad de México,007,Iztapalapa,0001,Total AGEB urbana,1710,000,7600,2016,749,1241,10.28,4104,4034
09,Ciudad de México,007,Iztapalapa,0001,Total AGEB urbana,1759,000,3567,928,303,544,10.13,1877,1833
09,Ciudad de México,007,Iztapalapa,0001,Total AGEB urbana,1763,000,6474,1660,548,979,9.81,3491,3411
09,Ciudad de México,007,Iztapalapa,0001,Total AGEB urbana,1778,000,6931,1994,817,1466,10.8,4001,3953
09,Ciudad de México,007,Iztapalapa,0001,Total AGEB urbana,1814,000,3694,1021,376,635,10.11,1880,1833
09,Ciudad de México,007,Iztapalapa,0001,Total AGEB urbana,1833,000,3848,1079,452,771,10.8,2002,1953
09,Ciudad de México,007,Iztapalapa,0001,Total AGEB urbana,1848,000,3531,994,396,680,10.69,1876,1830
09,Ciudad de México,007,Iztapalapa,0001,Total AGEB urbana,1852,000,5424,1369,513,949,10.59,2906,2816
09,Ciudad de México,007,Iztapalapa,0001,Total AGEB urbana,1867,000,11278,3115,1028,2102,10.3,5966,5851
09,Ciudad de México,007,Iztapalapa,0001,Total AGEB urbana,1890,000,5546,1458,662,1030,10.6,3018,2964
09,Ciudad de México,007,Iztapalapa,0001,Total AGEB urbana,1918,000,4953,1282,515,850,10.29,2489,2454
09,Ciudad de México,007,Iztapalapa,0001,Total AGEB urbana,1941,000,4248,1381,1122,1284,14.13,2181,2117
09,Ciudad de México,007,Iztapalapa,0001,Total AGEB urbana,1960,000,3765,1151,557,841,11.55,2137,2094
09,Ciudad de México,007,Iztapalapa,0001,Total AGEB urbana,1975,000,3499,1172,557,959,12.06,1936,1903
09,Ciudad de México,007,Iztapalapa,0001,Total AGEB urbana,198A,000,6035,1765,585,1203,10.56,3239,3150
09,Ciudad de México,007,Iztapalapa,0001,Total AGEB urbana,1994,000,13946,1156,429,767,3.28,6966,6894
09,Ciudad de México,007,Iztapalapa,0001,Total AGEB urbana,2047,000,9950,2610,838,1710,9.96,5187,5066
09,Ciudad de México,007,Iztapalapa,0001,Total AGEB urbana,2051,000,11206,2897,748,1552,9.08,6089,6002
09,Ciudad de México,007,Iztapalapa,0001,Total AGEB urbana,2070,000,4041,1187,362,747,9.72,2111,2051
09,Ciudad de México,007,Iztapalapa,0001,Total AGEB urbana,2085,000,5799,1883,553,1299,9.71,3023,2946
09,Ciudad de México,007,Iztapalapa,0001,Total AGEB urbana,209A,000,3734,985,286,638,9.97,2123,2080
09,Ciudad de México,007,Iztapalapa,0001,Total AGEB urbana,2102,000,3577,877,221,633,10.24,1828,1787
09,Ciudad de México,007,Iztapalapa,0001,Total AGEB urbana,2117,000,3108,824,214,483,9.96,1596,1541
09,Ciudad de México,007,Iztapalapa,0001,Total AGEB urbana,2121,000,146,30,*,0,4.43,87,87
09,Ciudad de México,007,Iztapalapa,0001,Total AGEB urbana,2140,000,7841,2054,674,1432,9.82,4235,4151
09,Ciudad de México,007,Iztapalapa,0001,Total AGEB urbana,2155,000,3769,1033,368,648,10.06,1970,1924
09,Ciudad de México,007,Iztapalapa,0001,Total AGEB urbana,216A,000,3673,967,324,672,10.05,1955,1907
09,Ciudad de México,007,Iztapalapa,0001,Total AGEB urbana,2174,000,2349,675,242,431,10.77,1366,1353
09,Ciudad de México,007,Iztapalapa,0001,Total AGEB urbana,2189,000,2349,659,255,480,11.08,1208,1181
09,Ciudad de México,007,Iztapalapa,0001,Total AGEB urbana,2193,000,2575,696,273,484,10.33,1528,1515
09,Ciudad de México,007,Iztapalapa,0001,Total AGEB urbana,2206,000,1638,474,197,342,10.76,898,877
09,Ciudad de México,007,Iztapalapa,0001,Total AGEB urbana,2371,000,1682,448,113,302,10.05,942,911
09,Ciudad de México,007,Iztapalapa,0001,Total AGEB urbana,2386,000,3610,1032,403,762,10.77,2149,2098
09,Ciudad de México,007,Iztapalapa,0001,Total AGEB urbana,2390,000,3965,1091,662,884,12.03,2047,2003
09,Ciudad de México,007,Iztapalapa,0001,Total AGEB urbana,2403,000,293,87,17,23,9.21,223,221
09,Ciudad de México,007,Iztapalapa,0001,Total AGEB urbana,2437,000,5076,1182,410,777,9.6,2717,2663
09,Ciudad de México,007,Iztapalapa,0001,Total AGEB urbana,2441,000,4457,1155,423,750,9.91,2292,2248
09,Ciudad de México,007,Iztapalapa,0001,Total AGEB urbana,2456,000,4606,1287,372,692,9.61,2621,2575
09,Ciudad de México,007,Iztapalapa,0001,Total AGEB urbana,2460,000,4473,1157,391,645,9.96,2452,2415
09,Ciudad de México,007,Iztapalapa,0001,Total AGEB urbana,2475,000,68,4,0,*,5.89,33,28
09,Ciudad de México,007,Iztapalapa,0001,Total AGEB urbana,2494,000,1941,449,112,291,9.76,990,973
09,Ciudad de México,007,Iztapalapa,0001,Total AGEB urbana,2507,000,2181,553,171,424,10.38,1112,1085
09,Ciudad de México,007,Iztapalapa,0001,Total AGEB urbana,2511,000,996,351,215,302,13.57,546,527
09,Ciudad de México,007,Iztapalapa,0001,Total AGEB urbana,2526,000,1056,384,213,325,13.47,602,580
09,Ciudad de México,007,Iztapalapa,0001,Total AGEB urbana,2530,000,10096,2722,972,1812,9.96,5371,5280
09,Ciudad de México,007,Iztapalapa,0001,Total AGEB urbana,2545,000,6946,1823,724,1203,10.03,3547,3479
09,Ciudad de México,007,Iztapalapa,0001,Total AGEB urbana,255A,000,4901,1396,635,1021,11.25,2643,2562
09,Ciudad de México,007,Iztapalapa,0001,Total AGEB urbana,2564,000,6800,1820,530,1103,9.81,3561,3487
09,Ciudad de México,007,Iztapalapa,0001,Total AGEB urbana,2579,000,4417,1168,381,783,9.9,2246,2199
09,Ciudad de México,007,Iztapalapa,0001,Total AGEB urbana,2600,000,4667,1244,560,944,10.48,2421,2369
09,Ciudad de México,007,Iztapalapa,0001,Total AGEB urbana,2615,000,7690,2016,619,1206,9.67,3818,3737
09,Ciudad de México,007,Iztapalapa,0001,Total AGEB urbana,262A,000,5432,1491,444,890,9.59,2768,2706
09,Ciudad de México,007,Iztapalapa,0001,Total AGEB urbana,2634,000,4200,1137,332,677,9.6,2135,2085
09,Ciudad de México,007,Iztapalapa,0001,Total AGEB urbana,2649,000,4309,1155,358,705,9.57,2140,2104
09,Ciudad de México,007,Iztapalapa,0001,Total AGEB urbana,2653,000,3427,933,265,548,9.38,1804,1780
09,Ciudad de México,007,Iztapalapa,0001,Total AGEB urbana,2668,000,3460,929,315,561,9.31,1718,1667
09,Ciudad de México,007,Iztapalapa,0001,Total AGEB urbana,2672,000,1034,275,114,156,9.73,529,520
09,Ciudad de México,007,Iztapalapa,0001,Total AGEB urbana,2687,000,4656,1151,503,813,10.38,2470,2422
09,Ciudad de México,007,Iztapalapa,0001,Total AGEB urbana,2691,000,7217,1917,801,1256,10.12,3764,3689
09,Ciudad de México,007,Iztapalapa,0001,Total AGEB urbana,2704,000,5016,1420,460,900,9.5,2560,2503
09,Ciudad de México,007,Iztapalapa,0001,Total AGEB urbana,2719,000,4678,1261,375,735,9.35,2394,2356
09,Ciudad de México,007,Iztapalapa,0001,Total AGEB urbana,2723,000,3252,835,227,464,9.09,1571,1518
09,Ciudad de México,007,Iztapalapa,0001,Total AGEB urbana,2738,000,6698,1791,618,1092,9.78,3500,3431
09,Ciudad de México,007,Iztapalapa,0001,Total AGEB urbana,2757,000,5483,1502,571,958,9.91,2725,2671
09,Ciudad de México,007,Iztapalapa,0001,Total AGEB urbana,2776,000,7954,2151,808,1485,10.15,4309,4227
09,Ciudad de México,007,Iztapalapa,0001,Total AGEB urbana,2780,000,6872,1765,633,1168,9.55,3547,3476
09,Ciudad de México,007,Iztapalapa,0001,Total AGEB urbana,2795,000,4830,1304,424,850,9.35,2447,2383
09,Ciudad de México,007,Iztapalapa,0001,Total AGEB urbana,2808,000,4320,1223,479,821,10.67,2315,2266
09,Ciudad de México,007,Iztapalapa,0001,Total AGEB urbana,2812,000,3581,965,471,719,10.74,2074,2038
09,Ciudad de México,007,Iztapalapa,0001,Total AGEB urbana,2831,000,4795,1366,570,968,10.73,2608,2532
09,Ciudad de México,007,Iztapalapa,0001,Total AGEB urbana,2846,000,4936,1316,536,884,10.07,2636,2587
09,Ciudad de México,007,Iztapalapa,0001,Total AGEB urbana,2850,000,3639,1023,419,665,10.42,1886,1858
09,Ciudad de México,007,Iztapalapa,0001,Total AGEB urbana,287A,000,2859,822,355,573,10.4,1520,1475
09,Ciudad de México,007,Iztapalapa,0001,Total AGEB urbana,2884,000,3464,999,463,717,10.63,1823,1801
09,Ciudad de México,007,Iztapalapa,0001,Total AGEB urbana,2899,000,6559,1628,613,1029,9.94,3402,3336
09,Ciudad de México,007,Iztapalapa,0001,Total AGEB urbana,2901,000,7668,2066,752,1342,9.8,4046,3982
09,Ciudad de México,007,Iztapalapa,0001,Total AGEB urbana,2920,000,5442,1660,462,975,9.35,3033,2966
09,Ciudad de México,007,Iztapalapa,0001,Total AGEB urbana,2935,000,5663,1430,370,794,9.09,2812,2747
09,Ciudad de México,007,Iztapalapa,0001,Total AGEB urbana,294A,000,3012,774,226,515,9.42,1589,1553
09,Ciudad de México,007,Iztapalapa,0001,Total AGEB urbana,2954,000,1974,535,131,338,9.4,957,934
09,Ciudad de México,007,Iztapalapa,0001,Total AGEB urbana,2969,000,2472,660,147,394,9.16,1227,1186
09,Ciudad de México,007,Iztapalapa,0001,Total AGEB urbana,2973,000,3752,1014,279,528,9.2,1970,1925
09,Ciudad de México,007,Iztapalapa,0001,Total AGEB urbana,2988,000,7510,2150,836,1528,10.45,4018,3921
09,Ciudad de México,007,Iztapalapa,0001,Total AGEB urbana,3026,000,2493,672,292,491,10.72,1317,1292
09,Ciudad de México,007,Iztapalapa,0001,Total AGEB urbana,3030,000,5682,1447,660,1027,10.31,2939,2892
09,Ciudad de México,007,Iztapalapa,0001,Total AGEB urbana,3045,000,6787,1753,703,1162,10.24,3814,3714
09,Ciudad de México,007,Iztapalapa,0001,Total AGEB urbana,305A,000,6494,1625,646,1047,10.05,3386,3330
09,Ciudad de México,007,Iztapalapa,0001,Total AGEB urbana,3064,000,7629,1957,670,1254,9.62,4214,4150
09,Ciudad de México,007,Iztapalapa,0001,Total AGEB urbana,3079,000,6741,1683,607,997,9.59,3639,3562
09,Ciudad de México,007,Iztapalapa,0001,Total AGEB urbana,3083,000,5621,1400,518,906,9.46,2928,2869
09,Ciudad de México,007,Iztapalapa,0001,Total AGEB urbana,3100,000,5076,1311,437,791,9.43,2689,2633
09,Ciudad de México,007,Iztapalapa,0001,Total AGEB urbana,3115,000,5980,1603,482,1062,9.56,3076,3028
09,Ciudad de México,007,Iztapalapa,0001,Total AGEB urbana,3134,000,1927,550,135,329,9.34,1118,1108
09,Ciudad de México,007,Iztapalapa,0001,Total AGEB urbana,3149,000,3862,1036,265,582,8.83,1915,1869
09,Ciudad de México,007,Iztapalapa,0001,Total AGEB urbana,3153,000,3560,890,244,558,9.08,1810,1759
09,Ciudad de México,007,Iztapalapa,0001,Total AGEB urbana,3204,000,6595,1684,562,1136,9.51,3382,3289
09,Ciudad de México,007,Iztapalapa,0001,Total AGEB urbana,3219,000,7613,2043,654,1401,9.32,4041,3969
09,Ciudad de México,007,Iztapalapa,0001,Total AGEB urbana,3223,000,7231,1821,599,1106,9.31,3727,3672
09,Ciudad de México,007,Iztapalapa,0001,Total AGEB urbana,3238,000,6000,1593,539,989,9.55,3043,2991
09,Ciudad de México,007,Iztapalapa,0001,Total AGEB urbana,3242,000,8092,2189,661,1405,9.2,4034,3935
09,Ciudad de México,007,Iztapalapa,0001,Total AGEB urbana,3257,000,4049,1060,299,767,9.33,1969,1918
09,Ciudad de México,007,Iztapalapa,0001,Total AGEB urbana,3276,000,6422,1719,580,1182,9.32,3314,3251
09,Ciudad de México,007,Iztapalapa,0001,Total AGEB urbana,3295,000,5190,1368,461,833,9.66,2729,2655
09,Ciudad de México,007,Iztapalapa,0001,Total AGEB urbana,3327,000,7178,1859,667,1279,9.74,3652,3595
09,Ciudad de México,007,Iztapalapa,0001,Total AGEB urbana,3346,000,6680,1706,522,1059,9.24,3226,3164
09,Ciudad de México,007,Iztapalapa,0001,Total AGEB urbana,3365,000,2467,629,178,374,8.89,1230,1193
09,Ciudad de México,007,Iztapalapa,0001,Total AGEB urbana,337A,000,7522,2071,817,1492,10.12,4060,3974
09,Ciudad de México,007,Iztapalapa,0001,Total AGEB urbana,3401,000,7248,1871,629,1172,9.36,3802,3739
09,Ciudad de México,007,Iztapalapa,0001,Total AGEB urbana,3420,000,4302,1039,273,590,8.87,2096,2055
09,Ciudad de México,007,Iztapalapa,0001,Total AGEB urbana,3488,000,4965,1611,450,1033,9.64,2617,2568
09,Ciudad de México,007,Iztapalapa,0001,Total AGEB urbana,3492,000,5625,1684,514,1018,9.78,2896,2815
09,Ciudad de México,007,Iztapalapa,0001,Total AGEB urbana,3505,000,5709,1541,492,898,9.66,3253,3194
09,Ciudad de México,007,Iztapalapa,0001,Total AGEB urbana,351A,000,5705,1497,568,1010,10.19,2982,2892
09,Ciudad de México,007,Iztapalapa,0001,Total AGEB urbana,3539,000,4545,1274,483,831,10.19,2433,2405
09,Ciudad de México,007,Iztapalapa,0001,Total AGEB urbana,3558,000,1463,412,145,297,10.78,745,706
09,Ciudad de México,007,Iztapalapa,0001,Total AGEB urbana,3562,000,1809,479,178,363,10.79,978,957
09,Ciudad de México,007,Iztapalapa,0001,Total AGEB urbana,3577,000,2169,593,171,380,9.86,1178,1166
09,Ciudad de México,007,Iztapalapa,0001,Total AGEB urbana,3581,000,3942,1153,389,814,10.56,2208,2155
09,Ciudad de México,007,Iztapalapa,0001,Total AGEB urbana,3596,000,4594,1394,423,890,10.49,2498,2418
09,Ciudad de México,007,Iztapalapa,0001,Total AGEB urbana,3613,000,1441,428,264,358,12.68,769,747
09,Ciudad de México,007,Iztapalapa,0001,Total AGEB urbana,3628,000,1158,378,219,344,13.32,656,633
09,Ciudad de México,007,Iztapalapa,0001,Total AGEB urbana,3632,000,6682,2002,901,1485,11.08,4036,3951
09,Ciudad de México,007,Iztapalapa,0001,Total AGEB urbana,3647,000,2443,735,366,546,11.67,1382,1356
09,Ciudad de México,007,Iztapalapa,0001,Total AGEB urbana,3651,000,2692,783,330,558,10.65,1521,1494
09,Ciudad de México,007,Iztapalapa,0001,Total AGEB urbana,3666,000,1770,648,377,566,12.87,978,958
09,Ciudad de México,007,Iztapalapa,0001,Total AGEB urbana,3670,000,4143,1234,455,935,11.15,2177,2118
09,Ciudad de México,007,Iztapalapa,0001,Total AGEB urbana,369A,000,2858,763,309,562,10.19,1490,1455
09,Ciudad de México,007,Iztapalapa,0001,Total AGEB urbana,3702,000,2668,648,211,467,10.19,1376,1351
09,Ciudad de México,007,Iztapalapa,0001,Total AGEB urbana,3717,000,2261,557,189,358,9.96,1213,1183
09,Ciudad de México,007,Iztapalapa,0001,Total AGEB urbana,3721,000,4549,1281,548,1049,10.68,2397,2339
09,Ciudad de México,007,Iztapalapa,0001,Total AGEB urbana,3740,000,4482,1333,576,981,11.57,2429,2384
09,Ciudad de México,007,Iztapalapa,0001,Total AGEB urbana,3755,000,3456,1007,501,787,11.38,2003,1964
09,Ciudad de México,007,Iztapalapa,0001,Total AGEB urbana,376A,000,1613,478,123,330,10.7,1003,989
09,Ciudad de México,007,Iztapalapa,0001,Total AGEB urbana,3774,000,3474,930,405,692,10.73,1832,1781
09,Ciudad de México,007,Iztapalapa,0001,Total AGEB urbana,3789,000,3719,1077,377,686,10.59,2060,2016
09,Ciudad de México,007,Iztapalapa,0001,Total AGEB urbana,3793,000,4417,1287,539,818,10.58,2332,2292
09,Ciudad de México,007,Iztapalapa,0001,Total AGEB urbana,3806,000,2080,598,289,417,10.98,1191,1167
09,Ciudad de México,007,Iztapalapa,0001,Total AGEB urbana,3810,000,5245,1528,435,1031,10.03,2915,2868
09,Ciudad de México,007,Iztapalapa,0001,Total AGEB urbana,3825,000,3400,892,467,699,10.81,1860,1812
09,Ciudad de México,007,Iztapalapa,0001,Total AGEB urbana,383A,000,3575,1037,416,780,11.03,1927,1901
09,Ciudad de México,007,Iztapalapa,0001,Total AGEB urbana,3844,000,1550,474,125,319,10.8,886,864
09,Ciudad de México,007,Iztapalapa,0001,Total AGEB urbana,3859,000,2090,579,257,449,10.66,1175,1147
09,Ciudad de México,007,Iztapalapa,0001,Total AGEB urbana,3863,000,4153,1083,388,705,9.86,2144,2101
09,Ciudad de México,007,Iztapalapa,0001,Total AGEB urbana,3897,000,3937,1078,397,729,10.66,2141,2109
09,Ciudad de México,007,Iztapalapa,0001,Total AGEB urbana,390A,000,4006,1092,555,853,11.64,2152,2114
09,Ciudad de México,007,Iztapalapa,0001,Total AGEB urbana,3914,000,5355,1512,697,1174,11.61,2963,2874
09,Ciudad de México,007,Iztapalapa,0001,Total AGEB urbana,3967,000,3638,1008,447,758,10.89,1962,1922
09,Ciudad de México,007,Iztapalapa,0001,Total AGEB urbana,3971,000,4809,1457,530,1094,11.03,2745,2691
09,Ciudad de México,007,Iztapalapa,0001,Total AGEB urbana,3986,000,2232,698,279,467,11.08,1260,1227
09,Ciudad de México,007,Iztapalapa,0001,Total AGEB urbana,3990,000,3618,1130,370,808,10.74,2097,2056
09,Ciudad de México,007,Iztapalapa,0001,Total AGEB urbana,401A,000,2883,881,298,586,10.45,1643,1598
09,Ciudad de México,007,Iztapalapa,0001,Total AGEB urbana,4024,000,8391,2304,988,1767,10.27,4722,4669
09,Ciudad de México,007,Iztapalapa,0001,Total AGEB urbana,4039,000,5385,1530,657,1046,10.44,2810,2742
09,Ciudad de México,007,Iztapalapa,0001,Total AGEB urbana,4043,000,4417,1181,553,805,10.61,2456,2408
09,Ciudad de México,007,Iztapalapa,0001,Total AGEB urbana,4058,000,3227,803,314,539,10.13,1705,1668
09,Ciudad de México,007,Iztapalapa,0001,Total AGEB urbana,4062,000,2990,796,248,528,9.95,1624,1577
09,Ciudad de México,007,Iztapalapa,0001,Total AGEB urbana,4077,000,4751,1210,323,766,9.06,2294,2254
09,Ciudad de México,007,Iztapalapa,0001,Total AGEB urbana,4081,000,5245,1283,360,781,8.84,2730,2648
09,Ciudad de México,007,Iztapalapa,0001,Total AGEB urbana,4096,000,6341,1515,487,900,9.13,3321,3243
09,Ciudad de México,007,Iztapalapa,0001,Total AGEB urbana,4109,000,7678,1908,592,1066,8.83,4135,4037
09,Ciudad de México,007,Iztapalapa,0001,Total AGEB urbana,4113,000,2033,660,330,509,11.74,1070,1050
09,Ciudad de México,007,Iztapalapa,0001,Total AGEB urbana,4128,000,1861,665,349,530,12.49,1043,1018
09,Ciudad de México,007,Iztapalapa,0001,Total AGEB urbana,4147,000,508,151,46,97,10.09,257,255
09,Ciudad de México,007,Iztapalapa,0001,Total AGEB urbana,4151,000,1449,376,105,230,9.49,845,823
09,Ciudad de México,007,Iztapalapa,0001,Total AGEB urbana,4166,000,2650,802,396,633,12.35,1394,1359
09,Ciudad de México,007,Iztapalapa,0001,Total AGEB urbana,4170,000,4478,1126,383,706,9.55,2381,2338
09,Ciudad de México,007,Iztapalapa,0001,Total AGEB urbana,4185,000,3902,1067,383,743,10.53,2134,2103
09,Ciudad de México,007,Iztapalapa,0001,Total AGEB urbana,419A,000,3319,1053,385,772,11.06,1871,1844
09,Ciudad de México,007,Iztapalapa,0001,Total AGEB urbana,4202,000,3513,873,248,495,9.42,1893,1854
09,Ciudad de México,007,Iztapalapa,0001,Total AGEB urbana,4217,000,3246,916,319,625,10.28,1951,1914
09,Ciudad de México,007,Iztapalapa,0001,Total AGEB urbana,4236,000,8000,2100,548,1249,9.27,4092,4025
09,Ciudad de México,007,Iztapalapa,0001,Total AGEB urbana,4240,000,5046,1288,346,714,9.12,2635,2576
09,Ciudad de México,007,Iztapalapa,0001,Total AGEB urbana,426A,000,5157,1280,355,764,9.18,2623,2574
09,Ciudad de México,007,Iztapalapa,0001,Total AGEB urbana,4274,000,6175,1448,362,883,8.67,2860,2818
09,Ciudad de México,007,Iztapalapa,0001,Total AGEB urbana,4289,000,3047,780,214,481,9.17,1466,1445
09,Ciudad de México,007,Iztapalapa,0001,Total AGEB urbana,4293,000,5256,1293,386,806,9.12,2835,2775
09,Ciudad de México,007,Iztapalapa,0001,Total AGEB urbana,4306,000,1814,505,230,408,11.28,989,961
09,Ciudad de México,007,Iztapalapa,0001,Total AGEB urbana,4310,000,2911,826,368,608,10.91,1591,1563
09,Ciudad de México,007,Iztapalapa,0001,Total AGEB urbana,4325,000,1681,466,241,349,11.79,912,885
09,Ciudad de México,007,Iztapalapa,0001,Total AGEB urbana,433A,000,4019,1072,433,747,10.38,2431,2417
09,Ciudad de México,007,Iztapalapa,0001,Total AGEB urbana,4344,000,2790,704,252,534,10.42,1566,1533
09,Ciudad de México,007,Iztapalapa,0001,Total AGEB urbana,4359,000,2616,637,220,477,10.14,1439,1410
09,Ciudad de México,007,Iztapalapa,0001,Total AGEB urbana,4363,000,6175,1636,515,1141,9.57,3373,3332
09,Ciudad de México,007,Iztapalapa,0001,Total AGEB urbana,4382,000,2196,596,213,439,10.44,1258,1244
09,Ciudad de México,007,Iztapalapa,0001,Total AGEB urbana,4397,000,1640,391,153,268,10.21,975,960
09,Ciudad de México,007,Iztapalapa,0001,Total AGEB urbana,440A,000,1408,348,148,254,10.16,760,751
09,Ciudad de México,007,Iztapalapa,0001,Total AGEB urbana,4414,000,8028,2524,1220,2060,12.21,4564,4453
09,Ciudad de México,007,Iztapalapa,0001,Total AGEB urbana,4429,000,2049,759,496,656,13.76,1162,1134
09,Ciudad de México,007,Iztapalapa,0001,Total AGEB urbana,4433,000,3751,1251,907,1099,13.75,2141,2079
09,Ciudad de México,007,Iztapalapa,0001,Total AGEB urbana,4448,000,2475,856,497,732,13.15,1379,1340
09,Ciudad de México,007,Iztapalapa,0001,Total AGEB urbana,4452,000,1960,647,435,569,13.38,1043,998
09,Ciudad de México,007,Iztapalapa,0001,Total AGEB urbana,4467,000,2193,638,268,498,11.36,1164,1122
09,Ciudad de México,007,Iztapalapa,0001,Total AGEB urbana,4471,000,2274,665,285,569,11.73,1293,1271
09,Ciudad de México,007,Iztapalapa,0001,Total AGEB urbana,4503,000,4051,1101,396,846,10.62,2152,2108
09,Ciudad de México,007,Iztapalapa,0001,Total AGEB urbana,4522,000,749,218,74,159,10.79,403,400
09,Ciudad de México,007,Iztapalapa,0001,Total AGEB urbana,4537,000,829,236,56,162,10.28,424,409
09,Ciudad de México,007,Iztapalapa,0001,Total AGEB urbana,4541,000,1011,275,44,172,9.68,567,558
09,Ciudad de México,007,Iztapalapa,0001,Total AGEB urbana,4556,000,1063,318,95,203,10.4,603,587
09,Ciudad de México,007,Iztapalapa,0001,Total AGEB urbana,4560,000,969,244,42,145,9.71,499,495
09,Ciudad de México,007,Iztapalapa,0001,Total AGEB urbana,4575,000,528,144,17,79,9.41,293,285
09,Ciudad de México,007,Iztapalapa,0001,Total AGEB urbana,4594,000,1164,314,73,217,9.68,621,602
09,Ciudad de México,007,Iztapalapa,0001,Total AGEB urbana,4611,000,751,244,54,176,9.82,419,409
09,Ciudad de México,007,Iztapalapa,0001,Total AGEB urbana,4645,000,1184,376,95,206,9.51,607,596
09,Ciudad de México,007,Iztapalapa,0001,Total AGEB urbana,465A,000,2794,783,320,556,9.97,1554,1530
09,Ciudad de México,007,Iztapalapa,0001,Total AGEB urbana,4664,000,3439,826,299,576,9.94,1775,1732
09,Ciudad de México,007,Iztapalapa,0001,Total AGEB urbana,4679,000,440,128,24,74,9.53,227,221
09,Ciudad de México,007,Iztapalapa,0001,Total AGEB urbana,4683,000,2771,792,292,516,10.81,1404,1394
09,Ciudad de México,007,Iztapalapa,0001,Total AGEB urbana,4698,000,3320,916,178,640,9.2,1751,1729
09,Ciudad de México,007,Iztapalapa,0001,Total AGEB urbana,4715,000,32,4,0,0,5.25,13,13
09,Ciudad de México,007,Iztapalapa,0001,Total AGEB urbana,472A,000,5525,1390,582,1049,10.57,2999,2880
09,Ciudad de México,007,Iztapalapa,0001,Total AGEB urbana,4734,000,11587,3001,1348,2309,10.64,6303,6149
09,Ciudad de México,007,Iztapalapa,0001,Total AGEB urbana,4749,000,6128,1566,566,946,9.67,3178,3109
09,Ciudad de México,007,Iztapalapa,0001,Total AGEB urbana,4768,000,3740,1054,465,750,10.46,1968,1938
09,Ciudad de México,007,Iztapalapa,0001,Total AGEB urbana,4772,000,4280,1137,408,725,10.15,2110,2070
09,Ciudad de México,007,Iztapalapa,0001,Total AGEB urbana,4791,000,2135,638,325,530,10.59,1277,1230
09,Ciudad de México,007,Iztapalapa,0001,Total AGEB urbana,4804,000,2676,770,320,610,10.87,1463,1441
09,Ciudad de México,007,Iztapalapa,0001,Total AGEB urbana,4838,000,1560,404,102,235,9.48,792,779
09,Ciudad de México,007,Iztapalapa,0001,Total AGEB urbana,4842,000,1895,486,130,288,9.28,994,978
09,Ciudad de México,007,Iztapalapa,0001,Total AGEB urbana,4857,000,5508,1435,363,783,8.99,2836,2782
09,Ciudad de México,007,Iztapalapa,0001,Total AGEB urbana,4861,000,3584,836,255,524,8.71,1801,1751
09,Ciudad de México,007,Iztapalapa,0001,Total AGEB urbana,4876,000,5532,1411,330,869,8.87,2864,2814
09,Ciudad de México,007,Iztapalapa,0001,Total AGEB urbana,4880,000,5581,1397,394,888,9.11,2866,2827
09,Ciudad de México,007,Iztapalapa,0001,Total AGEB urbana,4895,000,3426,1155,521,921,12.13,2080,2035
09,Ciudad de México,007,Iztapalapa,0001,Total AGEB urbana,4908,000,5488,1528,541,1005,10.52,2904,2866
09,Ciudad de México,007,Iztapalapa,0001,Total AGEB urbana,4912,000,6803,1930,840,1450,10.95,3754,3706
09,Ciudad de México,007,Iztapalapa,0001,Total AGEB urbana,4927,000,6812,2165,1140,1790,12.34,3935,3840
09,Ciudad de México,007,Iztapalapa,0001,Total AGEB urbana,4931,000,5485,1488,502,939,10.09,2764,2691
09,Ciudad de México,007,Iztapalapa,0001,Total AGEB urbana,4946,000,5350,1505,574,1036,10.19,2791,2718
09,Ciudad de México,007,Iztapalapa,0001,Total AGEB urbana,4965,000,4114,1107,714,922,12.44,2236,2177
09,Ciudad de México,007,Iztapalapa,0001,Total AGEB urbana,497A,000,1927,594,239,438,11.52,1082,1053
09,Ciudad de México,007,Iztapalapa,0001,Total AGEB urbana,4984,000,4002,1151,468,837,11.09,2308,2258
09,Ciudad de México,007,Iztapalapa,0001,Total AGEB urbana,4999,000,3431,858,361,588,10.52,1932,1892
09,Ciudad de México,007,Iztapalapa,0001,Total AGEB urbana,5003,000,3643,1054,397,778,10.78,2134,2064
09,Ciudad de México,007,Iztapalapa,0001,Total AGEB urbana,5018,000,2989,811,300,543,10.57,1595,1549
09,Ciudad de México,007,Iztapalapa,0001,Total AGEB urbana,5037,000,2646,692,214,437,9.33,1381,1334
09,Ciudad de México,007,Iztapalapa,0001,Total AGEB urbana,5041,000,3291,872,281,551,9.69,1628,1577
09,Ciudad de México,007,Iztapalapa,0001,Total AGEB urbana,5056,000,806,251,59,189,10.22,468,451
09,Ciudad de México,007,Iztapalapa,0001,Total AGEB urbana,5060,000,5931,1592,675,1157,10.48,3228,3169
09,Ciudad de México,007,Iztapalapa,0001,Total AGEB urbana,5075,000,3792,1014,310,563,9.33,1997,1936
09,Ciudad de México,007,Iztapalapa,0001,Total AGEB urbana,508A,000,3945,1066,340,642,9.3,2023,1963
09,Ciudad de México,007,Iztapalapa,0001,Total AGEB urbana,5094,000,1516,514,276,440,12.97,906,884
09,Ciudad de México,007,Iztapalapa,0001,Total AGEB urbana,5107,000,4853,1464,477,1051,10.83,2819,2741
09,Ciudad de México,007,Iztapalapa,0001,Total AGEB urbana,5111,000,7653,2594,1125,2141,12.33,4541,4460
09,Ciudad de México,007,Iztapalapa,0001,Total AGEB urbana,5126,000,4853,1492,705,1264,11.54,2771,2711
09,Ciudad de México,007,Iztapalapa,0001,Total AGEB urbana,5130,000,2592,741,360,562,10.95,1413,1389
09,Ciudad de México,007,Iztapalapa,0001,Total AGEB urbana,5145,000,4478,1344,608,999,10.93,2494,2418
09,Ciudad de México,007,Iztapalapa,0001,Total AGEB urbana,515A,000,1634,399,118,274,10.15,966,951
09,Ciudad de México,007,Iztapalapa,0001,Total AGEB urbana,5179,000,1573,405,113,256,9.83,874,860
09,Ciudad de México,007,Iztapalapa,0001,Total AGEB urbana,5183,000,3932,903,210,535,8.97,2082,2038
09,Ciudad de México,007,Iztapalapa,0001,Total AGEB urbana,5198,000,5541,1372,445,841,8.91,2896,2862
09,Ciudad de México,007,Iztapalapa,0001,Total AGEB urbana,5200,000,4699,1152,393,671,8.96,2504,2474
09,Ciudad de México,007,Iztapalapa,0001,Total AGEB urbana,5215,000,5858,1486,638,1060,10.03,3231,3178
09,Ciudad de México,007,Iztapalapa,0001,Total AGEB urbana,522A,000,2314,734,390,582,11.79,1341,1325
09,Ciudad de México,007,Iztapalapa,0001,Total AGEB urbana,5249,000,3208,1116,601,942,12.57,1891,1841
09,Ciudad de México,007,Iztapalapa,0001,Total AGEB urbana,5253,000,4458,1350,431,942,10.34,2459,2415
09,Ciudad de México,007,Iztapalapa,0001,Total AGEB urbana,5268,000,5103,1447,324,779,9.53,2613,2567
09,Ciudad de México,007,Iztapalapa,0001,Total AGEB urbana,5272,000,3347,1189,474,716,11.81,1947,1911
09,Ciudad de México,007,Iztapalapa,0001,Total AGEB urbana,5287,000,2360,887,313,629,11.6,1259,1234
09,Ciudad de México,007,Iztapalapa,0001,Total AGEB urbana,5291,000,3411,911,305,552,9.41,1678,1652
09,Ciudad de México,007,Iztapalapa,0001,Total AGEB urbana,5304,000,5300,1384,455,785,9.34,2777,2714
09,Ciudad de México,007,Iztapalapa,0001,Total AGEB urbana,5319,000,3414,949,263,564,8.96,1747,1718
09,Ciudad de México,007,Iztapalapa,0001,Total AGEB urbana,5323,000,3240,845,215,569,8.83,1654,1621
09,Ciudad de México,007,Iztapalapa,0001,Total AGEB urbana,5338,000,6974,1715,444,1063,8.59,3472,3377
09,Ciudad de México,007,Iztapalapa,0001,Total AGEB urbana,5342,000,5210,1302,346,830,9.08,2697,2617
09,Ciudad de México,007,Iztapalapa,0001,Total AGEB urbana,5357,000,3042,843,422,662,11.41,1858,1843
09,Ciudad de México,007,Iztapalapa,0001,Total AGEB urbana,5361,000,2123,531,380,467,12.72,897,889
09,Ciudad de México,007,Iztapalapa,0001,Total AGEB urbana,5376,000,961,246,113,177,11.32,424,421
09,Ciudad de México,007,Iztapalapa,0001,Total AGEB urbana,5380,000,8787,2256,746,1425,9.45,4701,4621
09,Ciudad de México,007,Iztapalapa,0001,Total AGEB urbana,5395,000,3565,808,234,482,8.64,1964,1892
09,Ciudad de México,007,Iztapalapa,0001,Total AGEB urbana,5408,000,2285,556,182,409,10.23,1264,1248
09,Ciudad de México,007,Iztapalapa,0001,Total AGEB urbana,5412,000,2677,673,224,460,10.05,1534,1519
09,Ciudad de México,007,Iztapalapa,0001,Total AGEB urbana,5427,000,4283,1141,344,791,9.87,2381,2326
09,Ciudad de México,007,Iztapalapa,0001,Total AGEB urbana,5431,000,2463,805,460,651,12.22,1352,1325
09,Ciudad de México,007,Iztapalapa,0001,Total AGEB urbana,5446,000,4124,1245,638,973,12.1,2266,2231
09,Ciudad de México,007,Iztapalapa,0001,Total AGEB urbana,5450,000,3458,852,330,617,9.76,1790,1758
09,Ciudad de México,007,Iztapalapa,0001,Total AGEB urbana,5465,000,1777,546,297,459,11.65,994,973
09,Ciudad de México,007,Iztapalapa,0001,Total AGEB urbana,547A,000,3413,973,415,701,10.54,1817,1792
09,Ciudad de México,007,Iztapalapa,0001,Total AGEB urbana,5484,000,4151,1374,702,1045,11.96,2347,2275
09,Ciudad de México,007,Iztapalapa,0001,Total AGEB urbana,5499,000,4474,1115,343,702,9.3,2417,2365
09,Ciudad de México,007,Iztapalapa,0001,Total AGEB urbana,5501,000,6014,1465,333,757,8.28,3170,3099
09,Ciudad de México,007,Iztapalapa,0001,Total AGEB urbana,5516,000,4913,1184,382,682,8.85,2658,2609
09,Ciudad de México,007,Iztapalapa,0001,Total AGEB urbana,5520,000,3557,831,110,578,8.27,1763,1693
09,Ciudad de México,007,Iztapalapa,0001,Total AGEB urbana,5535,000,4112,1230,436,910,10.76,2217,2162
09,Ciudad de México,007,Iztapalapa,0001,Total AGEB urbana,554A,000,2658,872,416,671,11.87,1527,1508
09,Ciudad de México,007,Iztapalapa,0001,Total AGEB urbana,5554,000,2894,774,273,488,9.83,1508,1475
09,Ciudad de México,007,Iztapalapa,0001,Total AGEB urbana,5569,000,4114,1233,466,887,10.73,2176,2144
09,Ciudad de México,007,Iztapalapa,0001,Total AGEB urbana,5573,000,3451,871,266,509,9.33,1807,1753
09,Ciudad de México,007,Iztapalapa,0001,Total AGEB urbana,5588,000,4157,1065,326,613,8.99,2172,2116
09,Ciudad de México,007,Iztapalapa,0001,Total AGEB urbana,5592,000,1833,511,253,394,11.62,971,957
09,Ciudad de México,007,Iztapalapa,0001,Total AGEB urbana,5605,000,4180,1289,638,980,11.48,2378,2335
09,Ciudad de México,007,Iztapalapa,0001,Total AGEB urbana,561A,000,1261,431,260,394,13.08,725,700
09,Ciudad de México,007,Iztapalapa,0001,Total AGEB urbana,5624,000,3644,977,531,780,11.47,2044,1990
09,Ciudad de México,007,Iztapalapa,0001,Total AGEB urbana,5639,000,1737,463,105,236,9.27,902,888
09,Ciudad de México,007,Iztapalapa,0001,Total AGEB urbana,5643,000,836,253,63,159,9.96,496,490
09,Ciudad de México,007,Iztapalapa,0001,Total AGEB urbana,5658,000,7959,2021,358,643,8.59,4215,4155
09,Ciudad de México,007,Iztapalapa,0001,Total AGEB urbana,5662,000,2312,588,213,342,9.1,1275,1267
09,Ciudad de México,007,Iztapalapa,0001,Total AGEB urbana,5677,000,5416,1367,582,942,10.29,2958,2923
09,Ciudad de México,007,Iztapalapa,0001,Total AGEB urbana,5681,000,6838,2372,778,1604,10.81,4008,3941
09,Ciudad de México,007,Iztapalapa,0001,Total AGEB urbana,5696,000,1765,567,130,295,9.71,1018,1007
09,Ciudad de México,007,Iztapalapa,0001,Total AGEB urbana,5709,000,2911,814,323,581,10.73,1628,1604
09,Ciudad de México,007,Iztapalapa,0001,Total AGEB urbana,5713,000,3338,1007,400,746,11.12,1867,1821
09,Ciudad de México,007,Iztapalapa,0001,Total AGEB urbana,5728,000,1591,374,116,222,9.57,892,884
09,Ciudad de México,007,Iztapalapa,0001,Total AGEB urbana,5732,000,2692,776,266,536,10.29,1476,1445
09,Ciudad de México,007,Iztapalapa,0001,Total AGEB urbana,5747,000,1979,520,168,390,10.17,1095,1078
09,Ciudad de México,007,Iztapalapa,0001,Total AGEB urbana,5751,000,1984,536,182,414,10.44,990,940
09,Ciudad de México,007,Iztapalapa,0001,Total AGEB urbana,5766,000,2047,536,168,393,10.4,1148,1115
09,Ciudad de México,007,Iztapalapa,0001,Total AGEB urbana,5770,000,1531,449,161,352,10.78,853,821
09,Ciudad de México,007,Iztapalapa,0001,Total AGEB urbana,5785,000,500,138,26,90,8.89,268,255
09,Ciudad de México,007,Iztapalapa,0001,Total AGEB urbana,579A,000,364,93,16,67,9.71,187,183
09,Ciudad de México,007,Iztapalapa,0001,Total AGEB urbana,5802,000,463,141,34,105,10.18,258,247
09,Ciudad de México,007,Iztapalapa,0001,Total AGEB urbana,5817,000,504,157,34,127,9.96,298,294
09,Ciudad de México,007,Iztapalapa,0001,Total AGEB urbana,5821,000,468,146,47,103,10.64,258,253
09,Ciudad de México,007,Iztapalapa,0001,Total AGEB urbana,5836,000,492,164,51,112,10.46,290,285
09,Ciudad de México,007,Iztapalapa,0001,Total AGEB urbana,5840,000,755,206,40,123,9.71,410,397
09,Ciudad de México,007,Iztapalapa,0001,Total AGEB urbana,5855,000,560,150,35,100,9.41,293,280
09,Ciudad de México,007,Iztapalapa,0001,Total AGEB urbana,586A,000,2523,825,607,754,13.32,1371,1342
09,Ciudad de México,007,Iztapalapa,0001,Total AGEB urbana,5874,000,1628,520,437,492,14.46,899,870
09,Ciudad de México,007,Iztapalapa,0001,Total AGEB urbana,5889,000,2195,667,259,474,11.17,1266,1243
09,Ciudad de México,007,Iztapalapa,0001,Total AGEB urbana,5893,000,5778,1708,760,1343,11.32,3320,3253
09,Ciudad de México,007,Iztapalapa,0001,Total AGEB urbana,5906,000,3780,1128,480,788,11.39,2075,2041
09,Ciudad de México,007,Iztapalapa,0001,Total AGEB urbana,5910,000,3698,1164,397,824,11.21,2198,2156
09,Ciudad de México,007,Iztapalapa,0001,Total AGEB urbana,5925,000,3653,1293,569,1060,12.13,2161,2125
09,Ciudad de México,007,Iztapalapa,0001,Total AGEB urbana,593A,000,3627,1095,227,711,9.59,2012,1979
09,Ciudad de México,008,La Magdalena Contreras,0001,Total AGEB urbana,0014,000,1704,667,474,604,13.76,935,914
09,Ciudad de México,008,La Magdalena Contreras,0001,Total AGEB urbana,0029,000,1293,480,277,421,13.18,653,639
09,Ciudad de México,008,La Magdalena Contreras,0001,Total AGEB urbana,0033,000,594,224,123,196,12.99,320,308
09,Ciudad de México,008,La Magdalena Contreras,0001,Total AGEB urbana,0048,000,2569,960,564,808,12.96,1435,1399
09,Ciudad de México,008,La Magdalena Contreras,0001,Total AGEB urbana,0052,000,2382,818,744,776,14.16,1307,1270
09,Ciudad de México,008,La Magdalena Contreras,0001,Total AGEB urbana,0067,000,771,297,179,264,13.23,421,407
09,Ciudad de México,008,La Magdalena Contreras,0001,Total AGEB urbana,0071,000,1074,406,225,341,13.15,599,593
09,Ciudad de México,008,La Magdalena Contreras,0001,Total AGEB urbana,0086,000,3234,1177,1031,1112,15.1,1990,1945
09,Ciudad de México,008,La Magdalena Contreras,0001,Total AGEB urbana,0090,000,6182,1597,563,1144,10.11,3278,3201
09,Ciudad de México,008,La Magdalena Contreras,0001,Total AGEB urbana,0103,000,5677,1494,593,1094,10.26,3201,3134
09,Ciudad de México,008,La Magdalena Contreras,0001,Total AGEB urbana,0118,000,5588,1606,1440,1521,14.32,2893,2845
09,Ciudad de México,008,La Magdalena Contreras,0001,Total AGEB urbana,0122,000,1839,562,409,507,13.53,1062,1040
09,Ciudad de México,008,La Magdalena Contreras,0001,Total AGEB urbana,0137,000,7781,2050,703,1442,10.01,3973,3882
09,Ciudad de México,008,La Magdalena Contreras,0001,Total AGEB urbana,0141,000,4742,1336,587,959,10.88,2690,2620
09,Ciudad de México,008,La Magdalena Contreras,0001,Total AGEB urbana,0156,000,3779,1021,364,739,10.51,2054,1998
09,Ciudad de México,008,La Magdalena Contreras,0001,Total AGEB urbana,0160,000,4021,1073,656,888,12.4,2228,2170
09,Ciudad de México,008,La Magdalena Contreras,0001,Total AGEB urbana,0175,000,1415,442,361,403,13.99,808,770
09,Ciudad de México,008,La Magdalena Contreras,0001,Total AGEB urbana,018A,000,2321,669,368,544,11.86,1307,1263
09,Ciudad de México,008,La Magdalena Contreras,0001,Total AGEB urbana,0194,000,3249,980,678,821,12.75,1825,1780
09,Ciudad de México,008,La Magdalena Contreras,0001,Total AGEB urbana,0207,000,5197,1440,614,1042,10.76,2860,2755
09,Ciudad de México,008,La Magdalena Contreras,0001,Total AGEB urbana,0211,000,5516,1525,909,1254,12.03,2966,2851
09,Ciudad de México,008,La Magdalena Contreras,0001,Total AGEB urbana,0226,000,3917,1097,481,799,10.93,2078,2024
09,Ciudad de México,008,La Magdalena Contreras,0001,Total AGEB urbana,0230,000,4286,1279,625,921,11.42,2349,2303
09,Ciudad de México,008,La Magdalena Contreras,0001,Total AGEB urbana,0245,000,2847,777,461,630,11.87,1491,1466
09,Ciudad de México,008,La Magdalena Contreras,0001,Total AGEB urbana,025A,000,3734,1039,652,880,12.39,2031,1947
09,Ciudad de México,008,La Magdalena Contreras,0001,Total AGEB urbana,0264,000,5201,1461,777,1178,11.67,2817,2756
09,Ciudad de México,008,La Magdalena Contreras,0001,Total AGEB urbana,0283,000,4642,1449,908,1219,12.74,2544,2519
09,Ciudad de México,008,La Magdalena Contreras,0001,Total AGEB urbana,0298,000,2262,618,249,448,10.69,1180,1154
09,Ciudad de México,008,La Magdalena Contreras,0001,Total AGEB urbana,0300,000,6547,1735,1019,1419,11.97,3556,3501
09,Ciudad de México,008,La Magdalena Contreras,0001,Total AGEB urbana,0315,000,4031,1149,601,869,12.16,2145,2101
09,Ciudad de México,008,La Magdalena Contreras,0001,Total AGEB urbana,032A,000,5394,1515,710,1153,11.16,2956,2912
09,Ciudad de México,008,La Magdalena Contreras,0001,Total AGEB urbana,0334,000,2848,757,352,530,11.4,1576,1516
09,Ciudad de México,008,La Magdalena Contreras,0001,Total AGEB urbana,0349,000,9652,2558,1248,2109,11.02,5131,4915
09,Ciudad de México,008,La Magdalena Contreras,0001,Total AGEB urbana,0353,000,4361,1193,579,934,11.23,2416,2348
09,Ciudad de México,008,La Magdalena Contreras,0001,Total AGEB urbana,0387,000,9890,2524,866,1746,9.83,5110,5004
09,Ciudad de México,008,La Magdalena Contreras,0001,Total AGEB urbana,0404,000,8605,2268,951,1642,10.47,4397,4306
09,Ciudad de México,008,La Magdalena Contreras,0001,Total AGEB urbana,0423,000,8887,2362,809,1631,9.81,4742,4629
09,Ciudad de México,008,La Magdalena Contreras,0001,Total AGEB urbana,0438,000,6170,1634,502,1035,9.65,3359,3301
09,Ciudad de México,008,La Magdalena Contreras,0001,Total AGEB urbana,0457,000,7657,2003,645,1266,9.21,4132,4002
09,Ciudad de México,008,La Magdalena Contreras,0001,Total AGEB urbana,0461,000,9520,2403,961,1635,9.51,5191,5031
09,Ciudad de México,008,La Magdalena Contreras,0001,Total AGEB urbana,0476,000,6192,1566,388,857,8.68,3325,3218
09,Ciudad de México,008,La Magdalena Contreras,0001,Total AGEB urbana,0495,000,4250,1207,570,932,11.35,2323,2267
09,Ciudad de México,008,La Magdalena Contreras,0001,Total AGEB urbana,0508,000,1233,476,430,460,15.15,647,634
09,Ciudad de México,008,La Magdalena Contreras,0001,Total AGEB urbana,0512,000,8047,2211,650,1396,9.26,3796,3617
09,Ciudad de México,008,La Magdalena Contreras,0001,Total AGEB urbana,0527,000,8287,2134,572,1443,9.55,4512,4373
09,Ciudad de México,008,La Magdalena Contreras,0001,Total AGEB urbana,0531,000,4235,1045,335,732,9.75,2202,2119
09,Ciudad de México,008,La Magdalena Contreras,0001,Total AGEB urbana,0546,000,5931,1475,544,1033,9.86,3240,3158
09,Ciudad de México,008,La Magdalena Contreras,0001,Total AGEB urbana,0550,000,6008,1527,557,1083,10.02,3351,3262
09,Ciudad de México,008,La Magdalena Contreras,0001,Total AGEB urbana,0565,000,4313,1202,501,834,10.37,2210,2158
09,Ciudad de México,008,La Magdalena Contreras,0001,Total AGEB urbana,057A,000,9341,2402,743,1670,9.38,5022,4908
09,Ciudad de México,008,La Magdalena Contreras,0001,Total AGEB urbana,0584,000,5314,1376,405,970,9.17,2674,2562
09,Ciudad de México,008,La Magdalena Contreras,0001,Total AGEB urbana,0599,000,1898,506,154,249,8.16,1028,1014
09,Ciudad de México,009,Milpa Alta,0001,Total AGEB urbana,0026,000,3378,900,404,601,10.55,1907,1892
09,Ciudad de México,009,Milpa Alta,0001,Total AGEB urbana,0308,000,3177,773,389,450,10.38,1840,1818
09,Ciudad de México,009,Milpa Alta,0001,Total AGEB urbana,0312,000,4448,1124,472,534,10.09,2688,2670
09,Ciudad de México,009,Milpa Alta,0001,Total AGEB urbana,0327,000,2324,632,285,410,10.53,1342,1336
09,Ciudad de México,009,Milpa Alta,0001,Total AGEB urbana,0331,000,2761,661,281,343,9.99,1576,1552
09,Ciudad de México,009,Milpa Alta,0001,Total AGEB urbana,0492,000,416,110,51,51,10.05,229,223
09,Ciudad de México,009,Milpa Alta,0001,Total AGEB urbana,0505,000,722,175,80,103,9.89,425,423
09,Ciudad de México,009,Milpa Alta,0001,Total AGEB urbana,0562,000,987,247,111,116,9.6,560,542
09,Ciudad de México,009,Milpa Alta,0011,Total AGEB urbana,0401,000,10423,2791,1070,1869,10.49,5577,5506
09,Ciudad de México,009,Milpa Alta,0011,Total AGEB urbana,0416,000,3231,865,318,540,10.56,1768,1746
09,Ciudad de México,009,Milpa Alta,0011,Total AGEB urbana,0420,000,7426,1918,688,1305,10.53,3962,3892
09,Ciudad de México,009,Milpa Alta,0011,Total AGEB urbana,0435,000,5442,1341,517,844,10.26,2982,2923
09,Ciudad de México,009,Milpa Alta,0011,Total AGEB urbana,051A,000,971,244,78,133,9.6,494,492
09,Ciudad de México,009,Milpa Alta,0011,Total AGEB urbana,0543,000,275,62,23,37,10.33,161,160
09,Ciudad de México,009,Milpa Alta,0015,Total AGEB urbana,012A,000,4933,1331,534,746,10.42,2409,2347
09,Ciudad de México,009,Milpa Alta,0017,Total AGEB urbana,0365,000,4952,1286,617,692,10.09,2812,2791
09,Ciudad de México,009,Milpa Alta,0017,Total AGEB urbana,037A,000,3368,863,357,381,9.7,2009,1987
09,Ciudad de México,009,Milpa Alta,0017,Total AGEB urbana,0384,000,3799,977,461,449,10.23,2289,2256
09,Ciudad de México,009,Milpa Alta,0017,Total AGEB urbana,0399,000,1635,446,219,179,10.17,947,935
09,Ciudad de México,009,Milpa Alta,0017,Total AGEB urbana,0558,000,165,41,16,18,9.03,93,91
09,Ciudad de México,009,Milpa Alta,0024,Total AGEB urbana,0191,000,5998,1520,473,877,9.93,3194,3132
09,Ciudad de México,009,Milpa Alta,0024,Total AGEB urbana,0204,000,4866,1243,401,746,10.18,2396,2357
09,Ciudad de México,009,Milpa Alta,0024,Total AGEB urbana,0219,000,4502,1124,388,677,10.09,2305,2254
09,Ciudad de México,009,Milpa Alta,0024,Total AGEB urbana,0577,000,1152,292,101,150,9.86,617,607
09,Ciudad de México,009,Milpa Alta,0024,Total AGEB urbana,0581,000,382,100,32,59,10.01,208,204
09,Ciudad de México,009,Milpa Alta,0024,Total AGEB urbana,0596,000,681,179,64,106,10.28,322,317
09,Ciudad de México,009,Milpa Alta,0024,Total AGEB urbana,0651,000,134,30,7,18,8.93,60,60
09,Ciudad de México,009,Milpa Alta,0029,Total AGEB urbana,044A,000,1588,414,207,207,10.6,964,953
09,Ciudad de México,009,Milpa Alta,0029,Total AGEB urbana,0454,000,1395,367,158,160,9.72,788,777
09,Ciudad de México,009,Milpa Alta,0029,Total AGEB urbana,0469,000,3035,766,368,289,9.81,1896,1889
09,Ciudad de México,009,Milpa Alta,0029,Total AGEB urbana,0473,000,3057,755,323,312,9.33,1815,1803
09,Ciudad de México,009,Milpa Alta,0029,Total AGEB urbana,0609,000,159,40,14,10,8.08,79,75
09,Ciudad de México,009,Milpa Alta,0033,Total AGEB urbana,0346,000,5875,1475,543,886,9.75,3011,2952
09,Ciudad de México,009,Milpa Alta,0033,Total AGEB urbana,0350,000,9142,2314,903,1389,10.11,4821,4757
09,Ciudad de México,009,Milpa Alta,0033,Total AGEB urbana,0488,000,1830,444,158,273,9.54,1047,1040
09,Ciudad de México,009,Milpa Alta,0036,Total AGEB urbana,0223,000,3527,957,390,323,10.4,1919,1863
09,Ciudad de México,009,Milpa Alta,0036,Total AGEB urbana,0238,000,3357,882,355,295,10.08,1896,1881
09,Ciudad de México,009,Milpa Alta,0036,Total AGEB urbana,0242,000,4831,1191,467,412,10.08,2557,2520
09,Ciudad de México,009,Milpa Alta,0152,Total AGEB urbana,0613,000,2338,611,294,170,9.36,1520,1515
09,Ciudad de México,009,Milpa Alta,0152,Total AGEB urbana,0628,000,1950,501,196,135,9.33,1136,1132
09,Ciudad de México,009,Milpa Alta,0300,Total AGEB urbana,0632,000,2109,510,182,259,9.92,1056,1032
09,Ciudad de México,009,Milpa Alta,0300,Total AGEB urbana,0647,000,1969,498,201,262,9.78,958,942
09,Ciudad de México,010,Álvaro Obregón,0001,Total AGEB urbana,0012,000,1720,547,327,453,12.99,930,898
09,Ciudad de México,010,Álvaro Obregón,0001,Total AGEB urbana,0027,000,2510,839,513,720,13.51,1383,1348
09,Ciudad de México,010,Álvaro Obregón,0001,Total AGEB urbana,0031,000,3440,1004,382,771,11.57,1923,1862
09,Ciudad de México,010,Álvaro Obregón,0001,Total AGEB urbana,0046,000,5330,1394,434,1000,10.26,3036,2954
09,Ciudad de México,010,Álvaro Obregón,0001,Total AGEB urbana,0050,000,4144,1240,442,818,10.7,2453,2391
09,Ciudad de México,010,Álvaro Obregón,0001,Total AGEB urbana,0065,000,5548,1839,533,1207,10.55,3329,3262
09,Ciudad de México,010,Álvaro Obregón,0001,Total AGEB urbana,0084,000,2608,839,361,603,11.22,1427,1422
09,Ciudad de México,010,Álvaro Obregón,0001,Total AGEB urbana,0099,000,3822,959,376,641,10.52,2091,2021
09,Ciudad de México,010,Álvaro Obregón,0001,Total AGEB urbana,0101,000,1491,426,187,332,11.43,983,978
09,Ciudad de México,010,Álvaro Obregón,0001,Total AGEB urbana,0116,000,4232,1174,372,805,10.12,2317,2248
09,Ciudad de México,010,Álvaro Obregón,0001,Total AGEB urbana,0135,000,21198,8070,5849,7512,13.9,13648,13335
09,Ciudad de México,010,Álvaro Obregón,0001,Total AGEB urbana,014A,000,4198,1277,551,967,11.39,2401,2357
09,Ciudad de México,010,Álvaro Obregón,0001,Total AGEB urbana,0169,000,2493,599,201,440,10.49,1233,1176
09,Ciudad de México,010,Álvaro Obregón,0001,Total AGEB urbana,0173,000,4303,1270,475,925,10.54,2325,2278
09,Ciudad de México,010,Álvaro Obregón,0001,Total AGEB urbana,0188,000,675,260,129,194,12.67,330,329
09,Ciudad de México,010,Álvaro Obregón,0001,Total AGEB urbana,0192,000,654,291,90,226,12.33,377,364
09,Ciudad de México,010,Álvaro Obregón,0001,Total AGEB urbana,0205,000,532,186,106,164,13.26,273,267
09,Ciudad de México,010,Álvaro Obregón,0001,Total AGEB urbana,021A,000,678,217,114,187,13.14,351,339
09,Ciudad de México,010,Álvaro Obregón,0001,Total AGEB urbana,0224,000,499,165,92,136,13.29,274,268
09,Ciudad de México,010,Álvaro Obregón,0001,Total AGEB urbana,0239,000,975,367,169,301,12.66,554,537
09,Ciudad de México,010,Álvaro Obregón,0001,Total AGEB urbana,0243,000,7522,1998,749,1370,10.37,3943,3857
09,Ciudad de México,010,Álvaro Obregón,0001,Total AGEB urbana,0258,000,734,257,129,219,12.4,372,366
09,Ciudad de México,010,Álvaro Obregón,0001,Total AGEB urbana,0262,000,451,154,97,133,12.28,244,237
09,Ciudad de México,010,Álvaro Obregón,0001,Total AGEB urbana,0277,000,456,153,76,128,13.37,235,227
09,Ciudad de México,010,Álvaro Obregón,0001,Total AGEB urbana,0281,000,237,68,66,64,13.6,127,127
09,Ciudad de México,010,Álvaro Obregón,0001,Total AGEB urbana,0296,000,2489,694,304,505,11.16,1331,1293
09,Ciudad de México,010,Álvaro Obregón,0001,Total AGEB urbana,0309,000,3842,1065,466,826,10.73,2140,2093
09,Ciudad de México,010,Álvaro Obregón,0001,Total AGEB urbana,0313,000,5423,1301,446,938,10.06,3077,3002
09,Ciudad de México,010,Álvaro Obregón,0001,Total AGEB urbana,0328,000,6914,1949,620,1397,10.09,3755,3683
09,Ciudad de México,010,Álvaro Obregón,0001,Total AGEB urbana,0332,000,4719,1361,418,947,10.33,2572,2505
09,Ciudad de México,010,Álvaro Obregón,0001,Total AGEB urbana,0347,000,3737,1094,331,679,10.28,2070,2022
09,Ciudad de México,010,Álvaro Obregón,0001,Total AGEB urbana,0351,000,4430,1292,449,895,10.14,2464,2409
09,Ciudad de México,010,Álvaro Obregón,0001,Total AGEB urbana,0370,000,3343,949,189,625,8.97,1794,1739
09,Ciudad de México,010,Álvaro Obregón,0001,Total AGEB urbana,0385,000,3058,690,152,459,9.59,1599,1554
09,Ciudad de México,010,Álvaro Obregón,0001,Total AGEB urbana,0417,000,1933,674,462,592,13.46,1077,1060
09,Ciudad de México,010,Álvaro Obregón,0001,Total AGEB urbana,0421,000,5467,1417,484,968,9.97,3023,2953
09,Ciudad de México,010,Álvaro Obregón,0001,Total AGEB urbana,0440,000,4748,1303,389,834,9.56,2545,2478
09,Ciudad de México,010,Álvaro Obregón,0001,Total AGEB urbana,0455,000,3157,831,404,590,11.13,1695,1670
09,Ciudad de México,010,Álvaro Obregón,0001,Total AGEB urbana,0474,000,9421,2413,737,1599,9.61,4932,4834
09,Ciudad de México,010,Álvaro Obregón,0001,Total AGEB urbana,0489,000,3751,1031,354,718,9.99,2035,1979
09,Ciudad de México,010,Álvaro Obregón,0001,Total AGEB urbana,0493,000,4638,1324,442,940,10.6,2489,2431
09,Ciudad de México,010,Álvaro Obregón,0001,Total AGEB urbana,0506,000,2719,707,210,475,9.66,1496,1479
09,Ciudad de México,010,Álvaro Obregón,0001,Total AGEB urbana,0510,000,3573,1209,676,1003,12.83,2060,2028
09,Ciudad de México,010,Álvaro Obregón,0001,Total AGEB urbana,0525,000,2348,773,373,639,12.56,1364,1339
09,Ciudad de México,010,Álvaro Obregón,0001,Total AGEB urbana,053A,000,4574,1296,517,959,10.62,2522,2473
09,Ciudad de México,010,Álvaro Obregón,0001,Total AGEB urbana,0544,000,2482,761,412,565,11.17,1410,1384
09,Ciudad de México,010,Álvaro Obregón,0001,Total AGEB urbana,0559,000,2371,822,620,736,13.68,1403,1380
09,Ciudad de México,010,Álvaro Obregón,0001,Total AGEB urbana,0563,000,9225,2552,792,1785,10.35,5030,4883
09,Ciudad de México,010,Álvaro Obregón,0001,Total AGEB urbana,0578,000,6964,2021,837,1586,11.08,3803,3691
09,Ciudad de México,010,Álvaro Obregón,0001,Total AGEB urbana,0597,000,3848,1083,377,775,10.59,2166,2103
09,Ciudad de México,010,Álvaro Obregón,0001,Total AGEB urbana,060A,000,2671,779,327,582,11.44,1582,1534
09,Ciudad de México,010,Álvaro Obregón,0001,Total AGEB urbana,0614,000,2078,659,309,503,12.41,1110,1076
09,Ciudad de México,010,Álvaro Obregón,0001,Total AGEB urbana,0629,000,2510,839,402,677,12.25,1443,1400
09,Ciudad de México,010,Álvaro Obregón,0001,Total AGEB urbana,0633,000,1888,575,295,500,12.35,1053,1017
09,Ciudad de México,010,Álvaro Obregón,0001,Total AGEB urbana,0648,000,1560,650,510,613,14.9,884,853
09,Ciudad de México,010,Álvaro Obregón,0001,Total AGEB urbana,0667,000,5010,1460,596,988,10.46,2861,2771
09,Ciudad de México,010,Álvaro Obregón,0001,Total AGEB urbana,0671,000,4314,1505,1240,1403,14.19,2515,2462
09,Ciudad de México,010,Álvaro Obregón,0001,Total AGEB urbana,0686,000,2695,905,790,850,14.5,1505,1427
09,Ciudad de México,010,Álvaro Obregón,0001,Total AGEB urbana,0690,000,3546,1232,777,1049,13.03,2154,2097
09,Ciudad de México,010,Álvaro Obregón,0001,Total AGEB urbana,0703,000,1913,743,297,615,13.07,1071,1053
09,Ciudad de México,010,Álvaro Obregón,0001,Total AGEB urbana,0718,000,969,349,134,296,12.82,542,528
09,Ciudad de México,010,Álvaro Obregón,0001,Total AGEB urbana,0722,000,2280,838,334,696,12.71,1309,1269
09,Ciudad de México,010,Álvaro Obregón,0001,Total AGEB urbana,0737,000,621,289,155,267,12.41,377,368
09,Ciudad de México,010,Álvaro Obregón,0001,Total AGEB urbana,0741,000,3250,912,359,688,10.75,1667,1627
09,Ciudad de México,010,Álvaro Obregón,0001,Total AGEB urbana,0756,000,1488,524,212,450,12.53,902,868
09,Ciudad de México,010,Álvaro Obregón,0001,Total AGEB urbana,0760,000,841,311,127,256,13.02,483,476
09,Ciudad de México,010,Álvaro Obregón,0001,Total AGEB urbana,0775,000,1396,536,244,431,12.6,747,727
09,Ciudad de México,010,Álvaro Obregón,0001,Total AGEB urbana,078A,000,1113,425,175,358,12.79,640,612
09,Ciudad de México,010,Álvaro Obregón,0001,Total AGEB urbana,0794,000,757,294,129,241,13.42,444,431
09,Ciudad de México,010,Álvaro Obregón,0001,Total AGEB urbana,0807,000,1866,683,303,582,13.09,1106,1076
09,Ciudad de México,010,Álvaro Obregón,0001,Total AGEB urbana,0811,000,1230,497,317,442,14.43,772,752
09,Ciudad de México,010,Álvaro Obregón,0001,Total AGEB urbana,0826,000,779,278,162,231,13.33,457,447
09,Ciudad de México,010,Álvaro Obregón,0001,Total AGEB urbana,0830,000,774,303,191,274,14.01,433,417
09,Ciudad de México,010,Álvaro Obregón,0001,Total AGEB urbana,0845,000,1543,529,315,450,13.01,922,921
09,Ciudad de México,010,Álvaro Obregón,0001,Total AGEB urbana,0864,000,5942,1396,522,951,9.52,3083,3000
09,Ciudad de México,010,Álvaro Obregón,0001,Total AGEB urbana,0898,000,2279,638,364,528,11.45,1153,1131
09,Ciudad de México,010,Álvaro Obregón,0001,Total AGEB urbana,0900,000,2362,657,318,468,10.69,1310,1271
09,Ciudad de México,010,Álvaro Obregón,0001,Total AGEB urbana,0915,000,2776,897,794,849,14.56,1516,1488
09,Ciudad de México,010,Álvaro Obregón,0001,Total AGEB urbana,092A,000,2553,718,429,586,11.42,1378,1362
09,Ciudad de México,010,Álvaro Obregón,0001,Total AGEB urbana,0949,000,1094,382,328,363,14.82,609,601
09,Ciudad de México,010,Álvaro Obregón,0001,Total AGEB urbana,0953,000,1943,687,603,640,14.05,1139,1127
09,Ciudad de México,010,Álvaro Obregón,0001,Total AGEB urbana,0968,000,4987,1644,1229,1443,13.37,2908,2857
09,Ciudad de México,010,Álvaro Obregón,0001,Total AGEB urbana,0972,000,3219,1172,969,1086,14.63,1870,1820
09,Ciudad de México,010,Álvaro Obregón,0001,Total AGEB urbana,0987,000,1969,789,587,744,14.59,1216,1196
09,Ciudad de México,010,Álvaro Obregón,0001,Total AGEB urbana,0991,000,2679,887,792,846,14.81,1591,1567
09,Ciudad de México,010,Álvaro Obregón,0001,Total AGEB urbana,1006,000,2910,939,723,860,14.03,1775,1755
09,Ciudad de México,010,Álvaro Obregón,0001,Total AGEB urbana,1010,000,2582,871,682,787,13.63,1511,1483
09,Ciudad de México,010,Álvaro Obregón,0001,Total AGEB urbana,1025,000,681,243,201,232,13.92,438,426
09,Ciudad de México,010,Álvaro Obregón,0001,Total AGEB urbana,103A,000,1813,587,464,514,13.6,1034,1017
09,Ciudad de México,010,Álvaro Obregón,0001,Total AGEB urbana,1044,000,2563,806,658,721,13.91,1568,1551
09,Ciudad de México,010,Álvaro Obregón,0001,Total AGEB urbana,1059,000,3145,1338,1150,1288,15.49,1908,1877
09,Ciudad de México,010,Álvaro Obregón,0001,Total AGEB urbana,1063,000,3028,986,845,927,14.63,1712,1665
09,Ciudad de México,010,Álvaro Obregón,0001,Total AGEB urbana,1078,000,5883,1693,786,1306,11.03,3306,3230
09,Ciudad de México,010,Álvaro Obregón,0001,Total AGEB urbana,110A,000,3881,1349,1018,1252,13.71,2340,2305
09,Ciudad de México,010,Álvaro Obregón,0001,Total AGEB urbana,1114,000,864,281,266,274,14.56,540,537
09,Ciudad de México,010,Álvaro Obregón,0001,Total AGEB urbana,1129,000,1218,383,339,360,14.32,734,729
09,Ciudad de México,010,Álvaro Obregón,0001,Total AGEB urbana,1133,000,2203,769,632,733,14.95,1371,1348
09,Ciudad de México,010,Álvaro Obregón,0001,Total AGEB urbana,1148,000,5277,1598,1445,1480,14.45,2991,2919
09,Ciudad de México,010,Álvaro Obregón,0001,Total AGEB urbana,1152,000,2719,849,825,832,14.96,1434,1400
09,Ciudad de México,010,Álvaro Obregón,0001,Total AGEB urbana,1171,000,13918,4637,2911,3856,12.37,8144,7997
09,Ciudad de México,010,Álvaro Obregón,0001,Total AGEB urbana,1186,000,3320,1122,728,958,12.75,1961,1929
09,Ciudad de México,010,Álvaro Obregón,0001,Total AGEB urbana,1190,000,3425,1211,551,1000,12.84,1773,1747
09,Ciudad de México,010,Álvaro Obregón,0001,Total AGEB urbana,1203,000,396,154,89,129,13.72,249,245
09,Ciudad de México,010,Álvaro Obregón,0001,Total AGEB urbana,1218,000,2825,1036,773,875,13.61,1712,1690
09,Ciudad de México,010,Álvaro Obregón,0001,Total AGEB urbana,1222,000,4628,1425,651,1136,11.9,2442,2388
09,Ciudad de México,010,Álvaro Obregón,0001,Total AGEB urbana,1237,000,4443,1472,951,1256,12.78,2431,2382
09,Ciudad de México,010,Álvaro Obregón,0001,Total AGEB urbana,1241,000,5752,2170,1560,1994,14.04,3506,3435
09,Ciudad de México,010,Álvaro Obregón,0001,Total AGEB urbana,1260,000,3638,970,935,956,14.02,2035,2000
09,Ciudad de México,010,Álvaro Obregón,0001,Total AGEB urbana,1275,000,3017,805,782,791,14.05,1818,1783
09,Ciudad de México,010,Álvaro Obregón,0001,Total AGEB urbana,128A,000,2309,694,645,667,14.13,1367,1349
09,Ciudad de México,010,Álvaro Obregón,0001,Total AGEB urbana,1294,000,3322,876,842,837,13.9,1971,1959
09,Ciudad de México,010,Álvaro Obregón,0001,Total AGEB urbana,1307,000,2914,855,808,831,14.29,1722,1702
09,Ciudad de México,010,Álvaro Obregón,0001,Total AGEB urbana,1330,000,8619,2277,1318,1688,11,4648,4512
09,Ciudad de México,010,Álvaro Obregón,0001,Total AGEB urbana,1345,000,7215,1885,708,1299,10.06,3832,3741
09,Ciudad de México,010,Álvaro Obregón,0001,Total AGEB urbana,135A,000,6908,1743,676,1245,10.3,3693,3632
09,Ciudad de México,010,Álvaro Obregón,0001,Total AGEB urbana,1364,000,6072,1596,525,1153,9.83,3205,3145
09,Ciudad de México,010,Álvaro Obregón,0001,Total AGEB urbana,1379,000,2298,682,514,618,12.88,1348,1317
09,Ciudad de México,010,Álvaro Obregón,0001,Total AGEB urbana,1434,000,5554,1360,561,1020,10.5,2932,2843
09,Ciudad de México,010,Álvaro Obregón,0001,Total AGEB urbana,1453,000,4876,1006,268,666,9.39,2584,2526
09,Ciudad de México,010,Álvaro Obregón,0001,Total AGEB urbana,1468,000,2600,654,125,390,8.99,1320,1288
09,Ciudad de México,010,Álvaro Obregón,0001,Total AGEB urbana,1472,000,3788,881,265,578,9.28,2022,1991
09,Ciudad de México,010,Álvaro Obregón,0001,Total AGEB urbana,1487,000,4629,1295,348,715,9.47,2560,2492
09,Ciudad de México,010,Álvaro Obregón,0001,Total AGEB urbana,1519,000,4650,1170,425,738,9.76,2386,2336
09,Ciudad de México,010,Álvaro Obregón,0001,Total AGEB urbana,1523,000,3528,914,254,552,9.51,1880,1842
09,Ciudad de México,010,Álvaro Obregón,0001,Total AGEB urbana,1542,000,2898,889,696,801,13.19,1687,1659
09,Ciudad de México,010,Álvaro Obregón,0001,Total AGEB urbana,1557,000,6638,1898,687,1245,9.83,3546,3432
09,Ciudad de México,010,Álvaro Obregón,0001,Total AGEB urbana,1561,000,3060,841,232,559,9.49,1650,1613
09,Ciudad de México,010,Álvaro Obregón,0001,Total AGEB urbana,1580,000,6453,1787,692,1244,10.33,3420,3354
09,Ciudad de México,010,Álvaro Obregón,0001,Total AGEB urbana,1595,000,6197,1499,496,983,9.52,3183,3097
09,Ciudad de México,010,Álvaro Obregón,0001,Total AGEB urbana,1627,000,5748,1508,701,1056,10.47,3433,3365
09,Ciudad de México,010,Álvaro Obregón,0001,Total AGEB urbana,1631,000,4992,1176,507,891,10.03,2934,2905
09,Ciudad de México,010,Álvaro Obregón,0001,Total AGEB urbana,1646,000,4731,1091,420,796,9.59,2377,2335
09,Ciudad de México,010,Álvaro Obregón,0001,Total AGEB urbana,1650,000,4628,1149,472,851,9.88,2414,2365
09,Ciudad de México,010,Álvaro Obregón,0001,Total AGEB urbana,1665,000,1940,518,233,374,10.52,1247,1226
09,Ciudad de México,010,Álvaro Obregón,0001,Total AGEB urbana,167A,000,8067,2220,855,1519,10.23,4225,4094
09,Ciudad de México,010,Álvaro Obregón,0001,Total AGEB urbana,1684,000,5661,1562,783,1173,11.07,3169,3079
09,Ciudad de México,010,Álvaro Obregón,0001,Total AGEB urbana,1699,000,9388,2478,1063,1718,10.21,5227,5149
09,Ciudad de México,010,Álvaro Obregón,0001,Total AGEB urbana,1716,000,7042,1859,513,1181,9.34,4117,4059
09,Ciudad de México,010,Álvaro Obregón,0001,Total AGEB urbana,1720,000,4093,1013,488,706,10.21,2400,2360
09,Ciudad de México,010,Álvaro Obregón,0001,Total AGEB urbana,1735,000,9161,2271,876,1478,9.61,5011,4892
09,Ciudad de México,010,Álvaro Obregón,0001,Total AGEB urbana,174A,000,9998,2604,899,1649,9.4,5649,5497
09,Ciudad de México,010,Álvaro Obregón,0001,Total AGEB urbana,1754,000,3230,850,280,552,9.38,1900,1837
09,Ciudad de México,010,Álvaro Obregón,0001,Total AGEB urbana,1769,000,9985,2631,1394,2004,10.83,5342,5246
09,Ciudad de México,010,Álvaro Obregón,0001,Total AGEB urbana,1773,000,4680,1252,481,947,10.92,2526,2466
09,Ciudad de México,010,Álvaro Obregón,0001,Total AGEB urbana,1788,000,4219,755,280,580,9.86,2391,2347
09,Ciudad de México,010,Álvaro Obregón,0001,Total AGEB urbana,1792,000,3160,921,283,673,10.51,1639,1606
09,Ciudad de México,010,Álvaro Obregón,0001,Total AGEB urbana,1805,000,3603,952,322,663,10.33,2020,1982
09,Ciudad de México,010,Álvaro Obregón,0001,Total AGEB urbana,181A,000,5355,1561,636,1108,10.65,2938,2915
09,Ciudad de México,010,Álvaro Obregón,0001,Total AGEB urbana,1824,000,4908,1598,661,1176,10.74,2804,2767
09,Ciudad de México,010,Álvaro Obregón,0001,Total AGEB urbana,1839,000,4896,1372,613,1056,10.53,2722,2642
09,Ciudad de México,010,Álvaro Obregón,0001,Total AGEB urbana,1843,000,8392,2452,1132,1733,10.94,4679,4570
09,Ciudad de México,010,Álvaro Obregón,0001,Total AGEB urbana,1858,000,12053,3896,2810,3388,12.95,6823,6706
09,Ciudad de México,010,Álvaro Obregón,0001,Total AGEB urbana,1881,000,4044,1270,1074,1187,14.2,2344,2257
09,Ciudad de México,010,Álvaro Obregón,0001,Total AGEB urbana,1913,000,3983,1122,480,876,10.78,2128,2077
09,Ciudad de México,010,Álvaro Obregón,0001,Total AGEB urbana,1928,000,2144,670,370,589,12.15,1177,1150
09,Ciudad de México,010,Álvaro Obregón,0001,Total AGEB urbana,1932,000,2659,749,176,438,9.04,1409,1371
09,Ciudad de México,010,Álvaro Obregón,0001,Total AGEB urbana,1947,000,4280,1253,678,950,11.18,2354,2319
09,Ciudad de México,010,Álvaro Obregón,0001,Total AGEB urbana,1951,000,6009,1638,407,1049,8.87,3134,3085
09,Ciudad de México,010,Álvaro Obregón,0001,Total AGEB urbana,1966,000,3156,930,481,695,11.21,1671,1633
09,Ciudad de México,010,Álvaro Obregón,0001,Total AGEB urbana,1970,000,4427,1234,499,866,10.29,2220,2160
09,Ciudad de México,010,Álvaro Obregón,0001,Total AGEB urbana,1985,000,4355,1024,273,627,8.7,2345,2265
09,Ciudad de México,010,Álvaro Obregón,0001,Total AGEB urbana,199A,000,3207,816,272,548,9.46,1704,1678
09,Ciudad de México,010,Álvaro Obregón,0001,Total AGEB urbana,2004,000,0,0,0,0,0.00,0,0
09,Ciudad de México,010,Álvaro Obregón,0001,Total AGEB urbana,2019,000,3273,782,250,499,9.25,1603,1564
09,Ciudad de México,010,Álvaro Obregón,0001,Total AGEB urbana,2023,000,4169,1081,292,654,9.75,2226,2186
09,Ciudad de México,010,Álvaro Obregón,0001,Total AGEB urbana,2038,000,4207,1010,367,669,9.62,2209,2155
09,Ciudad de México,010,Álvaro Obregón,0001,Total AGEB urbana,2042,000,3847,1055,287,686,9.37,2021,1972
09,Ciudad de México,010,Álvaro Obregón,0001,Total AGEB urbana,2057,000,3669,1009,409,644,10.06,1964,1909
09,Ciudad de México,010,Álvaro Obregón,0001,Total AGEB urbana,2061,000,8541,2594,1813,2281,12.87,4375,4259
09,Ciudad de México,010,Álvaro Obregón,0001,Total AGEB urbana,2076,000,3152,771,290,559,10.3,1662,1597
09,Ciudad de México,010,Álvaro Obregón,0001,Total AGEB urbana,2080,000,2501,806,510,692,12.44,1510,1473
09,Ciudad de México,010,Álvaro Obregón,0001,Total AGEB urbana,2095,000,5597,1598,707,1180,10.99,3306,3229
09,Ciudad de México,010,Álvaro Obregón,0001,Total AGEB urbana,2108,000,3889,788,268,544,9.13,2058,1975
09,Ciudad de México,010,Álvaro Obregón,0001,Total AGEB urbana,2112,000,9888,2612,944,1898,10.14,5576,5492
09,Ciudad de México,010,Álvaro Obregón,0001,Total AGEB urbana,2131,000,1859,574,286,470,12.33,971,935
09,Ciudad de México,010,Álvaro Obregón,0001,Total AGEB urbana,2146,000,2832,993,401,806,11.54,1721,1685
09,Ciudad de México,010,Álvaro Obregón,0001,Total AGEB urbana,2150,000,4588,1612,732,1290,12.29,2610,2517
09,Ciudad de México,010,Álvaro Obregón,0001,Total AGEB urbana,2165,000,3201,912,302,594,10.09,1765,1737
09,Ciudad de México,010,Álvaro Obregón,0001,Total AGEB urbana,2184,000,1979,608,307,458,11.35,1137,1105
09,Ciudad de México,010,Álvaro Obregón,0001,Total AGEB urbana,2199,000,4398,1140,501,851,10.66,2459,2411
09,Ciudad de México,010,Álvaro Obregón,0001,Total AGEB urbana,2201,000,3148,807,295,586,9.45,1786,1759
09,Ciudad de México,010,Álvaro Obregón,0001,Total AGEB urbana,2216,000,4171,995,323,577,9.04,2169,2114
09,Ciudad de México,010,Álvaro Obregón,0001,Total AGEB urbana,2220,000,3537,779,297,500,9.41,1834,1792
09,Ciudad de México,010,Álvaro Obregón,0001,Total AGEB urbana,2235,000,2796,772,404,603,9.77,1695,1674
09,Ciudad de México,010,Álvaro Obregón,0001,Total AGEB urbana,224A,000,3148,820,442,661,11.15,1689,1670
09,Ciudad de México,010,Álvaro Obregón,0001,Total AGEB urbana,2254,000,4676,1371,735,1161,11.9,2642,2588
09,Ciudad de México,010,Álvaro Obregón,0001,Total AGEB urbana,2269,000,1809,565,368,459,12.46,1023,1007
09,Ciudad de México,010,Álvaro Obregón,0001,Total AGEB urbana,2273,000,80,20,16,19,13.17,52,51
09,Ciudad de México,010,Álvaro Obregón,0001,Total AGEB urbana,2288,000,5792,1500,884,1285,11.84,3252,3169
09,Ciudad de México,010,Álvaro Obregón,0001,Total AGEB urbana,2292,000,6933,2037,1107,1689,11.67,4023,3921
09,Ciudad de México,010,Álvaro Obregón,0001,Total AGEB urbana,2305,000,4002,1003,245,491,9.13,2084,2004
09,Ciudad de México,010,Álvaro Obregón,0001,Total AGEB urbana,231A,000,2927,815,383,676,11.4,1686,1642
09,Ciudad de México,010,Álvaro Obregón,0001,Total AGEB urbana,2324,000,2742,668,298,462,10.16,1449,1421
09,Ciudad de México,010,Álvaro Obregón,0001,Total AGEB urbana,2339,000,3534,855,699,785,13.06,1906,1883
09,Ciudad de México,010,Álvaro Obregón,0001,Total AGEB urbana,2343,000,4863,1193,429,799,9.29,2495,2462
09,Ciudad de México,010,Álvaro Obregón,0001,Total AGEB urbana,2358,000,3083,826,638,739,12.76,1699,1679
09,Ciudad de México,010,Álvaro Obregón,0001,Total AGEB urbana,2362,000,2279,593,236,460,10.63,1322,1274
09,Ciudad de México,010,Álvaro Obregón,0001,Total AGEB urbana,2377,000,2502,764,436,652,12.32,1463,1419
09,Ciudad de México,010,Álvaro Obregón,0001,Total AGEB urbana,2381,000,21,7,*,4,10.83,14,14
09,Ciudad de México,011,Tláhuac,0001,Total AGEB urbana,001A,000,5957,1762,734,1285,10.92,3366,3313
09,Ciudad de México,011,Tláhuac,0001,Total AGEB urbana,0039,000,6748,1973,833,1486,11.21,3622,3562
09,Ciudad de México,011,Tláhuac,0001,Total AGEB urbana,0043,000,5601,1370,552,951,10.54,2641,2551
09,Ciudad de México,011,Tláhuac,0001,Total AGEB urbana,0058,000,4075,1243,565,960,11.6,2258,2208
09,Ciudad de México,011,Tláhuac,0001,Total AGEB urbana,0077,000,3150,893,338,660,10.76,1612,1570
09,Ciudad de México,011,Tláhuac,0001,Total AGEB urbana,0096,000,3480,954,409,716,10.9,2049,2016
09,Ciudad de México,011,Tláhuac,0001,Total AGEB urbana,0113,000,2643,750,265,519,10.65,1315,1281
09,Ciudad de México,011,Tláhuac,0001,Total AGEB urbana,0128,000,3792,951,396,685,10.6,1812,1755
09,Ciudad de México,011,Tláhuac,0001,Total AGEB urbana,0132,000,5343,1495,533,987,10.57,2887,2825
09,Ciudad de México,011,Tláhuac,0001,Total AGEB urbana,0147,000,3155,870,327,568,11.02,1546,1485
09,Ciudad de México,011,Tláhuac,0001,Total AGEB urbana,0151,000,1796,507,176,314,10.37,905,894
09,Ciudad de México,011,Tláhuac,0001,Total AGEB urbana,0166,000,2853,774,289,502,10.58,1493,1458
09,Ciudad de México,011,Tláhuac,0001,Total AGEB urbana,0170,000,4060,1150,527,709,10.8,2072,2023
09,Ciudad de México,011,Tláhuac,0001,Total AGEB urbana,0185,000,4384,1228,526,864,10.63,2225,2194
09,Ciudad de México,011,Tláhuac,0001,Total AGEB urbana,0202,000,3995,1081,383,748,10.23,2142,2088
09,Ciudad de México,011,Tláhuac,0001,Total AGEB urbana,0217,000,5895,1651,716,1265,10.93,3233,3162
09,Ciudad de México,011,Tláhuac,0001,Total AGEB urbana,0240,000,3183,890,326,563,10.88,1610,1555
09,Ciudad de México,011,Tláhuac,0001,Total AGEB urbana,0255,000,1754,480,176,290,10.94,847,825
09,Ciudad de México,011,Tláhuac,0001,Total AGEB urbana,026A,000,2090,669,308,465,11.34,1094,1071
09,Ciudad de México,011,Tláhuac,0001,Total AGEB urbana,0274,000,3768,1047,394,631,10.51,1957,1919
09,Ciudad de México,011,Tláhuac,0001,Total AGEB urbana,0289,000,3179,853,362,593,10.81,1679,1646
09,Ciudad de México,011,Tláhuac,0001,Total AGEB urbana,0306,000,2664,715,291,498,10.09,1477,1444
09,Ciudad de México,011,Tláhuac,0001,Total AGEB urbana,0310,000,3465,952,378,700,10.44,1931,1895
09,Ciudad de México,011,Tláhuac,0001,Total AGEB urbana,0325,000,3675,1022,481,775,10.85,2115,2068
09,Ciudad de México,011,Tláhuac,0001,Total AGEB urbana,0344,000,1211,324,149,241,11.28,659,642
09,Ciudad de México,011,Tláhuac,0001,Total AGEB urbana,0359,000,2251,605,243,411,10.98,1173,1155
09,Ciudad de México,011,Tláhuac,0001,Total AGEB urbana,0363,000,2660,705,294,493,10.93,1297,1266
09,Ciudad de México,011,Tláhuac,0001,Total AGEB urbana,0378,000,2181,507,232,357,10.95,1142,1106
09,Ciudad de México,011,Tláhuac,0001,Total AGEB urbana,0382,000,1053,302,129,207,10.95,554,538
09,Ciudad de México,011,Tláhuac,0001,Total AGEB urbana,0397,000,1728,459,192,319,10.82,867,849
09,Ciudad de México,011,Tláhuac,0001,Total AGEB urbana,040A,000,1655,425,173,295,11.06,793,768
09,Ciudad de México,011,Tláhuac,0001,Total AGEB urbana,0414,000,1716,432,183,287,10.61,802,763
09,Ciudad de México,011,Tláhuac,0001,Total AGEB urbana,0433,000,2480,651,285,459,11.67,1291,1252
09,Ciudad de México,011,Tláhuac,0001,Total AGEB urbana,0448,000,1599,403,158,291,11.29,770,749
09,Ciudad de México,011,Tláhuac,0001,Total AGEB urbana,0452,000,9689,2488,925,1767,10.52,4906,4803
09,Ciudad de México,011,Tláhuac,0001,Total AGEB urbana,0575,000,5666,1484,616,958,10.39,2929,2854
09,Ciudad de México,011,Tláhuac,0001,Total AGEB urbana,0594,000,7502,1927,516,1144,9.17,3841,3805
09,Ciudad de México,011,Tláhuac,0001,Total AGEB urbana,0607,000,5135,1360,393,953,9.33,2874,2830
09,Ciudad de México,011,Tláhuac,0001,Total AGEB urbana,0626,000,3835,1103,494,841,11.45,2158,2117
09,Ciudad de México,011,Tláhuac,0001,Total AGEB urbana,0630,000,2814,776,325,548,10.53,1523,1488
09,Ciudad de México,011,Tláhuac,0001,Total AGEB urbana,0645,000,4898,1231,456,884,10.14,2638,2583
09,Ciudad de México,011,Tláhuac,0001,Total AGEB urbana,065A,000,3703,951,365,699,10.33,1875,1840
09,Ciudad de México,011,Tláhuac,0001,Total AGEB urbana,0664,000,6573,1840,572,1205,9.94,3477,3416
09,Ciudad de México,011,Tláhuac,0001,Total AGEB urbana,0679,000,3892,1031,362,688,10.42,1872,1817
09,Ciudad de México,011,Tláhuac,0001,Total AGEB urbana,0753,000,8372,2268,808,1495,10.3,4031,3965
09,Ciudad de México,011,Tláhuac,0001,Total AGEB urbana,0768,000,18,4,*,0,10.08,8,7
09,Ciudad de México,011,Tláhuac,0001,Total AGEB urbana,0772,000,2516,628,254,372,10.23,1243,1242
09,Ciudad de México,011,Tláhuac,0001,Total AGEB urbana,0804,000,183,55,25,40,10.39,98,97
09,Ciudad de México,011,Tláhuac,0001,Total AGEB urbana,0819,000,2145,561,222,417,10.14,1147,1117
09,Ciudad de México,011,Tláhuac,0001,Total AGEB urbana,0823,000,444,119,42,68,9.99,251,240
09,Ciudad de México,011,Tláhuac,0001,Total AGEB urbana,0927,000,3863,1044,411,732,10.54,2139,2097
09,Ciudad de México,011,Tláhuac,0001,Total AGEB urbana,0931,000,4259,1131,453,723,10.15,2215,2157
09,Ciudad de México,011,Tláhuac,0001,Total AGEB urbana,0946,000,3676,933,381,640,10.62,1886,1852
09,Ciudad de México,011,Tláhuac,0001,Total AGEB urbana,0950,000,7862,1932,675,1281,10.31,4143,4034
09,Ciudad de México,011,Tláhuac,0001,Total AGEB urbana,0984,000,4106,1074,540,756,10.9,1997,1958
09,Ciudad de México,011,Tláhuac,0001,Total AGEB urbana,0999,000,2558,651,241,369,9.68,1216,1162
09,Ciudad de México,011,Tláhuac,0001,Total AGEB urbana,1056,000,1877,621,302,519,12.31,1103,1079
09,Ciudad de México,011,Tláhuac,0001,Total AGEB urbana,1075,000,2196,764,310,582,11.79,1353,1337
09,Ciudad de México,011,Tláhuac,0001,Total AGEB urbana,108A,000,2415,789,364,640,12.13,1418,1378
09,Ciudad de México,011,Tláhuac,0001,Total AGEB urbana,1094,000,548,129,49,91,9.99,287,282
09,Ciudad de México,011,Tláhuac,0001,Total AGEB urbana,1111,000,4445,1166,418,787,9.96,2359,2310
09,Ciudad de México,011,Tláhuac,0001,Total AGEB urbana,1145,000,3396,1078,454,831,11.78,1908,1864
09,Ciudad de México,011,Tláhuac,0001,Total AGEB urbana,122A,000,3513,971,273,615,10.07,1855,1800
09,Ciudad de México,011,Tláhuac,0001,Total AGEB urbana,1234,000,2980,936,371,669,11.07,1635,1598
09,Ciudad de México,011,Tláhuac,0001,Total AGEB urbana,1249,000,5265,1372,420,892,10.02,2793,2732
09,Ciudad de México,011,Tláhuac,0001,Total AGEB urbana,1253,000,2582,740,274,564,10.68,1383,1343
09,Ciudad de México,011,Tláhuac,0001,Total AGEB urbana,1268,000,4936,1480,635,1124,11.51,2657,2595
09,Ciudad de México,011,Tláhuac,0001,Total AGEB urbana,1272,000,2822,906,433,719,11.6,1498,1442
09,Ciudad de México,011,Tláhuac,0001,Total AGEB urbana,1287,000,1979,538,194,398,10.89,1123,1084
09,Ciudad de México,011,Tláhuac,0001,Total AGEB urbana,1291,000,3091,860,336,601,10.52,1662,1638
09,Ciudad de México,011,Tláhuac,0001,Total AGEB urbana,1304,000,1301,435,239,364,12.35,770,741
09,Ciudad de México,011,Tláhuac,0001,Total AGEB urbana,1319,000,1886,652,286,501,12.04,1297,1279
09,Ciudad de México,011,Tláhuac,0001,Total AGEB urbana,1323,000,702,219,87,184,11.79,447,437
09,Ciudad de México,011,Tláhuac,0001,Total AGEB urbana,1338,000,3577,1031,324,697,9.92,1887,1872
09,Ciudad de México,011,Tláhuac,0001,Total AGEB urbana,1342,000,945,321,91,231,11.04,533,520
09,Ciudad de México,011,Tláhuac,0001,Total AGEB urbana,1357,000,9088,2813,1083,2039,11.15,5169,5067
09,Ciudad de México,011,Tláhuac,0001,Total AGEB urbana,1361,000,4873,1611,642,1192,11.63,2755,2688
09,Ciudad de México,011,Tláhuac,0001,Total AGEB urbana,1376,000,7148,2324,985,1812,11.65,4143,4040
09,Ciudad de México,011,Tláhuac,0001,Total AGEB urbana,1380,000,2511,648,233,199,9.45,1223,1204
09,Ciudad de México,011,Tláhuac,0001,Total AGEB urbana,1395,000,1799,434,151,141,9.18,892,879
09,Ciudad de México,011,Tláhuac,0001,Total AGEB urbana,1412,000,3617,888,381,588,9.7,1903,1887
09,Ciudad de México,011,Tláhuac,0001,Total AGEB urbana,1427,000,5292,1322,519,930,11.04,2760,2690
09,Ciudad de México,011,Tláhuac,0001,Total AGEB urbana,1431,000,5167,1327,457,751,9.66,2646,2608
09,Ciudad de México,011,Tláhuac,0001,Total AGEB urbana,1446,000,3561,935,346,647,10.17,1918,1897
09,Ciudad de México,011,Tláhuac,0001,Total AGEB urbana,1450,000,3046,823,280,395,9.85,1619,1589
09,Ciudad de México,011,Tláhuac,0001,Total AGEB urbana,1465,000,4499,1409,555,1071,11.27,2528,2498
09,Ciudad de México,011,Tláhuac,0001,Total AGEB urbana,147A,000,4283,1207,462,886,10.77,2338,2303
09,Ciudad de México,011,Tláhuac,0001,Total AGEB urbana,1484,000,5241,1373,574,894,10.6,2641,2588
09,Ciudad de México,011,Tláhuac,0001,Total AGEB urbana,1499,000,6166,1552,572,1031,10,3195,3142
09,Ciudad de México,011,Tláhuac,0001,Total AGEB urbana,1535,000,1920,485,208,122,8.89,969,959
09,Ciudad de México,011,Tláhuac,0001,Total AGEB urbana,154A,000,2156,611,232,375,10.25,1215,1196
09,Ciudad de México,011,Tláhuac,0011,Total AGEB urbana,072A,000,4723,1077,356,645,10.46,2505,2465
09,Ciudad de México,011,Tláhuac,0011,Total AGEB urbana,1037,000,4071,890,288,526,10.38,2098,2079
09,Ciudad de México,011,Tláhuac,0011,Total AGEB urbana,1041,000,5116,1224,419,646,10.11,2700,2642
09,Ciudad de México,011,Tláhuac,0021,Total AGEB urbana,0787,000,1696,471,195,288,10.41,915,890
09,Ciudad de México,011,Tláhuac,0021,Total AGEB urbana,0791,000,406,95,41,70,9.82,193,184
09,Ciudad de México,011,Tláhuac,0021,Total AGEB urbana,1003,000,11218,2974,1283,2065,10.38,5707,5563
09,Ciudad de México,011,Tláhuac,0021,Total AGEB urbana,1018,000,3055,790,329,500,10.46,1593,1562
09,Ciudad de México,011,Tláhuac,0021,Total AGEB urbana,1022,000,2720,739,300,469,10.23,1305,1291
09,Ciudad de México,011,Tláhuac,0021,Total AGEB urbana,115A,000,8857,2274,874,1502,10.1,4524,4410
09,Ciudad de México,011,Tláhuac,0021,Total AGEB urbana,1516,000,75,18,7,4,9.06,27,27
09,Ciudad de México,011,Tláhuac,0024,Total AGEB urbana,0734,000,2619,705,326,430,10.49,1309,1294
09,Ciudad de México,011,Tláhuac,0024,Total AGEB urbana,0749,000,306,73,39,52,11.14,146,143
09,Ciudad de México,011,Tláhuac,0024,Total AGEB urbana,1183,000,1088,273,111,157,10.35,556,550
09,Ciudad de México,011,Tláhuac,0024,Total AGEB urbana,1408,000,832,218,75,99,9.65,403,394
09,Ciudad de México,011,Tláhuac,0024,Total AGEB urbana,1520,000,74,21,6,5,8.35,25,24
09,Ciudad de México,011,Tláhuac,0026,Total AGEB urbana,0965,000,4504,1215,534,792,10.38,2145,2124
09,Ciudad de México,011,Tláhuac,0026,Total AGEB urbana,097A,000,4795,1236,522,874,10.33,2418,2388
09,Ciudad de México,011,Tláhuac,0026,Total AGEB urbana,1164,000,2209,605,249,287,9.61,1113,1085
09,Ciudad de México,011,Tláhuac,0026,Total AGEB urbana,1501,000,136,31,14,18,9.42,63,63
09,Ciudad de México,011,Tláhuac,0110,Total AGEB urbana,1107,000,3050,841,137,191,7.83,1604,1576
09,Ciudad de México,012,Tlalpan,0001,Total AGEB urbana,0017,000,1691,692,634,663,14.8,997,982
09,Ciudad de México,012,Tlalpan,0001,Total AGEB urbana,0021,000,671,204,192,199,15.17,409,396
09,Ciudad de México,012,Tlalpan,0001,Total AGEB urbana,0040,000,1162,417,350,392,14.34,705,695
09,Ciudad de México,012,Tlalpan,0001,Total AGEB urbana,0074,000,1813,631,606,614,15.06,1019,999
09,Ciudad de México,012,Tlalpan,0001,Total AGEB urbana,0089,000,0,0,0,0,0.00,0,0
09,Ciudad de México,012,Tlalpan,0001,Total AGEB urbana,0093,000,1875,800,634,770,16.15,1116,1082
09,Ciudad de México,012,Tlalpan,0001,Total AGEB urbana,0106,000,305,123,63,106,14.61,202,192
09,Ciudad de México,012,Tlalpan,0001,Total AGEB urbana,0125,000,3367,937,328,690,10.69,1942,1891
09,Ciudad de México,012,Tlalpan,0001,Total AGEB urbana,013A,000,3264,994,409,790,11.23,1900,1853
09,Ciudad de México,012,Tlalpan,0001,Total AGEB urbana,0144,000,2232,709,493,637,13.5,1260,1243
09,Ciudad de México,012,Tlalpan,0001,Total AGEB urbana,0159,000,3220,992,376,711,11.24,1831,1801
09,Ciudad de México,012,Tlalpan,0001,Total AGEB urbana,0163,000,3244,928,428,745,11.52,1725,1708
09,Ciudad de México,012,Tlalpan,0001,Total AGEB urbana,0178,000,2841,859,525,732,12.3,1541,1501
09,Ciudad de México,012,Tlalpan,0001,Total AGEB urbana,0182,000,6006,1633,709,1200,10.84,3199,3148
09,Ciudad de México,012,Tlalpan,0001,Total AGEB urbana,0197,000,1985,708,611,653,14.63,1116,1076
09,Ciudad de México,012,Tlalpan,0001,Total AGEB urbana,020A,000,1693,563,461,509,14.31,843,798
09,Ciudad de México,012,Tlalpan,0001,Total AGEB urbana,0214,000,1867,582,513,537,14.55,935,904
09,Ciudad de México,012,Tlalpan,0001,Total AGEB urbana,0229,000,1868,650,558,597,14.57,1034,1014
09,Ciudad de México,012,Tlalpan,0001,Total AGEB urbana,0233,000,3761,1302,1136,1222,14.91,2000,1951
09,Ciudad de México,012,Tlalpan,0001,Total AGEB urbana,0248,000,576,179,168,169,14.28,275,269
09,Ciudad de México,012,Tlalpan,0001,Total AGEB urbana,0267,000,1902,683,595,662,14.54,1141,1117
09,Ciudad de México,012,Tlalpan,0001,Total AGEB urbana,0303,000,5375,1491,612,1081,10.75,2880,2809
09,Ciudad de México,012,Tlalpan,0001,Total AGEB urbana,0318,000,3591,1082,540,822,11.18,1904,1886
09,Ciudad de México,012,Tlalpan,0001,Total AGEB urbana,0322,000,4837,1352,638,985,10.74,2778,2743
09,Ciudad de México,012,Tlalpan,0001,Total AGEB urbana,0337,000,4009,1153,549,844,10.79,2302,2260
09,Ciudad de México,012,Tlalpan,0001,Total AGEB urbana,0341,000,2923,862,657,776,13.06,1703,1678
09,Ciudad de México,012,Tlalpan,0001,Total AGEB urbana,0360,000,4479,1473,764,1253,12.75,2663,2597
09,Ciudad de México,012,Tlalpan,0001,Total AGEB urbana,0375,000,1884,628,394,553,13.31,1077,1041
09,Ciudad de México,012,Tlalpan,0001,Total AGEB urbana,038A,000,769,160,110,133,10.63,363,359
09,Ciudad de México,012,Tlalpan,0001,Total AGEB urbana,0394,000,1458,411,277,358,13.29,775,765
09,Ciudad de México,012,Tlalpan,0001,Total AGEB urbana,0407,000,935,263,190,220,13.2,499,484
09,Ciudad de México,012,Tlalpan,0001,Total AGEB urbana,0411,000,1095,389,313,357,14.74,634,625
09,Ciudad de México,012,Tlalpan,0001,Total AGEB urbana,0426,000,2154,639,357,553,12.75,1190,1150
09,Ciudad de México,012,Tlalpan,0001,Total AGEB urbana,0430,000,2844,943,536,834,13.45,1617,1578
09,Ciudad de México,012,Tlalpan,0001,Total AGEB urbana,0445,000,2730,881,510,724,12.93,1611,1571
09,Ciudad de México,012,Tlalpan,0001,Total AGEB urbana,045A,000,3668,1120,721,956,12.79,1942,1875
09,Ciudad de México,012,Tlalpan,0001,Total AGEB urbana,0464,000,1353,466,364,431,13.91,729,710
09,Ciudad de México,012,Tlalpan,0001,Total AGEB urbana,0479,000,681,246,220,237,14.62,356,347
09,Ciudad de México,012,Tlalpan,0001,Total AGEB urbana,0483,000,3367,1187,994,1113,14.82,1815,1744
09,Ciudad de México,012,Tlalpan,0001,Total AGEB urbana,0498,000,2920,1001,875,947,14.49,1690,1662
09,Ciudad de México,012,Tlalpan,0001,Total AGEB urbana,0500,000,7264,1924,799,1361,10.17,3800,3693
09,Ciudad de México,012,Tlalpan,0001,Total AGEB urbana,0515,000,4311,1239,596,867,10.89,2494,2453
09,Ciudad de México,012,Tlalpan,0001,Total AGEB urbana,052A,000,3220,976,576,774,11.61,1832,1790
09,Ciudad de México,012,Tlalpan,0001,Total AGEB urbana,0534,000,1952,654,544,607,14.59,1103,1080
09,Ciudad de México,012,Tlalpan,0001,Total AGEB urbana,0549,000,2808,907,738,828,13.94,1530,1489
09,Ciudad de México,012,Tlalpan,0001,Total AGEB urbana,0553,000,4048,1333,917,1161,13.2,2237,2145
09,Ciudad de México,012,Tlalpan,0001,Total AGEB urbana,0568,000,3668,1134,812,993,13.46,1931,1901
09,Ciudad de México,012,Tlalpan,0001,Total AGEB urbana,0572,000,3323,1261,697,1107,13.68,1793,1734
09,Ciudad de México,012,Tlalpan,0001,Total AGEB urbana,0587,000,2820,1028,535,882,13.64,1498,1451
09,Ciudad de México,012,Tlalpan,0001,Total AGEB urbana,0591,000,938,308,269,293,14.41,462,449
09,Ciudad de México,012,Tlalpan,0001,Total AGEB urbana,0604,000,4628,1311,568,850,10.11,2578,2539
09,Ciudad de México,012,Tlalpan,0001,Total AGEB urbana,0619,000,3406,907,476,677,10.88,1864,1830
09,Ciudad de México,012,Tlalpan,0001,Total AGEB urbana,0623,000,3257,894,521,647,11.34,1777,1735
09,Ciudad de México,012,Tlalpan,0001,Total AGEB urbana,0638,000,3105,934,554,742,12.07,1778,1746
09,Ciudad de México,012,Tlalpan,0001,Total AGEB urbana,0642,000,2514,736,456,598,11.84,1354,1329
09,Ciudad de México,012,Tlalpan,0001,Total AGEB urbana,0657,000,1833,518,392,478,13.25,1073,1043
09,Ciudad de México,012,Tlalpan,0001,Total AGEB urbana,0661,000,1039,313,289,301,13.92,588,582
09,Ciudad de México,012,Tlalpan,0001,Total AGEB urbana,0676,000,3407,1047,562,811,11.86,2006,1972
09,Ciudad de México,012,Tlalpan,0001,Total AGEB urbana,0680,000,1570,540,287,453,13.11,910,865
09,Ciudad de México,012,Tlalpan,0001,Total AGEB urbana,0695,000,142,46,24,32,12.16,71,70
09,Ciudad de México,012,Tlalpan,0001,Total AGEB urbana,0708,000,4664,1365,623,1013,11.23,2796,2737
09,Ciudad de México,012,Tlalpan,0001,Total AGEB urbana,0712,000,2381,885,487,765,13.71,1306,1259
09,Ciudad de México,012,Tlalpan,0001,Total AGEB urbana,0727,000,2064,762,409,663,13.68,1026,1001
09,Ciudad de México,012,Tlalpan,0001,Total AGEB urbana,0731,000,1730,574,432,522,14.21,905,884
09,Ciudad de México,012,Tlalpan,0001,Total AGEB urbana,0746,000,1681,614,335,544,14,863,847
09,Ciudad de México,012,Tlalpan,0001,Total AGEB urbana,0750,000,1093,409,216,354,14.1,601,587
09,Ciudad de México,012,Tlalpan,0001,Total AGEB urbana,0765,000,2229,840,483,731,13.9,1178,1145
09,Ciudad de México,012,Tlalpan,0001,Total AGEB urbana,077A,000,5418,1538,611,1015,10.07,2928,2872
09,Ciudad de México,012,Tlalpan,0001,Total AGEB urbana,0784,000,3857,1080,538,781,10.79,2155,2106
09,Ciudad de México,012,Tlalpan,0001,Total AGEB urbana,0799,000,3477,1005,481,734,11.03,1938,1894
09,Ciudad de México,012,Tlalpan,0001,Total AGEB urbana,0801,000,3896,1115,572,799,10.81,2117,2087
09,Ciudad de México,012,Tlalpan,0001,Total AGEB urbana,0816,000,3627,997,377,676,10.2,2033,1974
09,Ciudad de México,012,Tlalpan,0001,Total AGEB urbana,0820,000,3260,964,551,758,11.4,1812,1802
09,Ciudad de México,012,Tlalpan,0001,Total AGEB urbana,0835,000,2361,676,422,541,11.66,1285,1258
09,Ciudad de México,012,Tlalpan,0001,Total AGEB urbana,084A,000,2339,702,511,604,12.79,1318,1293
09,Ciudad de México,012,Tlalpan,0001,Total AGEB urbana,0854,000,1138,345,312,326,14.79,642,640
09,Ciudad de México,012,Tlalpan,0001,Total AGEB urbana,0869,000,4651,1290,716,990,11.29,2566,2482
09,Ciudad de México,012,Tlalpan,0001,Total AGEB urbana,0888,000,4587,1524,873,1291,12.04,2813,2778
09,Ciudad de México,012,Tlalpan,0001,Total AGEB urbana,0892,000,5607,1839,1236,1575,12.89,3199,3124
09,Ciudad de México,012,Tlalpan,0001,Total AGEB urbana,0905,000,4546,1406,736,1107,11.64,2468,2433
09,Ciudad de México,012,Tlalpan,0001,Total AGEB urbana,091A,000,3968,1181,584,895,11.64,2257,2198
09,Ciudad de México,012,Tlalpan,0001,Total AGEB urbana,0924,000,5214,1831,1048,1637,13.44,3181,3099
09,Ciudad de México,012,Tlalpan,0001,Total AGEB urbana,0939,000,3144,1061,747,966,13.37,1822,1776
09,Ciudad de México,012,Tlalpan,0001,Total AGEB urbana,0943,000,2352,743,454,607,13.39,1246,1227
09,Ciudad de México,012,Tlalpan,0001,Total AGEB urbana,0958,000,1529,408,284,358,13.88,732,722
09,Ciudad de México,012,Tlalpan,0001,Total AGEB urbana,0962,000,1858,604,392,532,13.41,1093,1089
09,Ciudad de México,012,Tlalpan,0001,Total AGEB urbana,0977,000,221,74,56,68,13.21,133,133
09,Ciudad de México,012,Tlalpan,0001,Total AGEB urbana,0981,000,2639,770,482,658,12.6,1585,1552
09,Ciudad de México,012,Tlalpan,0001,Total AGEB urbana,0996,000,695,194,112,160,11.95,399,391
09,Ciudad de México,012,Tlalpan,0001,Total AGEB urbana,1000,000,1790,445,262,365,12.08,978,964
09,Ciudad de México,012,Tlalpan,0001,Total AGEB urbana,1015,000,1631,484,250,414,12.76,960,941
09,Ciudad de México,012,Tlalpan,0001,Total AGEB urbana,102A,000,3038,1050,714,951,14.02,1830,1797
09,Ciudad de México,012,Tlalpan,0001,Total AGEB urbana,1034,000,1194,384,345,365,14.68,657,637
09,Ciudad de México,012,Tlalpan,0001,Total AGEB urbana,1049,000,37,10,10,10,15.03,19,19
09,Ciudad de México,012,Tlalpan,0001,Total AGEB urbana,1053,000,1405,524,499,510,15.2,842,821
09,Ciudad de México,012,Tlalpan,0001,Total AGEB urbana,1068,000,2082,677,516,623,13.14,1186,1167
09,Ciudad de México,012,Tlalpan,0001,Total AGEB urbana,1072,000,9407,2768,1648,2240,12.21,5151,5023
09,Ciudad de México,012,Tlalpan,0001,Total AGEB urbana,1087,000,1070,440,315,420,15,596,574
09,Ciudad de México,012,Tlalpan,0001,Total AGEB urbana,1091,000,977,419,282,396,14.97,601,583
09,Ciudad de México,012,Tlalpan,0001,Total AGEB urbana,1104,000,3069,919,395,720,11.52,1822,1780
09,Ciudad de México,012,Tlalpan,0001,Total AGEB urbana,1119,000,4921,1357,610,1032,11.1,2796,2728
09,Ciudad de México,012,Tlalpan,0001,Total AGEB urbana,1123,000,3913,1048,510,801,11.34,2158,2088
09,Ciudad de México,012,Tlalpan,0001,Total AGEB urbana,1142,000,3328,1030,523,821,12.06,1980,1936
09,Ciudad de México,012,Tlalpan,0001,Total AGEB urbana,1157,000,5346,1545,745,1190,11.49,2896,2852
09,Ciudad de México,012,Tlalpan,0001,Total AGEB urbana,1161,000,5990,1659,879,1306,11.4,3352,3282
09,Ciudad de México,012,Tlalpan,0001,Total AGEB urbana,1176,000,3254,878,354,621,11.22,1714,1681
09,Ciudad de México,012,Tlalpan,0001,Total AGEB urbana,1195,000,5300,1429,612,972,10.69,2922,2865
09,Ciudad de México,012,Tlalpan,0001,Total AGEB urbana,1212,000,3550,838,293,422,9.3,1970,1943
09,Ciudad de México,012,Tlalpan,0001,Total AGEB urbana,1299,000,5328,1462,729,1026,10.75,2998,2901
09,Ciudad de México,012,Tlalpan,0001,Total AGEB urbana,1316,000,6902,1867,920,1399,11.23,4158,4096
09,Ciudad de México,012,Tlalpan,0001,Total AGEB urbana,1369,000,5374,1516,657,1015,10.35,2978,2922
09,Ciudad de México,012,Tlalpan,0001,Total AGEB urbana,1388,000,3739,1069,568,798,10.92,2059,2010
09,Ciudad de México,012,Tlalpan,0001,Total AGEB urbana,1424,000,4485,1292,574,928,11.11,2460,2391
09,Ciudad de México,012,Tlalpan,0001,Total AGEB urbana,1439,000,3716,1034,575,825,11.13,2077,2028
09,Ciudad de México,012,Tlalpan,0001,Total AGEB urbana,1443,000,4658,1332,596,912,10.51,2487,2454
09,Ciudad de México,012,Tlalpan,0001,Total AGEB urbana,1458,000,3878,1112,554,806,10.77,2136,2097
09,Ciudad de México,012,Tlalpan,0001,Total AGEB urbana,1462,000,11014,3235,1850,2455,11.5,6316,6201
09,Ciudad de México,012,Tlalpan,0001,Total AGEB urbana,1477,000,6749,1774,741,1273,10.17,3741,3655
09,Ciudad de México,012,Tlalpan,0001,Total AGEB urbana,1481,000,5592,1628,718,1097,10.73,3008,2965
09,Ciudad de México,012,Tlalpan,0001,Total AGEB urbana,1496,000,8186,2276,771,1321,9.41,4256,4185
09,Ciudad de México,012,Tlalpan,0001,Total AGEB urbana,1509,000,5341,1455,475,871,9.39,2733,2693
09,Ciudad de México,012,Tlalpan,0001,Total AGEB urbana,1513,000,5884,1574,628,1055,9.93,3125,3068
09,Ciudad de México,012,Tlalpan,0001,Total AGEB urbana,1547,000,2859,697,347,525,10.88,1600,1583
09,Ciudad de México,012,Tlalpan,0001,Total AGEB urbana,1566,000,305,77,49,64,11.85,163,161
09,Ciudad de México,012,Tlalpan,0001,Total AGEB urbana,1570,000,7052,2035,1099,1513,10.94,3871,3802
09,Ciudad de México,012,Tlalpan,0001,Total AGEB urbana,1585,000,1883,459,263,333,10.88,1116,1083
09,Ciudad de México,012,Tlalpan,0001,Total AGEB urbana,159A,000,3741,992,487,695,11.02,2128,2092
09,Ciudad de México,012,Tlalpan,0001,Total AGEB urbana,1602,000,5746,1322,606,700,10.07,2940,2899
09,Ciudad de México,012,Tlalpan,0001,Total AGEB urbana,1617,000,6711,1719,678,897,9.88,3491,3457
09,Ciudad de México,012,Tlalpan,0001,Total AGEB urbana,1621,000,5835,1602,805,1137,11.14,3379,3335
09,Ciudad de México,012,Tlalpan,0001,Total AGEB urbana,1636,000,4273,1159,637,851,11.22,2457,2395
09,Ciudad de México,012,Tlalpan,0001,Total AGEB urbana,1640,000,7425,2022,1015,1470,10.91,4129,4030
09,Ciudad de México,012,Tlalpan,0001,Total AGEB urbana,1655,000,1380,352,123,183,9.43,755,748
09,Ciudad de México,012,Tlalpan,0001,Total AGEB urbana,173A,000,1732,453,160,293,8.92,941,922
09,Ciudad de México,012,Tlalpan,0001,Total AGEB urbana,1744,000,4101,1070,495,802,10.65,2159,2108
09,Ciudad de México,012,Tlalpan,0001,Total AGEB urbana,1759,000,6,1,*,*,*,*,*
09,Ciudad de México,012,Tlalpan,0001,Total AGEB urbana,1890,000,434,117,56,102,11.74,266,261
09,Ciudad de México,012,Tlalpan,0001,Total AGEB urbana,1903,000,1255,436,122,350,11.77,739,721
09,Ciudad de México,012,Tlalpan,0001,Total AGEB urbana,1918,000,2803,971,818,923,14.59,1562,1520
09,Ciudad de México,012,Tlalpan,0001,Total AGEB urbana,1922,000,1080,449,355,406,14.6,592,569
09,Ciudad de México,012,Tlalpan,0001,Total AGEB urbana,1937,000,1884,645,404,579,13.24,1023,1002
09,Ciudad de México,012,Tlalpan,0001,Total AGEB urbana,1941,000,1424,477,341,430,13.51,780,755
09,Ciudad de México,012,Tlalpan,0001,Total AGEB urbana,1956,000,3097,957,932,941,14.43,1721,1702
09,Ciudad de México,012,Tlalpan,0001,Total AGEB urbana,1960,000,2219,700,675,684,14.57,1255,1236
09,Ciudad de México,012,Tlalpan,0001,Total AGEB urbana,1975,000,4266,1454,1038,1308,13.76,2344,2291
09,Ciudad de México,012,Tlalpan,0001,Total AGEB urbana,198A,000,1589,516,308,453,13.11,769,738
09,Ciudad de México,012,Tlalpan,0001,Total AGEB urbana,1994,000,3188,1038,805,958,14.09,1397,1372
09,Ciudad de México,012,Tlalpan,0001,Total AGEB urbana,2009,000,7701,2147,1073,1558,11.17,4155,4041
09,Ciudad de México,012,Tlalpan,0001,Total AGEB urbana,2013,000,8368,2231,1035,1579,10.95,4404,4287
09,Ciudad de México,012,Tlalpan,0001,Total AGEB urbana,2047,000,5793,1527,539,946,9.61,3078,3016
09,Ciudad de México,012,Tlalpan,0001,Total AGEB urbana,2051,000,4700,1318,472,865,9.66,2588,2547
09,Ciudad de México,012,Tlalpan,0001,Total AGEB urbana,2066,000,3434,1192,941,1089,13.5,2040,2004
09,Ciudad de México,012,Tlalpan,0001,Total AGEB urbana,2070,000,1962,703,609,676,14.06,1112,1079
09,Ciudad de México,012,Tlalpan,0001,Total AGEB urbana,2085,000,2529,941,612,825,13.73,1466,1438
09,Ciudad de México,012,Tlalpan,0001,Total AGEB urbana,2102,000,2730,990,827,945,14.79,1627,1581
09,Ciudad de México,012,Tlalpan,0001,Total AGEB urbana,2121,000,13974,4119,3032,3518,13,7931,7754
09,Ciudad de México,012,Tlalpan,0001,Total AGEB urbana,2136,000,4691,1292,704,997,11.39,2504,2450
09,Ciudad de México,012,Tlalpan,0001,Total AGEB urbana,2140,000,6515,1810,1266,1505,12.37,3495,3439
09,Ciudad de México,012,Tlalpan,0001,Total AGEB urbana,2155,000,4856,744,436,580,11.78,1278,1244
09,Ciudad de México,012,Tlalpan,0001,Total AGEB urbana,216A,000,3015,1080,920,1019,14.42,1596,1530
09,Ciudad de México,012,Tlalpan,0001,Total AGEB urbana,2174,000,1993,768,557,694,14.11,1118,1079
09,Ciudad de México,012,Tlalpan,0001,Total AGEB urbana,2189,000,5279,1507,774,1186,11.78,3043,2965
09,Ciudad de México,012,Tlalpan,0001,Total AGEB urbana,2193,000,5723,1671,808,1326,11.23,3264,3211
09,Ciudad de México,012,Tlalpan,0001,Total AGEB urbana,2206,000,4752,1185,451,788,9.17,2631,2537
09,Ciudad de México,012,Tlalpan,0001,Total AGEB urbana,2210,000,4455,1204,534,845,9.99,2535,2472
09,Ciudad de México,012,Tlalpan,0001,Total AGEB urbana,2225,000,6664,1733,636,1189,9.55,3849,3796
09,Ciudad de México,012,Tlalpan,0001,Total AGEB urbana,223A,000,7153,1952,828,1414,10.55,3925,3811
09,Ciudad de México,012,Tlalpan,0001,Total AGEB urbana,2244,000,2254,765,469,687,13.39,1515,1478
09,Ciudad de México,012,Tlalpan,0001,Total AGEB urbana,2259,000,1778,574,362,483,13.03,1060,1028
09,Ciudad de México,012,Tlalpan,0001,Total AGEB urbana,2263,000,6035,1645,642,1135,10.77,3224,3150
09,Ciudad de México,012,Tlalpan,0001,Total AGEB urbana,2278,000,3299,839,316,590,10.25,1807,1786
09,Ciudad de México,012,Tlalpan,0001,Total AGEB urbana,2282,000,5014,1393,726,1079,11.14,2844,2775
09,Ciudad de México,012,Tlalpan,0001,Total AGEB urbana,2333,000,264,59,10,17,7.61,135,134
09,Ciudad de México,012,Tlalpan,0001,Total AGEB urbana,2348,000,638,155,52,88,9.3,348,340
09,Ciudad de México,012,Tlalpan,0001,Total AGEB urbana,2352,000,915,219,110,140,10.21,513,505
09,Ciudad de México,012,Tlalpan,0001,Total AGEB urbana,2367,000,22,8,7,6,14.13,7,7
09,Ciudad de México,012,Tlalpan,0001,Total AGEB urbana,2371,000,17,4,3,3,13.73,9,8
09,Ciudad de México,012,Tlalpan,0001,Total AGEB urbana,2386,000,153,40,12,21,9.08,81,80
09,Ciudad de México,012,Tlalpan,0001,Total AGEB urbana,2441,000,10407,2750,1345,1852,10.78,5473,5315
09,Ciudad de México,012,Tlalpan,0001,Total AGEB urbana,2456,000,2522,651,347,485,10.75,1395,1343
09,Ciudad de México,012,Tlalpan,0019,Total AGEB urbana,2460,000,1532,402,170,202,9.35,771,759
09,Ciudad de México,012,Tlalpan,0019,Total AGEB urbana,2475,000,1665,404,144,136,8.48,792,764
09,Ciudad de México,012,Tlalpan,0026,Total AGEB urbana,1528,000,7452,1917,775,1246,9.74,3945,3871
09,Ciudad de México,012,Tlalpan,0026,Total AGEB urbana,1532,000,6957,1838,675,1090,9.45,3751,3689
09,Ciudad de México,012,Tlalpan,0026,Total AGEB urbana,166A,000,1406,380,157,213,9.85,772,750
09,Ciudad de México,012,Tlalpan,0026,Total AGEB urbana,1674,000,6579,1789,775,1238,10.01,3527,3452
09,Ciudad de México,012,Tlalpan,0026,Total AGEB urbana,1689,000,3496,933,437,696,10.23,1825,1813
09,Ciudad de México,012,Tlalpan,0026,Total AGEB urbana,1693,000,238,73,30,34,11,177,177
09,Ciudad de México,012,Tlalpan,0026,Total AGEB urbana,1706,000,1747,458,238,267,10.59,1003,992
09,Ciudad de México,012,Tlalpan,0026,Total AGEB urbana,1710,000,785,215,112,115,9.95,440,434
09,Ciudad de México,012,Tlalpan,0026,Total AGEB urbana,2297,000,1773,452,222,260,10,1013,990
09,Ciudad de México,012,Tlalpan,0026,Total AGEB urbana,2314,000,71,23,11,16,11.32,42,42
09,Ciudad de México,012,Tlalpan,0026,Total AGEB urbana,2329,000,357,107,73,71,10.86,214,211
09,Ciudad de México,012,Tlalpan,0026,Total AGEB urbana,2390,000,65,20,15,11,11,31,31
09,Ciudad de México,012,Tlalpan,0026,Total AGEB urbana,2403,000,2553,649,223,215,8.73,1428,1392
09,Ciudad de México,012,Tlalpan,0026,Total AGEB urbana,2418,000,2997,823,280,197,8.7,1667,1620
09,Ciudad de México,012,Tlalpan,0026,Total AGEB urbana,2437,000,505,134,67,92,9.8,285,276
09,Ciudad de México,012,Tlalpan,0026,Total AGEB urbana,248A,000,301,79,41,27,8.94,138,134
09,Ciudad de México,012,Tlalpan,0027,Total AGEB urbana,1763,000,3975,1038,500,646,10.26,2222,2202
09,Ciudad de México,012,Tlalpan,0027,Total AGEB urbana,1778,000,5838,1441,453,782,8.92,3168,3126
09,Ciudad de México,012,Tlalpan,0027,Total AGEB urbana,1782,000,6970,1741,583,819,9.28,3654,3563
09,Ciudad de México,012,Tlalpan,0027,Total AGEB urbana,1797,000,9291,2351,798,1172,9.25,4988,4867
09,Ciudad de México,012,Tlalpan,0027,Total AGEB urbana,180A,000,1369,373,192,217,10.24,776,755
09,Ciudad de México,012,Tlalpan,0027,Total AGEB urbana,2028,000,4151,993,341,544,9.39,2121,2074
09,Ciudad de México,012,Tlalpan,0027,Total AGEB urbana,2032,000,4369,1059,345,507,9.46,2338,2275
09,Ciudad de México,012,Tlalpan,0027,Total AGEB urbana,230A,000,1924,506,202,264,9.7,1099,1067
09,Ciudad de México,012,Tlalpan,0027,Total AGEB urbana,2422,000,3200,808,360,425,9.52,1712,1670
09,Ciudad de México,012,Tlalpan,0135,Total AGEB urbana,1227,000,4058,1030,461,307,8.88,2249,2202
09,Ciudad de México,013,Xochimilco,0001,Total AGEB urbana,0014,000,6567,1964,984,1503,12.01,3630,3540
09,Ciudad de México,013,Xochimilco,0001,Total AGEB urbana,0029,000,2146,654,548,576,13.68,1162,1116
09,Ciudad de México,013,Xochimilco,0001,Total AGEB urbana,0033,000,2991,1046,915,965,14.44,1547,1512
09,Ciudad de México,013,Xochimilco,0001,Total AGEB urbana,0052,000,202,50,5,18,8.58,102,97
09,Ciudad de México,013,Xochimilco,0001,Total AGEB urbana,0067,000,8457,2518,1563,2053,12.68,4663,4537
09,Ciudad de México,013,Xochimilco,0001,Total AGEB urbana,0086,000,2233,735,470,602,13.01,1386,1360
09,Ciudad de México,013,Xochimilco,0001,Total AGEB urbana,0090,000,7010,1845,413,858,8.76,3744,3645
09,Ciudad de México,013,Xochimilco,0001,Total AGEB urbana,0122,000,3234,857,333,645,12.26,1593,1545
09,Ciudad de México,013,Xochimilco,0001,Total AGEB urbana,0137,000,3296,825,251,554,11.4,1739,1697
09,Ciudad de México,013,Xochimilco,0001,Total AGEB urbana,0160,000,4044,1257,816,1075,13.03,2111,2073
09,Ciudad de México,013,Xochimilco,0001,Total AGEB urbana,0175,000,566,188,158,177,14.29,292,285
09,Ciudad de México,013,Xochimilco,0001,Total AGEB urbana,018A,000,1228,425,288,373,13.29,631,591
09,Ciudad de México,013,Xochimilco,0001,Total AGEB urbana,0194,000,766,276,211,245,13.8,436,421
09,Ciudad de México,013,Xochimilco,0001,Total AGEB urbana,0207,000,2878,951,703,839,13.76,1425,1355
09,Ciudad de México,013,Xochimilco,0001,Total AGEB urbana,0211,000,4509,1218,577,884,11.86,2415,2353
09,Ciudad de México,013,Xochimilco,0001,Total AGEB urbana,0226,000,1917,525,215,393,11.77,959,932
09,Ciudad de México,013,Xochimilco,0001,Total AGEB urbana,0230,000,2926,758,354,560,11.88,1510,1446
09,Ciudad de México,013,Xochimilco,0001,Total AGEB urbana,0245,000,2286,668,227,451,11.22,1194,1175
09,Ciudad de México,013,Xochimilco,0001,Total AGEB urbana,025A,000,3457,1017,411,759,11.34,1786,1768
09,Ciudad de México,013,Xochimilco,0001,Total AGEB urbana,0279,000,4570,1101,376,594,10.39,2457,2423
09,Ciudad de México,013,Xochimilco,0001,Total AGEB urbana,0283,000,5623,1539,670,1087,11.07,2986,2921
09,Ciudad de México,013,Xochimilco,0001,Total AGEB urbana,0298,000,10318,2956,1615,2271,11.76,5632,5481
09,Ciudad de México,013,Xochimilco,0001,Total AGEB urbana,0300,000,880,233,119,159,11.62,445,427
09,Ciudad de México,013,Xochimilco,0001,Total AGEB urbana,0315,000,2045,660,575,605,14.56,980,951
09,Ciudad de México,013,Xochimilco,0001,Total AGEB urbana,032A,000,13,2,*,*,*,*,*
09,Ciudad de México,013,Xochimilco,0001,Total AGEB urbana,0334,000,6075,1693,780,1209,11.91,3349,3273
09,Ciudad de México,013,Xochimilco,0001,Total AGEB urbana,0353,000,5085,1244,419,788,10.99,2627,2582
09,Ciudad de México,013,Xochimilco,0001,Total AGEB urbana,0368,000,11731,2970,963,1599,10.42,6209,6079
09,Ciudad de México,013,Xochimilco,0001,Total AGEB urbana,0372,000,5104,1275,553,885,10.87,2637,2562
09,Ciudad de México,013,Xochimilco,0001,Total AGEB urbana,0387,000,6531,1674,694,1092,10.81,3328,3244
09,Ciudad de México,013,Xochimilco,0001,Total AGEB urbana,0391,000,2513,718,465,579,12.66,1312,1274
09,Ciudad de México,013,Xochimilco,0001,Total AGEB urbana,0404,000,2374,833,575,708,12.87,1322,1296
09,Ciudad de México,013,Xochimilco,0001,Total AGEB urbana,0419,000,4481,1400,705,1087,12.18,2441,2361
09,Ciudad de México,013,Xochimilco,0001,Total AGEB urbana,0423,000,939,269,77,162,10.53,547,533
09,Ciudad de México,013,Xochimilco,0001,Total AGEB urbana,0438,000,1537,400,170,257,10.7,833,820
09,Ciudad de México,013,Xochimilco,0001,Total AGEB urbana,0442,000,4369,1192,650,883,11.83,2322,2271
09,Ciudad de México,013,Xochimilco,0001,Total AGEB urbana,0461,000,6559,1758,667,1139,10.66,3397,3308
09,Ciudad de México,013,Xochimilco,0001,Total AGEB urbana,0480,000,6753,1762,663,1170,10.54,3542,3465
09,Ciudad de México,013,Xochimilco,0001,Total AGEB urbana,0495,000,536,152,70,98,11.14,290,279
09,Ciudad de México,013,Xochimilco,0001,Total AGEB urbana,0508,000,6807,1878,863,1277,10.91,3691,3603
09,Ciudad de México,013,Xochimilco,0001,Total AGEB urbana,0527,000,6453,1642,630,963,10.79,3596,3551
09,Ciudad de México,013,Xochimilco,0001,Total AGEB urbana,0550,000,3162,833,373,551,11.3,1534,1498
09,Ciudad de México,013,Xochimilco,0001,Total AGEB urbana,0565,000,2947,792,307,535,11.22,1560,1533
09,Ciudad de México,013,Xochimilco,0001,Total AGEB urbana,057A,000,269,77,38,54,10.71,127,126
09,Ciudad de México,013,Xochimilco,0001,Total AGEB urbana,0599,000,5132,407,180,268,8.58,2159,2152
09,Ciudad de México,013,Xochimilco,0001,Total AGEB urbana,0601,000,5831,1431,549,897,10.49,3133,3062
09,Ciudad de México,013,Xochimilco,0001,Total AGEB urbana,064A,000,3126,848,447,624,11.36,1723,1677
09,Ciudad de México,013,Xochimilco,0001,Total AGEB urbana,0654,000,3725,1001,458,682,10.78,1977,1928
09,Ciudad de México,013,Xochimilco,0001,Total AGEB urbana,0669,000,3864,930,284,502,9.66,1917,1818
09,Ciudad de México,013,Xochimilco,0001,Total AGEB urbana,0688,000,4942,1275,373,757,10.36,2623,2567
09,Ciudad de México,013,Xochimilco,0001,Total AGEB urbana,0692,000,11447,2966,1226,1918,10.31,6145,5998
09,Ciudad de México,013,Xochimilco,0001,Total AGEB urbana,0705,000,913,227,27,119,8.82,455,454
09,Ciudad de México,013,Xochimilco,0001,Total AGEB urbana,071A,000,691,183,90,115,11.19,373,368
09,Ciudad de México,013,Xochimilco,0001,Total AGEB urbana,0724,000,934,218,33,84,9.22,509,500
09,Ciudad de México,013,Xochimilco,0001,Total AGEB urbana,0739,000,2840,724,204,384,8.67,1674,1660
09,Ciudad de México,013,Xochimilco,0001,Total AGEB urbana,0743,000,6722,1738,709,1154,10.26,3654,3567
09,Ciudad de México,013,Xochimilco,0001,Total AGEB urbana,0758,000,4419,1101,425,675,10.1,2406,2351
09,Ciudad de México,013,Xochimilco,0001,Total AGEB urbana,0762,000,1530,400,173,269,10.22,807,786
09,Ciudad de México,013,Xochimilco,0001,Total AGEB urbana,0777,000,2101,535,255,358,10.96,1166,1149
09,Ciudad de México,013,Xochimilco,0001,Total AGEB urbana,0809,000,877,223,86,97,9.26,435,430
09,Ciudad de México,013,Xochimilco,0001,Total AGEB urbana,0813,000,4180,1053,502,630,10.37,2326,2267
09,Ciudad de México,013,Xochimilco,0001,Total AGEB urbana,0828,000,3434,832,349,523,10.25,1757,1701
09,Ciudad de México,013,Xochimilco,0001,Total AGEB urbana,0832,000,754,198,84,122,9.94,439,434
09,Ciudad de México,013,Xochimilco,0001,Total AGEB urbana,0847,000,1243,323,149,186,10.43,659,640
09,Ciudad de México,013,Xochimilco,0001,Total AGEB urbana,0851,000,2606,607,160,200,9.13,1248,1235
09,Ciudad de México,013,Xochimilco,0001,Total AGEB urbana,0866,000,2156,522,193,308,9.25,1106,1081
09,Ciudad de México,013,Xochimilco,0001,Total AGEB urbana,0870,000,2133,532,207,349,9.38,1116,1101
09,Ciudad de México,013,Xochimilco,0001,Total AGEB urbana,0885,000,1161,294,117,148,9.76,630,611
09,Ciudad de México,013,Xochimilco,0001,Total AGEB urbana,089A,000,867,226,59,105,9.43,460,438
09,Ciudad de México,013,Xochimilco,0001,Total AGEB urbana,0917,000,1860,543,343,418,12.37,993,972
09,Ciudad de México,013,Xochimilco,0001,Total AGEB urbana,1027,000,5389,1422,595,969,11.01,2918,2842
09,Ciudad de México,013,Xochimilco,0001,Total AGEB urbana,1031,000,8257,2044,721,1306,10.06,4394,4308
09,Ciudad de México,013,Xochimilco,0001,Total AGEB urbana,1046,000,2097,671,321,542,12.09,1202,1167
09,Ciudad de México,013,Xochimilco,0001,Total AGEB urbana,1050,000,4156,1148,391,797,11.01,2176,2108
09,Ciudad de México,013,Xochimilco,0001,Total AGEB urbana,1065,000,4032,1247,898,1076,13.42,2378,2297
09,Ciudad de México,013,Xochimilco,0001,Total AGEB urbana,107A,000,3253,977,664,827,12.88,1676,1602
09,Ciudad de México,013,Xochimilco,0001,Total AGEB urbana,1084,000,2950,647,198,447,10.84,1584,1558
09,Ciudad de México,013,Xochimilco,0001,Total AGEB urbana,1099,000,2830,689,136,407,10.52,1451,1430
09,Ciudad de México,013,Xochimilco,0001,Total AGEB urbana,1101,000,4781,1199,186,679,9.59,2600,2561
09,Ciudad de México,013,Xochimilco,0001,Total AGEB urbana,1116,000,2848,696,210,489,10.74,1515,1490
09,Ciudad de México,013,Xochimilco,0001,Total AGEB urbana,1120,000,2499,602,235,451,11.65,1377,1333
09,Ciudad de México,013,Xochimilco,0001,Total AGEB urbana,1135,000,4026,1051,336,603,10.27,2298,2274
09,Ciudad de México,013,Xochimilco,0001,Total AGEB urbana,114A,000,6318,1514,288,814,9.82,3607,3569
09,Ciudad de México,013,Xochimilco,0001,Total AGEB urbana,1154,000,7460,1959,624,1247,10.16,3795,3720
09,Ciudad de México,013,Xochimilco,0001,Total AGEB urbana,1169,000,11635,2854,855,1542,9.56,6084,5941
09,Ciudad de México,013,Xochimilco,0001,Total AGEB urbana,1173,000,5729,1431,639,959,10.85,3059,2986
09,Ciudad de México,013,Xochimilco,0001,Total AGEB urbana,1188,000,6177,1593,655,1040,10.6,3137,3063
09,Ciudad de México,013,Xochimilco,0001,Total AGEB urbana,1192,000,9781,2495,959,1800,10.09,4979,4875
09,Ciudad de México,013,Xochimilco,0001,Total AGEB urbana,1205,000,698,177,80,135,10.91,355,354
09,Ciudad de México,013,Xochimilco,0001,Total AGEB urbana,121A,000,7212,1940,769,1330,10.62,4023,3940
09,Ciudad de México,013,Xochimilco,0001,Total AGEB urbana,1224,000,6729,1858,921,1349,11.44,3768,3668
09,Ciudad de México,013,Xochimilco,0001,Total AGEB urbana,1239,000,4240,1194,655,927,11.84,2423,2361
09,Ciudad de México,013,Xochimilco,0001,Total AGEB urbana,1243,000,46,19,13,16,13.92,27,26
09,Ciudad de México,013,Xochimilco,0001,Total AGEB urbana,1262,000,2986,878,717,801,13.77,1670,1606
09,Ciudad de México,013,Xochimilco,0001,Total AGEB urbana,1277,000,55,12,3,0,4.47,32,32
09,Ciudad de México,013,Xochimilco,0001,Total AGEB urbana,1296,000,2160,542,168,283,9.33,1140,1101
09,Ciudad de México,013,Xochimilco,0001,Total AGEB urbana,1309,000,1210,309,127,199,10.13,630,611
09,Ciudad de México,013,Xochimilco,0001,Total AGEB urbana,1313,000,4863,1277,515,825,10.57,2573,2514
09,Ciudad de México,013,Xochimilco,0001,Total AGEB urbana,1328,000,8341,2130,766,1456,9.73,4327,4218
09,Ciudad de México,013,Xochimilco,0001,Total AGEB urbana,1332,000,5578,1556,866,1200,11.84,3096,3003
09,Ciudad de México,013,Xochimilco,0001,Total AGEB urbana,1347,000,1530,617,477,569,14.72,885,873
09,Ciudad de México,013,Xochimilco,0001,Total AGEB urbana,1366,000,5812,1607,598,939,10.19,3107,3066
09,Ciudad de México,013,Xochimilco,0001,Total AGEB urbana,1370,000,4391,1209,464,750,10.94,2231,2157
09,Ciudad de México,013,Xochimilco,0001,Total AGEB urbana,1385,000,2068,603,504,551,13.81,1178,1122
09,Ciudad de México,013,Xochimilco,0001,Total AGEB urbana,139A,000,1719,487,419,450,14.05,938,878
09,Ciudad de México,013,Xochimilco,0001,Total AGEB urbana,1402,000,3227,815,238,401,9.24,1693,1661
09,Ciudad de México,013,Xochimilco,0001,Total AGEB urbana,1417,000,2212,569,146,301,9.46,1246,1200
09,Ciudad de México,013,Xochimilco,0001,Total AGEB urbana,1421,000,1247,327,161,222,10.6,624,606
09,Ciudad de México,013,Xochimilco,0001,Total AGEB urbana,1436,000,2325,587,161,323,9.16,1236,1190
09,Ciudad de México,013,Xochimilco,0001,Total AGEB urbana,1440,000,4557,1147,313,602,8.7,2555,2498
09,Ciudad de México,013,Xochimilco,0001,Total AGEB urbana,1455,000,2154,514,203,287,9.82,1163,1140
09,Ciudad de México,013,Xochimilco,0001,Total AGEB urbana,146A,000,2687,710,266,320,9.06,1425,1403
09,Ciudad de México,013,Xochimilco,0001,Total AGEB urbana,1474,000,1442,354,134,217,9.21,774,755
09,Ciudad de México,013,Xochimilco,0001,Total AGEB urbana,1489,000,648,172,8,34,8.81,328,327
09,Ciudad de México,013,Xochimilco,0001,Total AGEB urbana,1493,000,1896,459,165,312,8.85,928,907
09,Ciudad de México,013,Xochimilco,0001,Total AGEB urbana,1506,000,840,219,95,129,10.18,437,433
09,Ciudad de México,013,Xochimilco,0001,Total AGEB urbana,1510,000,424,107,42,54,9.53,239,236
09,Ciudad de México,013,Xochimilco,0001,Total AGEB urbana,1525,000,1151,302,148,207,10.89,618,603
09,Ciudad de México,013,Xochimilco,0001,Total AGEB urbana,1544,000,107,22,7,17,9.77,52,50
09,Ciudad de México,013,Xochimilco,0001,Total AGEB urbana,1559,000,2475,590,169,255,8.71,1204,1191
09,Ciudad de México,013,Xochimilco,0001,Total AGEB urbana,1563,000,323,83,29,57,9,159,157
09,Ciudad de México,013,Xochimilco,0001,Total AGEB urbana,1578,000,35,8,*,3,7.15,24,23
09,Ciudad de México,014,Benito Juárez,0001,Total AGEB urbana,0011,000,3973,1662,1029,1511,14.62,2675,2637
09,Ciudad de México,014,Benito Juárez,0001,Total AGEB urbana,0026,000,4161,1782,1049,1657,14.68,2786,2730
09,Ciudad de México,014,Benito Juárez,0001,Total AGEB urbana,0030,000,5366,2230,1350,2044,14.36,3478,3418
09,Ciudad de México,014,Benito Juárez,0001,Total AGEB urbana,0045,000,3480,1451,1028,1381,15.19,2250,2211
09,Ciudad de México,014,Benito Juárez,0001,Total AGEB urbana,005A,000,5914,2348,1725,2217,14.97,3862,3785
09,Ciudad de México,014,Benito Juárez,0001,Total AGEB urbana,0064,000,4064,1677,1058,1540,14.6,2642,2589
09,Ciudad de México,014,Benito Juárez,0001,Total AGEB urbana,0079,000,6309,2653,1441,2377,14.33,4152,4067
09,Ciudad de México,014,Benito Juárez,0001,Total AGEB urbana,0083,000,4930,2145,1227,1945,14.69,3293,3216
09,Ciudad de México,014,Benito Juárez,0001,Total AGEB urbana,0098,000,6213,2591,1578,2411,14.67,4140,4061
09,Ciudad de México,014,Benito Juárez,0001,Total AGEB urbana,0100,000,1983,843,399,746,14.2,1271,1226
09,Ciudad de México,014,Benito Juárez,0001,Total AGEB urbana,0115,000,5163,2094,1244,1876,14.28,3307,3219
09,Ciudad de México,014,Benito Juárez,0001,Total AGEB urbana,012A,000,5644,2267,1335,2037,14.27,3582,3507
09,Ciudad de México,014,Benito Juárez,0001,Total AGEB urbana,0134,000,5075,2065,1257,1874,14.4,3211,3128
09,Ciudad de México,014,Benito Juárez,0001,Total AGEB urbana,0149,000,3398,1358,814,1202,14.06,2162,2124
09,Ciudad de México,014,Benito Juárez,0001,Total AGEB urbana,0153,000,2901,999,506,831,12.87,1672,1631
09,Ciudad de México,014,Benito Juárez,0001,Total AGEB urbana,0168,000,1670,650,387,550,13.44,1063,1043
09,Ciudad de México,014,Benito Juárez,0001,Total AGEB urbana,0172,000,1828,689,420,593,13.81,1132,1104
09,Ciudad de México,014,Benito Juárez,0001,Total AGEB urbana,0187,000,6913,2661,1676,2433,14.15,4395,4318
09,Ciudad de México,014,Benito Juárez,0001,Total AGEB urbana,0191,000,4213,1787,1280,1677,15,2776,2718
09,Ciudad de México,014,Benito Juárez,0001,Total AGEB urbana,0204,000,6314,2839,2209,2734,15.46,4308,4227
09,Ciudad de México,014,Benito Juárez,0001,Total AGEB urbana,0219,000,4029,1810,1372,1751,15.57,2802,2772
09,Ciudad de México,014,Benito Juárez,0001,Total AGEB urbana,0223,000,1127,521,331,472,15.33,746,729
09,Ciudad de México,014,Benito Juárez,0001,Total AGEB urbana,0238,000,6776,2824,2168,2683,15.11,4521,4391
09,Ciudad de México,014,Benito Juárez,0001,Total AGEB urbana,0242,000,4514,1872,1274,1778,15.21,2963,2908
09,Ciudad de México,014,Benito Juárez,0001,Total AGEB urbana,0257,000,7766,3202,1913,2932,14.69,5077,4976
09,Ciudad de México,014,Benito Juárez,0001,Total AGEB urbana,0261,000,8246,3416,1982,3138,14.65,5547,5445
09,Ciudad de México,014,Benito Juárez,0001,Total AGEB urbana,0276,000,4686,1988,1291,1866,14.67,3088,3069
09,Ciudad de México,014,Benito Juárez,0001,Total AGEB urbana,0280,000,2417,913,526,796,13.89,1409,1400
09,Ciudad de México,014,Benito Juárez,0001,Total AGEB urbana,0295,000,2208,833,514,724,13.89,1337,1303
09,Ciudad de México,014,Benito Juárez,0001,Total AGEB urbana,0308,000,3867,1491,885,1346,13.97,2276,2236
09,Ciudad de México,014,Benito Juárez,0001,Total AGEB urbana,0312,000,2167,755,429,669,13.62,1216,1171
09,Ciudad de México,014,Benito Juárez,0001,Total AGEB urbana,0327,000,1777,609,381,527,13.85,1032,1008
09,Ciudad de México,014,Benito Juárez,0001,Total AGEB urbana,0331,000,2619,960,539,853,13.83,1528,1490
09,Ciudad de México,014,Benito Juárez,0001,Total AGEB urbana,0346,000,5180,2198,1502,2043,14.83,3499,3432
09,Ciudad de México,014,Benito Juárez,0001,Total AGEB urbana,0350,000,3701,1597,1114,1506,15.12,2551,2519
09,Ciudad de México,014,Benito Juárez,0001,Total AGEB urbana,0365,000,1729,791,616,754,14.6,1147,1124
09,Ciudad de México,014,Benito Juárez,0001,Total AGEB urbana,037A,000,2546,1167,883,1108,15.12,1783,1744
09,Ciudad de México,014,Benito Juárez,0001,Total AGEB urbana,0384,000,4103,1814,1342,1712,15.62,2688,2643
09,Ciudad de México,014,Benito Juárez,0001,Total AGEB urbana,0399,000,4090,1686,1305,1606,15.13,2615,2558
09,Ciudad de México,014,Benito Juárez,0001,Total AGEB urbana,0401,000,5533,2263,1735,2147,15.21,3580,3515
09,Ciudad de México,014,Benito Juárez,0001,Total AGEB urbana,0416,000,3011,1258,1034,1184,15.24,1983,1961
09,Ciudad de México,014,Benito Juárez,0001,Total AGEB urbana,0420,000,5609,2313,1724,2171,15.26,3651,3569
09,Ciudad de México,014,Benito Juárez,0001,Total AGEB urbana,0435,000,5570,2309,1608,2135,14.57,3500,3438
09,Ciudad de México,014,Benito Juárez,0001,Total AGEB urbana,044A,000,4368,1765,1297,1661,15,2898,2845
09,Ciudad de México,014,Benito Juárez,0001,Total AGEB urbana,0454,000,1940,767,541,707,14.63,1202,1187
09,Ciudad de México,014,Benito Juárez,0001,Total AGEB urbana,0469,000,7095,2785,1692,2461,13.83,4561,4482
09,Ciudad de México,014,Benito Juárez,0001,Total AGEB urbana,0473,000,1915,669,387,597,13.53,1340,1320
09,Ciudad de México,014,Benito Juárez,0001,Total AGEB urbana,0488,000,10448,3910,2378,3471,13.58,6390,6220
09,Ciudad de México,014,Benito Juárez,0001,Total AGEB urbana,0492,000,3322,1325,882,1206,14.21,2062,2006
09,Ciudad de México,014,Benito Juárez,0001,Total AGEB urbana,0505,000,3014,1181,675,1041,13.51,1834,1764
09,Ciudad de México,014,Benito Juárez,0001,Total AGEB urbana,051A,000,2793,963,518,812,13.04,1605,1547
09,Ciudad de México,014,Benito Juárez,0001,Total AGEB urbana,0524,000,2763,1043,534,853,12.95,1670,1616
09,Ciudad de México,014,Benito Juárez,0001,Total AGEB urbana,0539,000,2679,980,512,829,13.39,1621,1564
09,Ciudad de México,014,Benito Juárez,0001,Total AGEB urbana,0543,000,5681,2375,1542,2168,14.27,3762,3671
09,Ciudad de México,014,Benito Juárez,0001,Total AGEB urbana,0558,000,2425,1016,788,945,15.18,1591,1572
09,Ciudad de México,014,Benito Juárez,0001,Total AGEB urbana,0562,000,3819,1620,1254,1534,14.91,2614,2591
09,Ciudad de México,014,Benito Juárez,0001,Total AGEB urbana,0577,000,6059,2857,1887,2700,15.1,4279,4207
09,Ciudad de México,014,Benito Juárez,0001,Total AGEB urbana,0581,000,521,175,150,166,14.67,310,306
09,Ciudad de México,014,Benito Juárez,0001,Total AGEB urbana,0596,000,3156,1289,1041,1226,14.96,1949,1897
09,Ciudad de México,014,Benito Juárez,0001,Total AGEB urbana,0609,000,4320,1843,1446,1744,15.11,2600,2552
09,Ciudad de México,014,Benito Juárez,0001,Total AGEB urbana,0613,000,5414,2377,1689,2227,15.29,3605,3550
09,Ciudad de México,014,Benito Juárez,0001,Total AGEB urbana,0628,000,5347,2083,1455,1922,14.65,3234,3164
09,Ciudad de México,014,Benito Juárez,0001,Total AGEB urbana,0632,000,6933,2772,1852,2529,14.55,4255,4135
09,Ciudad de México,014,Benito Juárez,0001,Total AGEB urbana,0647,000,5658,2015,1110,1715,12.96,3471,3397
09,Ciudad de México,014,Benito Juárez,0001,Total AGEB urbana,0651,000,6444,2322,1190,2007,12.92,3893,3804
09,Ciudad de México,014,Benito Juárez,0001,Total AGEB urbana,0666,000,3479,1319,835,1177,13.93,2177,2144
09,Ciudad de México,014,Benito Juárez,0001,Total AGEB urbana,0670,000,6796,2580,1730,2352,14.21,4340,4250
09,Ciudad de México,014,Benito Juárez,0001,Total AGEB urbana,0685,000,4576,1729,1105,1552,13.92,2901,2831
09,Ciudad de México,014,Benito Juárez,0001,Total AGEB urbana,069A,000,1735,731,477,671,14.32,1125,1101
09,Ciudad de México,014,Benito Juárez,0001,Total AGEB urbana,0702,000,4122,1723,1196,1580,14.95,2604,2541
09,Ciudad de México,014,Benito Juárez,0001,Total AGEB urbana,0717,000,1190,463,351,434,14.68,740,724
09,Ciudad de México,014,Benito Juárez,0001,Total AGEB urbana,0721,000,4471,1771,1274,1664,14.69,2685,2620
09,Ciudad de México,014,Benito Juárez,0001,Total AGEB urbana,0736,000,5045,2226,1295,2049,14.75,3241,3205
09,Ciudad de México,014,Benito Juárez,0001,Total AGEB urbana,0740,000,3523,1441,1082,1367,14.96,2051,2008
09,Ciudad de México,014,Benito Juárez,0001,Total AGEB urbana,0755,000,5093,2046,1492,1916,14.95,3311,3231
09,Ciudad de México,014,Benito Juárez,0001,Total AGEB urbana,076A,000,4076,1717,1302,1642,15.24,2713,2671
09,Ciudad de México,014,Benito Juárez,0001,Total AGEB urbana,0774,000,7049,2733,1558,2443,13.92,4430,4315
09,Ciudad de México,014,Benito Juárez,0001,Total AGEB urbana,0789,000,2843,1126,592,928,13.72,1895,1860
09,Ciudad de México,014,Benito Juárez,0001,Total AGEB urbana,0793,000,4670,1937,1458,1834,15.1,2941,2889
09,Ciudad de México,014,Benito Juárez,0001,Total AGEB urbana,0806,000,5486,2279,1652,2153,15.19,3471,3407
09,Ciudad de México,014,Benito Juárez,0001,Total AGEB urbana,0810,000,6987,2857,2261,2726,15.22,4325,4234
09,Ciudad de México,014,Benito Juárez,0001,Total AGEB urbana,0825,000,284,114,83,111,15.33,186,181
09,Ciudad de México,014,Benito Juárez,0001,Total AGEB urbana,083A,000,3012,1147,748,1038,14.19,1921,1891
09,Ciudad de México,014,Benito Juárez,0001,Total AGEB urbana,0844,000,5577,2370,1737,2218,14.93,3567,3492
09,Ciudad de México,014,Benito Juárez,0001,Total AGEB urbana,0859,000,5794,2266,1432,2013,14.14,3595,3509
09,Ciudad de México,014,Benito Juárez,0001,Total AGEB urbana,0863,000,7925,3155,2063,2822,14.51,4959,4854
09,Ciudad de México,014,Benito Juárez,0001,Total AGEB urbana,0878,000,5681,2256,1385,2008,13.96,3579,3514
09,Ciudad de México,014,Benito Juárez,0001,Total AGEB urbana,0882,000,3795,1720,1223,1569,14.9,2456,2416
09,Ciudad de México,014,Benito Juárez,0001,Total AGEB urbana,0897,000,1771,731,593,690,15.21,1147,1129
09,Ciudad de México,014,Benito Juárez,0001,Total AGEB urbana,090A,000,2649,1172,939,1094,15.39,1647,1632
09,Ciudad de México,014,Benito Juárez,0001,Total AGEB urbana,0914,000,2250,1085,912,1055,15.67,1527,1517
09,Ciudad de México,014,Benito Juárez,0001,Total AGEB urbana,0929,000,3731,1614,1248,1524,15.3,2377,2336
09,Ciudad de México,014,Benito Juárez,0001,Total AGEB urbana,0933,000,3060,1310,1123,1270,15.44,1883,1853
09,Ciudad de México,014,Benito Juárez,0001,Total AGEB urbana,0948,000,3045,1278,989,1210,15.22,1849,1800
09,Ciudad de México,014,Benito Juárez,0001,Total AGEB urbana,0952,000,3854,1415,1060,1314,14.3,2304,2273
09,Ciudad de México,014,Benito Juárez,0001,Total AGEB urbana,0967,000,705,251,145,222,13.22,454,434
09,Ciudad de México,014,Benito Juárez,0001,Total AGEB urbana,0971,000,3943,1563,1236,1465,14.99,2452,2401
09,Ciudad de México,014,Benito Juárez,0001,Total AGEB urbana,0986,000,5256,2046,1580,1908,14.74,3088,3019
09,Ciudad de México,014,Benito Juárez,0001,Total AGEB urbana,0990,000,5697,2233,1436,2034,14.43,3541,3420
09,Ciudad de México,014,Benito Juárez,0001,Total AGEB urbana,1005,000,7611,2963,1892,2690,14.35,4741,4628
09,Ciudad de México,014,Benito Juárez,0001,Total AGEB urbana,101A,000,4333,1650,1162,1503,14.28,2525,2482
09,Ciudad de México,014,Benito Juárez,0001,Total AGEB urbana,1024,000,4142,1645,1035,1482,14.35,2729,2677
09,Ciudad de México,015,Cuauhtémoc,0001,Total AGEB urbana,0019,000,4263,1362,536,1016,11.76,2378,2328
09,Ciudad de México,015,Cuauhtémoc,0001,Total AGEB urbana,0023,000,4902,1598,610,1243,11.85,2664,2583
09,Ciudad de México,015,Cuauhtémoc,0001,Total AGEB urbana,0038,000,2800,929,320,702,11.53,1675,1643
09,Ciudad de México,015,Cuauhtémoc,0001,Total AGEB urbana,0042,000,2930,970,378,748,11.8,1723,1673
09,Ciudad de México,015,Cuauhtémoc,0001,Total AGEB urbana,0057,000,24,6,*,*,9.74,13,13
09,Ciudad de México,015,Cuauhtémoc,0001,Total AGEB urbana,0061,000,1327,518,269,449,13.53,769,760
09,Ciudad de México,015,Cuauhtémoc,0001,Total AGEB urbana,0076,000,6626,2479,1065,2056,12.44,4096,3872
09,Ciudad de México,015,Cuauhtémoc,0001,Total AGEB urbana,0080,000,7933,2771,1076,2179,12.12,4793,4672
09,Ciudad de México,015,Cuauhtémoc,0001,Total AGEB urbana,0095,000,3670,1202,418,902,11.8,2077,2007
09,Ciudad de México,015,Cuauhtémoc,0001,Total AGEB urbana,0108,000,3456,1121,407,845,11.5,1991,1949
09,Ciudad de México,015,Cuauhtémoc,0001,Total AGEB urbana,0112,000,2227,723,222,510,11.55,1221,1181
09,Ciudad de México,015,Cuauhtémoc,0001,Total AGEB urbana,0127,000,8402,2819,1034,2213,11.58,4944,4845
09,Ciudad de México,015,Cuauhtémoc,0001,Total AGEB urbana,0131,000,2585,838,222,619,11.27,1482,1445
09,Ciudad de México,015,Cuauhtémoc,0001,Total AGEB urbana,0146,000,1384,444,185,338,11.81,737,711
09,Ciudad de México,015,Cuauhtémoc,0001,Total AGEB urbana,0150,000,1556,480,167,366,11.56,867,845
09,Ciudad de México,015,Cuauhtémoc,0001,Total AGEB urbana,0165,000,5259,1706,729,1381,12.24,3113,3027
09,Ciudad de México,015,Cuauhtémoc,0001,Total AGEB urbana,017A,000,5239,1781,666,1410,11.72,3135,3059
09,Ciudad de México,015,Cuauhtémoc,0001,Total AGEB urbana,0184,000,6961,2236,681,1655,11.06,3844,3733
09,Ciudad de México,015,Cuauhtémoc,0001,Total AGEB urbana,0199,000,490,194,90,169,13.73,291,281
09,Ciudad de México,015,Cuauhtémoc,0001,Total AGEB urbana,0201,000,1612,645,239,559,13.32,903,848
09,Ciudad de México,015,Cuauhtémoc,0001,Total AGEB urbana,0216,000,1285,509,196,433,13.76,760,722
09,Ciudad de México,015,Cuauhtémoc,0001,Total AGEB urbana,0220,000,832,325,131,259,13.35,450,433
09,Ciudad de México,015,Cuauhtémoc,0001,Total AGEB urbana,0235,000,1280,511,180,435,13.19,789,769
09,Ciudad de México,015,Cuauhtémoc,0001,Total AGEB urbana,024A,000,1076,432,196,370,13.73,634,617
09,Ciudad de México,015,Cuauhtémoc,0001,Total AGEB urbana,0254,000,230,90,35,73,12.82,161,154
09,Ciudad de México,015,Cuauhtémoc,0001,Total AGEB urbana,0269,000,1259,484,217,429,13.69,768,736
09,Ciudad de México,015,Cuauhtémoc,0001,Total AGEB urbana,0273,000,594,230,133,207,14.64,339,331
09,Ciudad de México,015,Cuauhtémoc,0001,Total AGEB urbana,0288,000,235,92,46,85,13.89,114,113
09,Ciudad de México,015,Cuauhtémoc,0001,Total AGEB urbana,0292,000,1418,569,210,478,13.5,833,811
09,Ciudad de México,015,Cuauhtémoc,0001,Total AGEB urbana,0305,000,1377,555,218,456,13.19,779,747
09,Ciudad de México,015,Cuauhtémoc,0001,Total AGEB urbana,031A,000,1351,545,171,442,13.24,803,785
09,Ciudad de México,015,Cuauhtémoc,0001,Total AGEB urbana,0324,000,695,302,130,255,13.62,456,448
09,Ciudad de México,015,Cuauhtémoc,0001,Total AGEB urbana,0339,000,4888,1496,321,973,10.36,2812,2769
09,Ciudad de México,015,Cuauhtémoc,0001,Total AGEB urbana,0343,000,10857,3146,533,1973,9.81,6368,6271
09,Ciudad de México,015,Cuauhtémoc,0001,Total AGEB urbana,0358,000,9880,2997,433,1775,9.74,5851,5732
09,Ciudad de México,015,Cuauhtémoc,0001,Total AGEB urbana,0362,000,3396,1333,480,1141,13.37,1903,1793
09,Ciudad de México,015,Cuauhtémoc,0001,Total AGEB urbana,0377,000,1050,415,143,323,12.93,577,562
09,Ciudad de México,015,Cuauhtémoc,0001,Total AGEB urbana,0381,000,1189,484,222,420,13.59,684,658
09,Ciudad de México,015,Cuauhtémoc,0001,Total AGEB urbana,0396,000,448,176,68,144,13.41,276,262
09,Ciudad de México,015,Cuauhtémoc,0001,Total AGEB urbana,0409,000,1281,512,226,452,13.83,792,767
09,Ciudad de México,015,Cuauhtémoc,0001,Total AGEB urbana,0413,000,218,78,39,68,13.89,119,116
09,Ciudad de México,015,Cuauhtémoc,0001,Total AGEB urbana,0428,000,1578,624,276,526,13.53,891,871
09,Ciudad de México,015,Cuauhtémoc,0001,Total AGEB urbana,0432,000,139,61,20,47,13.72,70,68
09,Ciudad de México,015,Cuauhtémoc,0001,Total AGEB urbana,0447,000,1394,549,213,443,13.47,861,834
09,Ciudad de México,015,Cuauhtémoc,0001,Total AGEB urbana,0451,000,587,248,110,212,13.7,366,356
09,Ciudad de México,015,Cuauhtémoc,0001,Total AGEB urbana,0466,000,11023,3907,1636,3307,12.56,6633,6504
09,Ciudad de México,015,Cuauhtémoc,0001,Total AGEB urbana,0470,000,6778,2456,915,1965,12.25,4359,4304
09,Ciudad de México,015,Cuauhtémoc,0001,Total AGEB urbana,0485,000,9893,3667,1542,3043,13.02,6127,6032
09,Ciudad de México,015,Cuauhtémoc,0001,Total AGEB urbana,049A,000,1836,612,187,459,11.81,1076,1050
09,Ciudad de México,015,Cuauhtémoc,0001,Total AGEB urbana,0502,000,8991,3120,899,2276,11.76,5176,5025
09,Ciudad de México,015,Cuauhtémoc,0001,Total AGEB urbana,0517,000,8412,2688,799,2089,11.53,4897,4785
09,Ciudad de México,015,Cuauhtémoc,0001,Total AGEB urbana,0521,000,8735,3003,1035,2292,11.69,5052,4982
09,Ciudad de México,015,Cuauhtémoc,0001,Total AGEB urbana,0536,000,5292,1737,391,1274,10.88,3219,3155
09,Ciudad de México,015,Cuauhtémoc,0001,Total AGEB urbana,0540,000,6835,2216,307,1191,9.92,3966,3913
09,Ciudad de México,015,Cuauhtémoc,0001,Total AGEB urbana,0555,000,4962,1761,804,1451,13.48,2820,2733
09,Ciudad de México,015,Cuauhtémoc,0001,Total AGEB urbana,056A,000,7081,2360,548,1684,10.99,4220,4116
09,Ciudad de México,015,Cuauhtémoc,0001,Total AGEB urbana,0574,000,10841,3558,1006,2589,11.16,6189,6049
09,Ciudad de México,015,Cuauhtémoc,0001,Total AGEB urbana,0589,000,5616,1710,263,1079,9.84,3210,3162
09,Ciudad de México,015,Cuauhtémoc,0001,Total AGEB urbana,0593,000,4685,1727,798,1473,13.5,2782,2709
09,Ciudad de México,015,Cuauhtémoc,0001,Total AGEB urbana,0606,000,5014,1872,702,1552,13.09,3110,3031
09,Ciudad de México,015,Cuauhtémoc,0001,Total AGEB urbana,0610,000,10667,3583,1098,2706,11.86,6347,6202
09,Ciudad de México,015,Cuauhtémoc,0001,Total AGEB urbana,0625,000,1497,502,110,352,11.3,796,775
09,Ciudad de México,015,Cuauhtémoc,0001,Total AGEB urbana,063A,000,4292,1490,409,1073,11.18,2581,2557
09,Ciudad de México,015,Cuauhtémoc,0001,Total AGEB urbana,0644,000,8279,2732,334,1822,10.07,5083,4994
09,Ciudad de México,015,Cuauhtémoc,0001,Total AGEB urbana,0659,000,4180,1234,107,823,9.93,2432,2399
09,Ciudad de México,015,Cuauhtémoc,0001,Total AGEB urbana,0663,000,1838,552,71,347,9.92,964,952
09,Ciudad de México,015,Cuauhtémoc,0001,Total AGEB urbana,0678,000,9903,3881,1998,3449,13.79,6224,6113
09,Ciudad de México,015,Cuauhtémoc,0001,Total AGEB urbana,0682,000,5682,2327,1212,2072,14.27,3786,3715
09,Ciudad de México,015,Cuauhtémoc,0001,Total AGEB urbana,0697,000,6982,2728,1263,2388,13.83,4471,4363
09,Ciudad de México,015,Cuauhtémoc,0001,Total AGEB urbana,070A,000,1542,615,197,472,12.72,989,963
09,Ciudad de México,015,Cuauhtémoc,0001,Total AGEB urbana,0714,000,2769,1107,384,912,13.08,1855,1834
09,Ciudad de México,015,Cuauhtémoc,0001,Total AGEB urbana,0729,000,359,194,147,183,16.07,284,284
09,Ciudad de México,015,Cuauhtémoc,0001,Total AGEB urbana,0733,000,369,146,64,130,12.91,277,277
09,Ciudad de México,015,Cuauhtémoc,0001,Total AGEB urbana,0748,000,4753,1028,364,802,14.76,3084,3038
09,Ciudad de México,015,Cuauhtémoc,0001,Total AGEB urbana,0752,000,1708,582,88,426,11.82,1080,1051
09,Ciudad de México,015,Cuauhtémoc,0001,Total AGEB urbana,0767,000,260,96,25,71,12.68,152,146
09,Ciudad de México,015,Cuauhtémoc,0001,Total AGEB urbana,0771,000,947,269,19,136,9.05,567,562
09,Ciudad de México,015,Cuauhtémoc,0001,Total AGEB urbana,0786,000,2006,545,49,342,9.51,1251,1238
09,Ciudad de México,015,Cuauhtémoc,0001,Total AGEB urbana,0790,000,2984,1493,907,1408,15.22,2255,2228
09,Ciudad de México,015,Cuauhtémoc,0001,Total AGEB urbana,0803,000,974,524,306,483,15.25,830,826
09,Ciudad de México,015,Cuauhtémoc,0001,Total AGEB urbana,0818,000,172,77,17,66,12.97,123,121
09,Ciudad de México,015,Cuauhtémoc,0001,Total AGEB urbana,0822,000,4209,1987,1327,1882,15.39,3106,3063
09,Ciudad de México,015,Cuauhtémoc,0001,Total AGEB urbana,0837,000,732,410,246,389,15.8,569,567
09,Ciudad de México,015,Cuauhtémoc,0001,Total AGEB urbana,0841,000,1803,929,438,833,14.62,1351,1317
09,Ciudad de México,015,Cuauhtémoc,0001,Total AGEB urbana,0856,000,2963,1285,568,1124,13.75,2204,2175
09,Ciudad de México,015,Cuauhtémoc,0001,Total AGEB urbana,0860,000,1788,717,262,587,12.45,1237,1231
09,Ciudad de México,015,Cuauhtémoc,0001,Total AGEB urbana,0875,000,7970,2708,774,2175,11.98,4900,4782
09,Ciudad de México,015,Cuauhtémoc,0001,Total AGEB urbana,088A,000,2011,628,109,469,11.24,1171,1152
09,Ciudad de México,015,Cuauhtémoc,0001,Total AGEB urbana,0894,000,2048,687,102,540,11.65,1251,1222
09,Ciudad de México,015,Cuauhtémoc,0001,Total AGEB urbana,0907,000,2642,719,107,458,10.03,1650,1633
09,Ciudad de México,015,Cuauhtémoc,0001,Total AGEB urbana,0911,000,4562,1168,122,678,9.16,2817,2766
09,Ciudad de México,015,Cuauhtémoc,0001,Total AGEB urbana,0926,000,3007,1542,980,1462,15.43,2318,2289
09,Ciudad de México,015,Cuauhtémoc,0001,Total AGEB urbana,0930,000,626,301,174,276,15.34,470,463
09,Ciudad de México,015,Cuauhtémoc,0001,Total AGEB urbana,0945,000,1082,526,290,494,15.26,840,826
09,Ciudad de México,015,Cuauhtémoc,0001,Total AGEB urbana,095A,000,738,376,138,332,13.31,542,532
09,Ciudad de México,015,Cuauhtémoc,0001,Total AGEB urbana,0964,000,3794,1305,283,972,11.09,2417,2389
09,Ciudad de México,015,Cuauhtémoc,0001,Total AGEB urbana,0979,000,2385,734,100,483,10.28,1382,1350
09,Ciudad de México,015,Cuauhtémoc,0001,Total AGEB urbana,0983,000,982,490,216,439,14.65,762,746
09,Ciudad de México,015,Cuauhtémoc,0001,Total AGEB urbana,0998,000,2370,1088,557,972,14.01,1728,1712
09,Ciudad de México,015,Cuauhtémoc,0001,Total AGEB urbana,1002,000,2701,1222,735,1127,15.01,1993,1966
09,Ciudad de México,015,Cuauhtémoc,0001,Total AGEB urbana,1017,000,4538,1826,847,1604,14.09,3094,3035
09,Ciudad de México,015,Cuauhtémoc,0001,Total AGEB urbana,1036,000,6722,2308,829,1897,12.27,4000,3892
09,Ciudad de México,015,Cuauhtémoc,0001,Total AGEB urbana,1040,000,5119,1747,586,1441,11.92,3201,3134
09,Ciudad de México,015,Cuauhtémoc,0001,Total AGEB urbana,1055,000,2373,865,281,684,12.25,1521,1490
09,Ciudad de México,015,Cuauhtémoc,0001,Total AGEB urbana,106A,000,6265,2045,654,1584,11.8,3834,3730
09,Ciudad de México,015,Cuauhtémoc,0001,Total AGEB urbana,1074,000,7648,2444,841,1934,11.85,4448,4326
09,Ciudad de México,015,Cuauhtémoc,0001,Total AGEB urbana,1089,000,2004,952,586,882,14.91,1509,1492
09,Ciudad de México,015,Cuauhtémoc,0001,Total AGEB urbana,1093,000,901,432,234,399,15.25,694,676
09,Ciudad de México,015,Cuauhtémoc,0001,Total AGEB urbana,1106,000,1552,744,468,669,13.62,1187,1177
09,Ciudad de México,015,Cuauhtémoc,0001,Total AGEB urbana,1110,000,6307,2632,1223,2322,13.91,4370,4272
09,Ciudad de México,015,Cuauhtémoc,0001,Total AGEB urbana,1125,000,8637,3265,1227,2754,12.77,5317,5217
09,Ciudad de México,015,Cuauhtémoc,0001,Total AGEB urbana,113A,000,9074,3328,1058,2636,12.05,5380,5275
09,Ciudad de México,015,Cuauhtémoc,0001,Total AGEB urbana,1144,000,7972,2694,794,2019,11.61,4930,4850
09,Ciudad de México,015,Cuauhtémoc,0001,Total AGEB urbana,1159,000,4258,1417,386,1078,11.71,2592,2531
09,Ciudad de México,015,Cuauhtémoc,0001,Total AGEB urbana,1163,000,2805,961,340,717,11.72,1686,1639
09,Ciudad de México,015,Cuauhtémoc,0001,Total AGEB urbana,1178,000,3010,1380,758,1287,14.93,2111,2079
09,Ciudad de México,015,Cuauhtémoc,0001,Total AGEB urbana,1182,000,3062,1394,834,1282,14.67,2170,2140
09,Ciudad de México,015,Cuauhtémoc,0001,Total AGEB urbana,1197,000,1206,607,349,574,15.19,922,919
09,Ciudad de México,015,Cuauhtémoc,0001,Total AGEB urbana,120A,000,1876,898,565,846,15.47,1458,1442
09,Ciudad de México,015,Cuauhtémoc,0001,Total AGEB urbana,1214,000,2761,1292,774,1180,14.03,1991,1930
09,Ciudad de México,015,Cuauhtémoc,0001,Total AGEB urbana,1229,000,840,205,55,148,11.75,416,410
09,Ciudad de México,015,Cuauhtémoc,0001,Total AGEB urbana,1233,000,9393,3142,886,2471,11.71,5447,5298
09,Ciudad de México,015,Cuauhtémoc,0001,Total AGEB urbana,1248,000,6418,2193,624,1601,11.43,3777,3678
09,Ciudad de México,015,Cuauhtémoc,0001,Total AGEB urbana,1252,000,5261,1742,545,1333,11.53,3021,2956
09,Ciudad de México,015,Cuauhtémoc,0001,Total AGEB urbana,1267,000,3280,1148,322,846,11.69,2018,1999
09,Ciudad de México,015,Cuauhtémoc,0001,Total AGEB urbana,1271,000,1636,576,265,477,13.3,937,931
09,Ciudad de México,015,Cuauhtémoc,0001,Total AGEB urbana,1286,000,1346,432,194,343,12.55,773,771
09,Ciudad de México,015,Cuauhtémoc,0001,Total AGEB urbana,1290,000,4939,1485,518,1109,11.47,2913,2828
09,Ciudad de México,015,Cuauhtémoc,0001,Total AGEB urbana,1303,000,2006,843,424,773,14.58,1365,1347
09,Ciudad de México,015,Cuauhtémoc,0001,Total AGEB urbana,1318,000,2378,1084,660,1012,15.12,1689,1670
09,Ciudad de México,015,Cuauhtémoc,0001,Total AGEB urbana,1322,000,1252,553,415,527,15.34,918,904
09,Ciudad de México,015,Cuauhtémoc,0001,Total AGEB urbana,1337,000,1967,918,522,863,15.07,1413,1376
09,Ciudad de México,015,Cuauhtémoc,0001,Total AGEB urbana,1341,000,3497,1606,978,1511,15.31,2594,2548
09,Ciudad de México,015,Cuauhtémoc,0001,Total AGEB urbana,1356,000,3309,1421,694,1281,14.43,2247,2178
09,Ciudad de México,015,Cuauhtémoc,0001,Total AGEB urbana,1360,000,1780,770,440,716,14.38,1233,1208
09,Ciudad de México,015,Cuauhtémoc,0001,Total AGEB urbana,1375,000,3238,1311,611,1175,14.06,2148,2105
09,Ciudad de México,015,Cuauhtémoc,0001,Total AGEB urbana,138A,000,584,256,141,216,14.18,339,337
09,Ciudad de México,015,Cuauhtémoc,0001,Total AGEB urbana,1394,000,5232,1841,558,1321,11.47,3269,3225
09,Ciudad de México,015,Cuauhtémoc,0001,Total AGEB urbana,1407,000,2280,804,269,575,12.08,1227,1196
09,Ciudad de México,015,Cuauhtémoc,0001,Total AGEB urbana,1411,000,2636,1163,792,1105,15.09,1753,1735
09,Ciudad de México,015,Cuauhtémoc,0001,Total AGEB urbana,1426,000,1401,629,377,589,15.13,1026,1002
09,Ciudad de México,015,Cuauhtémoc,0001,Total AGEB urbana,1430,000,1325,629,401,600,15.17,1021,1002
09,Ciudad de México,015,Cuauhtémoc,0001,Total AGEB urbana,1445,000,1674,738,448,685,14.99,1203,1188
09,Ciudad de México,015,Cuauhtémoc,0001,Total AGEB urbana,145A,000,3506,1508,905,1342,14.55,2394,2336
09,Ciudad de México,015,Cuauhtémoc,0001,Total AGEB urbana,1464,000,3031,1302,726,1212,14.54,2041,1979
09,Ciudad de México,015,Cuauhtémoc,0001,Total AGEB urbana,1479,000,3131,1236,630,1114,14.08,2082,2051
09,Ciudad de México,015,Cuauhtémoc,0001,Total AGEB urbana,1483,000,7382,2519,856,1987,11.87,4585,4501
09,Ciudad de México,015,Cuauhtémoc,0001,Total AGEB urbana,1498,000,6019,2338,1010,1912,13.06,3820,3744
09,Ciudad de México,015,Cuauhtémoc,0001,Total AGEB urbana,1500,000,3145,1170,557,972,13.82,1857,1801
09,Ciudad de México,015,Cuauhtémoc,0001,Total AGEB urbana,1515,000,3624,1160,501,961,12.36,2000,1937
09,Ciudad de México,015,Cuauhtémoc,0001,Total AGEB urbana,152A,000,3565,1174,539,931,12.11,2246,2205
09,Ciudad de México,015,Cuauhtémoc,0001,Total AGEB urbana,1534,000,3133,1129,410,937,12.56,1937,1907
09,Ciudad de México,015,Cuauhtémoc,0001,Total AGEB urbana,1549,000,4833,1831,721,1588,13.61,3093,3011
09,Ciudad de México,016,Miguel Hidalgo,0001,Total AGEB urbana,0016,000,7,2,*,*,*,*,*
09,Ciudad de México,016,Miguel Hidalgo,0001,Total AGEB urbana,0020,000,2880,1017,446,775,11.94,1753,1725
09,Ciudad de México,016,Miguel Hidalgo,0001,Total AGEB urbana,0035,000,2,2,*,*,*,*,*
09,Ciudad de México,016,Miguel Hidalgo,0001,Total AGEB urbana,004A,000,7185,2408,981,1726,11.18,3823,3681
09,Ciudad de México,016,Miguel Hidalgo,0001,Total AGEB urbana,0054,000,4315,1628,701,1320,12.39,2578,2541
09,Ciudad de México,016,Miguel Hidalgo,0001,Total AGEB urbana,0069,000,4680,1737,1044,1516,13.74,2762,2681
09,Ciudad de México,016,Miguel Hidalgo,0001,Total AGEB urbana,0073,000,1201,458,274,351,13.14,688,673
09,Ciudad de México,016,Miguel Hidalgo,0001,Total AGEB urbana,0088,000,89,50,32,47,14.53,55,55
09,Ciudad de México,016,Miguel Hidalgo,0001,Total AGEB urbana,0092,000,8058,3318,2105,3165,14.68,5504,5442
09,Ciudad de México,016,Miguel Hidalgo,0001,Total AGEB urbana,0105,000,5129,1612,631,1164,11.24,2774,2719
09,Ciudad de México,016,Miguel Hidalgo,0001,Total AGEB urbana,011A,000,5077,1535,602,1188,11.56,2657,2567
09,Ciudad de México,016,Miguel Hidalgo,0001,Total AGEB urbana,0124,000,4285,1341,642,1049,11.72,2437,2387
09,Ciudad de México,016,Miguel Hidalgo,0001,Total AGEB urbana,0139,000,5001,1597,670,1258,12.12,2726,2661
09,Ciudad de México,016,Miguel Hidalgo,0001,Total AGEB urbana,0143,000,6897,2306,1083,1891,12.34,4031,3949
09,Ciudad de México,016,Miguel Hidalgo,0001,Total AGEB urbana,0158,000,4030,1370,719,1164,12.67,2463,2415
09,Ciudad de México,016,Miguel Hidalgo,0001,Total AGEB urbana,0162,000,4905,1734,971,1474,13.16,2908,2853
09,Ciudad de México,016,Miguel Hidalgo,0001,Total AGEB urbana,0177,000,7071,2645,1269,2227,13.19,4409,4300
09,Ciudad de México,016,Miguel Hidalgo,0001,Total AGEB urbana,0181,000,9026,3183,1785,2778,13.37,5202,5096
09,Ciudad de México,016,Miguel Hidalgo,0001,Total AGEB urbana,0196,000,0,0,0,0,0.00,0,0
09,Ciudad de México,016,Miguel Hidalgo,0001,Total AGEB urbana,0209,000,1289,531,324,447,14.16,764,750
09,Ciudad de México,016,Miguel Hidalgo,0001,Total AGEB urbana,0213,000,7545,2655,1049,2153,12.53,4704,4608
09,Ciudad de México,016,Miguel Hidalgo,0001,Total AGEB urbana,0228,000,2,1,*,*,*,*,*
09,Ciudad de México,016,Miguel Hidalgo,0001,Total AGEB urbana,0232,000,28,8,*,7,12.78,15,15
09,Ciudad de México,016,Miguel Hidalgo,0001,Total AGEB urbana,0247,000,10020,2985,1135,2284,11.44,5704,5543
09,Ciudad de México,016,Miguel Hidalgo,0001,Total AGEB urbana,0251,000,8170,2523,961,1962,11.44,4579,4440
09,Ciudad de México,016,Miguel Hidalgo,0001,Total AGEB urbana,0270,000,7375,2454,1073,1961,11.89,4356,4251
09,Ciudad de México,016,Miguel Hidalgo,0001,Total AGEB urbana,0285,000,7645,2639,1191,2189,12.65,4490,4397
09,Ciudad de México,016,Miguel Hidalgo,0001,Total AGEB urbana,029A,000,9287,3426,1630,2942,13.46,5723,5655
09,Ciudad de México,016,Miguel Hidalgo,0001,Total AGEB urbana,0302,000,0,0,0,0,0.00,0,0
09,Ciudad de México,016,Miguel Hidalgo,0001,Total AGEB urbana,0317,000,1962,836,485,721,14.25,1203,1168
09,Ciudad de México,016,Miguel Hidalgo,0001,Total AGEB urbana,0321,000,2123,840,493,743,14.18,1209,1178
09,Ciudad de México,016,Miguel Hidalgo,0001,Total AGEB urbana,0336,000,1100,412,277,365,14.3,612,594
09,Ciudad de México,016,Miguel Hidalgo,0001,Total AGEB urbana,0340,000,1041,375,188,286,12.55,610,594
09,Ciudad de México,016,Miguel Hidalgo,0001,Total AGEB urbana,036A,000,3263,1031,337,777,10.95,1764,1709
09,Ciudad de México,016,Miguel Hidalgo,0001,Total AGEB urbana,0374,000,5805,1689,500,1192,10.67,3254,3170
09,Ciudad de México,016,Miguel Hidalgo,0001,Total AGEB urbana,0389,000,4656,1436,473,1048,11.01,2610,2536
09,Ciudad de México,016,Miguel Hidalgo,0001,Total AGEB urbana,0393,000,10717,3695,1777,3027,12.38,6644,6513
09,Ciudad de México,016,Miguel Hidalgo,0001,Total AGEB urbana,0410,000,1560,604,500,554,14.77,918,907
09,Ciudad de México,016,Miguel Hidalgo,0001,Total AGEB urbana,0425,000,2723,1123,645,983,14.33,1706,1664
09,Ciudad de México,016,Miguel Hidalgo,0001,Total AGEB urbana,043A,000,1613,661,370,579,14,898,871
09,Ciudad de México,016,Miguel Hidalgo,0001,Total AGEB urbana,0444,000,18174,7377,6072,7187,15.55,11658,11509
09,Ciudad de México,016,Miguel Hidalgo,0001,Total AGEB urbana,0459,000,3824,1369,845,1149,12.95,2344,2286
09,Ciudad de México,016,Miguel Hidalgo,0001,Total AGEB urbana,0463,000,4077,1293,582,1041,11.61,2408,2347
09,Ciudad de México,016,Miguel Hidalgo,0001,Total AGEB urbana,0478,000,6255,2645,1934,2575,15.54,4118,4050
09,Ciudad de México,016,Miguel Hidalgo,0001,Total AGEB urbana,0482,000,9902,3844,2447,3491,14.11,6444,6339
09,Ciudad de México,016,Miguel Hidalgo,0001,Total AGEB urbana,0497,000,8511,2801,850,2080,11.49,4981,4882
09,Ciudad de México,016,Miguel Hidalgo,0001,Total AGEB urbana,050A,000,4753,1743,577,1313,11.43,2880,2841
09,Ciudad de México,016,Miguel Hidalgo,0001,Total AGEB urbana,0514,000,303,91,87,89,15.42,143,142
09,Ciudad de México,016,Miguel Hidalgo,0001,Total AGEB urbana,0529,000,0,0,0,0,0.00,0,0
09,Ciudad de México,016,Miguel Hidalgo,0001,Total AGEB urbana,0533,000,7,2,*,*,*,*,*
09,Ciudad de México,016,Miguel Hidalgo,0001,Total AGEB urbana,0548,000,2003,851,670,807,15.1,1213,1197
09,Ciudad de México,016,Miguel Hidalgo,0001,Total AGEB urbana,0552,000,1276,440,297,379,13.71,700,688
09,Ciudad de México,016,Miguel Hidalgo,0001,Total AGEB urbana,0571,000,3127,1396,1074,1328,15.32,2195,2159
09,Ciudad de México,016,Miguel Hidalgo,0001,Total AGEB urbana,0586,000,43,14,9,13,13.42,28,28
09,Ciudad de México,016,Miguel Hidalgo,0001,Total AGEB urbana,0590,000,782,320,186,284,14.54,519,512
09,Ciudad de México,016,Miguel Hidalgo,0001,Total AGEB urbana,0603,000,2645,1066,619,967,14.29,1717,1691
09,Ciudad de México,016,Miguel Hidalgo,0001,Total AGEB urbana,0618,000,591,7,*,*,11.94,14,14
09,Ciudad de México,016,Miguel Hidalgo,0001,Total AGEB urbana,0622,000,4721,1662,1380,1509,14,2488,2458
09,Ciudad de México,016,Miguel Hidalgo,0001,Total AGEB urbana,0637,000,3488,1284,1099,1217,14.25,1913,1887
09,Ciudad de México,016,Miguel Hidalgo,0001,Total AGEB urbana,0641,000,2207,968,862,920,15.53,1452,1440
09,Ciudad de México,016,Miguel Hidalgo,0001,Total AGEB urbana,0656,000,3967,1707,1465,1671,15.34,2603,2584
09,Ciudad de México,016,Miguel Hidalgo,0001,Total AGEB urbana,0660,000,4042,1743,1343,1653,15,2635,2594
09,Ciudad de México,016,Miguel Hidalgo,0001,Total AGEB urbana,0675,000,2612,1190,951,1145,15.46,1748,1736
09,Ciudad de México,016,Miguel Hidalgo,0001,Total AGEB urbana,068A,000,2198,1016,793,978,15.06,1393,1369
09,Ciudad de México,016,Miguel Hidalgo,0001,Total AGEB urbana,0694,000,906,365,279,350,15.34,563,551
09,Ciudad de México,016,Miguel Hidalgo,0001,Total AGEB urbana,0707,000,1745,757,573,715,15.14,1173,1156
09,Ciudad de México,016,Miguel Hidalgo,0001,Total AGEB urbana,0711,000,2471,1150,835,1098,15.26,1796,1763
09,Ciudad de México,016,Miguel Hidalgo,0001,Total AGEB urbana,0730,000,4046,1592,1401,1535,15.01,2593,2550
09,Ciudad de México,016,Miguel Hidalgo,0001,Total AGEB urbana,0745,000,2741,1060,873,997,14.46,1623,1607
09,Ciudad de México,016,Miguel Hidalgo,0001,Total AGEB urbana,075A,000,665,299,252,279,14.74,444,441
09,Ciudad de México,016,Miguel Hidalgo,0001,Total AGEB urbana,0764,000,349,183,133,180,15.51,263,257
09,Ciudad de México,016,Miguel Hidalgo,0001,Total AGEB urbana,0779,000,1328,642,529,622,15.46,873,865
09,Ciudad de México,016,Miguel Hidalgo,0001,Total AGEB urbana,0783,000,3448,1469,1294,1430,15.34,2278,2267
09,Ciudad de México,016,Miguel Hidalgo,0001,Total AGEB urbana,0798,000,309,138,65,126,14,217,215
09,Ciudad de México,016,Miguel Hidalgo,0001,Total AGEB urbana,0800,000,1473,388,336,359,13.69,682,671
09,Ciudad de México,016,Miguel Hidalgo,0001,Total AGEB urbana,0815,000,2767,808,533,702,12.39,1582,1573
09,Ciudad de México,016,Miguel Hidalgo,0001,Total AGEB urbana,082A,000,2213,613,295,458,11.76,1217,1177
09,Ciudad de México,016,Miguel Hidalgo,0001,Total AGEB urbana,0834,000,555,184,144,168,13.55,333,333
09,Ciudad de México,016,Miguel Hidalgo,0001,Total AGEB urbana,0849,000,831,308,262,288,14.71,511,498
09,Ciudad de México,016,Miguel Hidalgo,0001,Total AGEB urbana,0853,000,2446,939,864,907,13.77,1501,1498
09,Ciudad de México,016,Miguel Hidalgo,0001,Total AGEB urbana,0868,000,1152,424,396,415,14.64,735,733
09,Ciudad de México,016,Miguel Hidalgo,0001,Total AGEB urbana,0872,000,1363,446,183,186,14.09,407,403
09,Ciudad de México,016,Miguel Hidalgo,0001,Total AGEB urbana,0887,000,185,66,54,64,14.56,94,94
09,Ciudad de México,016,Miguel Hidalgo,0001,Total AGEB urbana,0891,000,2076,961,591,800,14.47,1517,1456
09,Ciudad de México,016,Miguel Hidalgo,0001,Total AGEB urbana,0904,000,1535,425,406,416,13.96,991,990
09,Ciudad de México,016,Miguel Hidalgo,0001,Total AGEB urbana,0919,000,722,228,216,223,14.03,442,436
09,Ciudad de México,016,Miguel Hidalgo,0001,Total AGEB urbana,0923,000,1521,437,425,428,14.21,960,957
09,Ciudad de México,016,Miguel Hidalgo,0001,Total AGEB urbana,0942,000,862,226,208,219,13.17,484,482
09,Ciudad de México,016,Miguel Hidalgo,0001,Total AGEB urbana,0957,000,83,22,16,20,14.46,44,43
09,Ciudad de México,016,Miguel Hidalgo,0001,Total AGEB urbana,0961,000,877,221,204,216,13.89,532,528
09,Ciudad de México,016,Miguel Hidalgo,0001,Total AGEB urbana,0976,000,78,27,20,24,13.8,56,56
09,Ciudad de México,016,Miguel Hidalgo,0001,Total AGEB urbana,0980,000,805,233,221,231,13.26,512,511
09,Ciudad de México,016,Miguel Hidalgo,0001,Total AGEB urbana,0995,000,1836,628,493,578,13.98,1140,1127
09,Ciudad de México,016,Miguel Hidalgo,0001,Total AGEB urbana,100A,000,13,4,*,*,12.5,4,4
09,Ciudad de México,016,Miguel Hidalgo,0001,Total AGEB urbana,1014,000,265,93,77,85,15.22,156,155
09,Ciudad de México,016,Miguel Hidalgo,0001,Total AGEB urbana,1029,000,2458,1049,695,959,14.95,1683,1661
09,Ciudad de México,016,Miguel Hidalgo,0001,Total AGEB urbana,1033,000,1059,318,165,165,13.48,364,361
09,Ciudad de México,016,Miguel Hidalgo,0001,Total AGEB urbana,1048,000,1082,311,188,189,13.69,462,461
09,Ciudad de México,016,Miguel Hidalgo,0001,Total AGEB urbana,1052,000,848,256,239,244,14.45,491,477
09,Ciudad de México,016,Miguel Hidalgo,0001,Total AGEB urbana,1067,000,639,214,115,115,14.69,216,216
09,Ciudad de México,016,Miguel Hidalgo,0001,Total AGEB urbana,1071,000,2,2,*,*,*,*,*
09,Ciudad de México,016,Miguel Hidalgo,0001,Total AGEB urbana,1086,000,0,0,0,0,0.00,0,0
09,Ciudad de México,016,Miguel Hidalgo,0001,Total AGEB urbana,1090,000,4044,1149,491,907,11.4,2321,2237
09,Ciudad de México,016,Miguel Hidalgo,0001,Total AGEB urbana,1103,000,3137,991,323,712,10.86,1718,1635
09,Ciudad de México,016,Miguel Hidalgo,0001,Total AGEB urbana,1118,000,6098,1802,690,1402,11.27,3414,3326
09,Ciudad de México,016,Miguel Hidalgo,0001,Total AGEB urbana,1122,000,2020,607,205,418,10.71,1104,1081
09,Ciudad de México,016,Miguel Hidalgo,0001,Total AGEB urbana,1137,000,3762,1241,625,1019,12.47,2096,2017
09,Ciudad de México,016,Miguel Hidalgo,0001,Total AGEB urbana,1141,000,3492,1168,527,954,12.33,1990,1949
09,Ciudad de México,016,Miguel Hidalgo,0001,Total AGEB urbana,1156,000,8675,2937,1255,2404,12.17,4848,4759
09,Ciudad de México,016,Miguel Hidalgo,0001,Total AGEB urbana,1160,000,7005,2670,1419,2327,13.69,4283,4177
09,Ciudad de México,016,Miguel Hidalgo,0001,Total AGEB urbana,1175,000,1823,666,272,583,13.8,1145,1117
09,Ciudad de México,016,Miguel Hidalgo,0001,Total AGEB urbana,118A,000,7942,3225,1818,2924,14.28,5223,5116
09,Ciudad de México,016,Miguel Hidalgo,0001,Total AGEB urbana,1194,000,1448,504,228,432,13.17,877,858
09,Ciudad de México,016,Miguel Hidalgo,0001,Total AGEB urbana,1207,000,8322,3172,1649,2829,13.51,5296,5195
09,Ciudad de México,016,Miguel Hidalgo,0001,Total AGEB urbana,1211,000,5224,1919,1001,1660,13.14,3181,3097
09,Ciudad de México,016,Miguel Hidalgo,0001,Total AGEB urbana,1226,000,5300,2270,1377,2085,14.55,3602,3541
09,Ciudad de México,016,Miguel Hidalgo,0001,Total AGEB urbana,1230,000,682,192,188,189,14.74,383,375
09,Ciudad de México,016,Miguel Hidalgo,0001,Total AGEB urbana,1245,000,0,0,0,0,0.00,0,0
09,Ciudad de México,016,Miguel Hidalgo,0001,Total AGEB urbana,125A,000,1264,348,340,334,13.85,699,694
09,Ciudad de México,016,Miguel Hidalgo,0001,Total AGEB urbana,1264,000,1029,299,165,166,13.6,408,405
09,Ciudad de México,016,Miguel Hidalgo,0001,Total AGEB urbana,1279,000,1997,656,391,398,14.13,828,827
09,Ciudad de México,016,Miguel Hidalgo,0001,Total AGEB urbana,1283,000,1905,608,275,275,14.58,558,549
09,Ciudad de México,016,Miguel Hidalgo,0001,Total AGEB urbana,1298,000,1559,449,429,448,14.12,865,862
09,Ciudad de México,016,Miguel Hidalgo,0001,Total AGEB urbana,1300,000,6096,1717,961,990,13.65,2513,2495
09,Ciudad de México,016,Miguel Hidalgo,0001,Total AGEB urbana,1315,000,1526,567,191,404,10.84,846,818
09,Ciudad de México,016,Miguel Hidalgo,0001,Total AGEB urbana,132A,000,2889,964,349,702,11.5,1553,1530
09,Ciudad de México,016,Miguel Hidalgo,0001,Total AGEB urbana,1334,000,3168,1009,398,799,11.58,1785,1737
09,Ciudad de México,016,Miguel Hidalgo,0001,Total AGEB urbana,1349,000,15549,4733,1628,3756,11,8686,8437
09,Ciudad de México,016,Miguel Hidalgo,0001,Total AGEB urbana,1353,000,1597,419,397,400,14.24,657,653
09,Ciudad de México,016,Miguel Hidalgo,0001,Total AGEB urbana,1368,000,1893,364,347,354,14.05,544,535
09,Ciudad de México,017,Venustiano Carranza,0001,Total AGEB urbana,0013,000,5152,1550,536,1137,11.02,2891,2824
09,Ciudad de México,017,Venustiano Carranza,0001,Total AGEB urbana,0028,000,4855,1489,484,1011,10.75,2542,2498
09,Ciudad de México,017,Venustiano Carranza,0001,Total AGEB urbana,0032,000,10277,3480,1757,2970,12.67,6071,5952
09,Ciudad de México,017,Venustiano Carranza,0001,Total AGEB urbana,0047,000,3850,1146,401,832,10.96,2217,2180
09,Ciudad de México,017,Venustiano Carranza,0001,Total AGEB urbana,0051,000,3587,1048,458,819,11.4,1944,1909
09,Ciudad de México,017,Venustiano Carranza,0001,Total AGEB urbana,0066,000,2976,918,485,722,12.12,1627,1588
09,Ciudad de México,017,Venustiano Carranza,0001,Total AGEB urbana,0070,000,3664,1032,418,741,10.9,1898,1842
09,Ciudad de México,017,Venustiano Carranza,0001,Total AGEB urbana,0085,000,2912,855,367,623,10.99,1645,1600
09,Ciudad de México,017,Venustiano Carranza,0001,Total AGEB urbana,009A,000,4499,1342,594,1048,11.57,2340,2280
09,Ciudad de México,017,Venustiano Carranza,0001,Total AGEB urbana,0102,000,2899,825,321,582,11.13,1598,1541
09,Ciudad de México,017,Venustiano Carranza,0001,Total AGEB urbana,0117,000,3305,991,395,691,11.37,1877,1827
09,Ciudad de México,017,Venustiano Carranza,0001,Total AGEB urbana,0121,000,5176,1447,550,1016,10.56,2763,2702
09,Ciudad de México,017,Venustiano Carranza,0001,Total AGEB urbana,0136,000,0,0,0,0,0.00,0,0
09,Ciudad de México,017,Venustiano Carranza,0001,Total AGEB urbana,0140,000,0,0,0,0,0.00,0,0
09,Ciudad de México,017,Venustiano Carranza,0001,Total AGEB urbana,0155,000,2974,890,286,586,10.49,1715,1662
09,Ciudad de México,017,Venustiano Carranza,0001,Total AGEB urbana,016A,000,1827,547,225,403,11.52,1059,1031
09,Ciudad de México,017,Venustiano Carranza,0001,Total AGEB urbana,0174,000,2235,676,262,511,11.31,1335,1315
09,Ciudad de México,017,Venustiano Carranza,0001,Total AGEB urbana,0189,000,1652,473,200,375,11.72,864,841
09,Ciudad de México,017,Venustiano Carranza,0001,Total AGEB urbana,0193,000,1487,461,207,352,11.42,807,788
09,Ciudad de México,017,Venustiano Carranza,0001,Total AGEB urbana,0206,000,2629,755,289,538,11.01,1410,1375
09,Ciudad de México,017,Venustiano Carranza,0001,Total AGEB urbana,0210,000,13581,3907,615,2223,9.58,7463,7361
09,Ciudad de México,017,Venustiano Carranza,0001,Total AGEB urbana,0225,000,7677,2231,484,1328,9.87,4256,4202
09,Ciudad de México,017,Venustiano Carranza,0001,Total AGEB urbana,023A,000,1910,565,160,371,10.71,1059,1047
09,Ciudad de México,017,Venustiano Carranza,0001,Total AGEB urbana,0244,000,2421,636,271,458,11.2,1120,1100
09,Ciudad de México,017,Venustiano Carranza,0001,Total AGEB urbana,0259,000,1596,442,189,334,11.5,845,821
09,Ciudad de México,017,Venustiano Carranza,0001,Total AGEB urbana,0263,000,1799,495,240,370,11.23,946,920
09,Ciudad de México,017,Venustiano Carranza,0001,Total AGEB urbana,0278,000,2185,611,243,454,11.25,1316,1286
09,Ciudad de México,017,Venustiano Carranza,0001,Total AGEB urbana,0282,000,3381,972,401,697,10.94,1837,1801
09,Ciudad de México,017,Venustiano Carranza,0001,Total AGEB urbana,0297,000,3631,1056,304,698,10.51,1911,1867
09,Ciudad de México,017,Venustiano Carranza,0001,Total AGEB urbana,030A,000,3513,1091,470,822,11.71,1900,1852
09,Ciudad de México,017,Venustiano Carranza,0001,Total AGEB urbana,0314,000,3467,1084,421,787,11.55,1832,1795
09,Ciudad de México,017,Venustiano Carranza,0001,Total AGEB urbana,0329,000,3668,1168,389,791,11.03,2032,1987
09,Ciudad de México,017,Venustiano Carranza,0001,Total AGEB urbana,0333,000,3022,849,336,590,10.83,1696,1659
09,Ciudad de México,017,Venustiano Carranza,0001,Total AGEB urbana,0348,000,2881,730,212,442,10.18,1544,1517
09,Ciudad de México,017,Venustiano Carranza,0001,Total AGEB urbana,0352,000,3400,804,228,545,9.94,1784,1716
09,Ciudad de México,017,Venustiano Carranza,0001,Total AGEB urbana,0367,000,5702,1644,314,1095,10.1,3207,3154
09,Ciudad de México,017,Venustiano Carranza,0001,Total AGEB urbana,0371,000,7102,2167,437,1493,9.96,3912,3834
09,Ciudad de México,017,Venustiano Carranza,0001,Total AGEB urbana,0386,000,1928,548,206,401,10.95,1004,987
09,Ciudad de México,017,Venustiano Carranza,0001,Total AGEB urbana,0390,000,6818,2065,541,1468,10.51,3848,3773
09,Ciudad de México,017,Venustiano Carranza,0001,Total AGEB urbana,0403,000,2343,642,262,481,11.47,1267,1225
09,Ciudad de México,017,Venustiano Carranza,0001,Total AGEB urbana,0418,000,2531,679,244,491,10.76,1355,1317
09,Ciudad de México,017,Venustiano Carranza,0001,Total AGEB urbana,0422,000,6439,1971,773,1450,11.1,3381,3311
09,Ciudad de México,017,Venustiano Carranza,0001,Total AGEB urbana,0437,000,3905,1159,395,863,11,2044,1986
09,Ciudad de México,017,Venustiano Carranza,0001,Total AGEB urbana,0441,000,5328,1868,1014,1674,13.2,3188,3125
09,Ciudad de México,017,Venustiano Carranza,0001,Total AGEB urbana,0456,000,2635,834,367,644,11.82,1373,1322
09,Ciudad de México,017,Venustiano Carranza,0001,Total AGEB urbana,0460,000,4897,1481,579,1030,11.41,2481,2405
09,Ciudad de México,017,Venustiano Carranza,0001,Total AGEB urbana,0475,000,1419,406,125,259,10.55,927,906
09,Ciudad de México,017,Venustiano Carranza,0001,Total AGEB urbana,048A,000,4890,1404,223,931,9.75,2744,2681
09,Ciudad de México,017,Venustiano Carranza,0001,Total AGEB urbana,0494,000,4947,1513,362,978,10.44,2786,2732
09,Ciudad de México,017,Venustiano Carranza,0001,Total AGEB urbana,0507,000,2189,684,249,509,11.62,1265,1248
09,Ciudad de México,017,Venustiano Carranza,0001,Total AGEB urbana,0511,000,20,0,0,0,0.0,0,0
09,Ciudad de México,017,Venustiano Carranza,0001,Total AGEB urbana,0526,000,4882,1602,740,1255,12.13,2828,2774
09,Ciudad de México,017,Venustiano Carranza,0001,Total AGEB urbana,0530,000,1856,632,280,463,11.85,1068,1053
09,Ciudad de México,017,Venustiano Carranza,0001,Total AGEB urbana,0545,000,3543,1183,492,880,11.89,1966,1930
09,Ciudad de México,017,Venustiano Carranza,0001,Total AGEB urbana,055A,000,5390,1681,706,1252,11.5,2974,2894
09,Ciudad de México,017,Venustiano Carranza,0001,Total AGEB urbana,0564,000,3597,1181,459,871,11.49,1989,1921
09,Ciudad de México,017,Venustiano Carranza,0001,Total AGEB urbana,0579,000,2007,546,57,287,8.63,1220,1212
09,Ciudad de México,017,Venustiano Carranza,0001,Total AGEB urbana,0583,000,3123,884,277,660,10.75,1613,1574
09,Ciudad de México,017,Venustiano Carranza,0001,Total AGEB urbana,0598,000,4,1,*,*,*,*,*
09,Ciudad de México,017,Venustiano Carranza,0001,Total AGEB urbana,0600,000,1428,520,218,430,12.86,753,739
09,Ciudad de México,017,Venustiano Carranza,0001,Total AGEB urbana,0615,000,1474,530,313,448,13.36,779,755
09,Ciudad de México,017,Venustiano Carranza,0001,Total AGEB urbana,062A,000,2021,654,260,496,12.04,1210,1190
09,Ciudad de México,017,Venustiano Carranza,0001,Total AGEB urbana,0634,000,3946,1267,570,966,12.07,2226,2162
09,Ciudad de México,017,Venustiano Carranza,0001,Total AGEB urbana,0649,000,5209,1530,573,1097,11.31,2731,2665
09,Ciudad de México,017,Venustiano Carranza,0001,Total AGEB urbana,0653,000,4238,1379,557,995,11.72,2379,2287
09,Ciudad de México,017,Venustiano Carranza,0001,Total AGEB urbana,0668,000,3103,940,418,722,11.92,1789,1737
09,Ciudad de México,017,Venustiano Carranza,0001,Total AGEB urbana,0672,000,3902,1224,511,890,11.89,2125,2070
09,Ciudad de México,017,Venustiano Carranza,0001,Total AGEB urbana,0687,000,368,97,12,62,10.01,219,216
09,Ciudad de México,017,Venustiano Carranza,0001,Total AGEB urbana,0691,000,1989,536,140,400,10.29,1214,1197
09,Ciudad de México,017,Venustiano Carranza,0001,Total AGEB urbana,0704,000,40,9,0,0,6.25,16,16
09,Ciudad de México,017,Venustiano Carranza,0001,Total AGEB urbana,0719,000,2109,827,412,707,12.66,1278,1260
09,Ciudad de México,017,Venustiano Carranza,0001,Total AGEB urbana,0723,000,815,291,192,248,13.07,480,472
09,Ciudad de México,017,Venustiano Carranza,0001,Total AGEB urbana,0738,000,961,376,207,327,13.31,573,558
09,Ciudad de México,017,Venustiano Carranza,0001,Total AGEB urbana,0742,000,1718,690,368,588,13.13,975,952
09,Ciudad de México,017,Venustiano Carranza,0001,Total AGEB urbana,0757,000,643,257,190,223,13.88,384,377
09,Ciudad de México,017,Venustiano Carranza,0001,Total AGEB urbana,0761,000,1213,434,264,377,13.1,658,640
09,Ciudad de México,017,Venustiano Carranza,0001,Total AGEB urbana,0776,000,2153,755,485,662,13.53,1244,1232
09,Ciudad de México,017,Venustiano Carranza,0001,Total AGEB urbana,0780,000,4389,1393,563,1030,11.65,2510,2428
09,Ciudad de México,017,Venustiano Carranza,0001,Total AGEB urbana,0795,000,201,73,23,47,11.06,120,112
09,Ciudad de México,017,Venustiano Carranza,0001,Total AGEB urbana,0808,000,3529,953,378,711,10.79,1857,1800
09,Ciudad de México,017,Venustiano Carranza,0001,Total AGEB urbana,0812,000,3791,1188,424,914,10.5,2023,1982
09,Ciudad de México,017,Venustiano Carranza,0001,Total AGEB urbana,0827,000,4011,1036,364,699,10.44,2016,1983
09,Ciudad de México,017,Venustiano Carranza,0001,Total AGEB urbana,0831,000,5009,1349,524,915,10.51,2587,2534
09,Ciudad de México,017,Venustiano Carranza,0001,Total AGEB urbana,0846,000,3052,918,349,653,10.92,1654,1620
09,Ciudad de México,017,Venustiano Carranza,0001,Total AGEB urbana,0865,000,4462,1182,417,796,10.19,2266,2215
09,Ciudad de México,017,Venustiano Carranza,0001,Total AGEB urbana,087A,000,4441,1177,507,844,11.05,2373,2333
09,Ciudad de México,017,Venustiano Carranza,0001,Total AGEB urbana,0884,000,8393,2470,777,1786,10.61,4555,4460
09,Ciudad de México,017,Venustiano Carranza,0001,Total AGEB urbana,0899,000,3055,866,226,649,10.61,1839,1805
09,Ciudad de México,017,Venustiano Carranza,0001,Total AGEB urbana,0901,000,1384,420,173,332,11.52,840,828
09,Ciudad de México,017,Venustiano Carranza,0001,Total AGEB urbana,0916,000,1426,477,272,407,12.46,780,771
09,Ciudad de México,017,Venustiano Carranza,0001,Total AGEB urbana,0920,000,170,45,32,42,12.53,71,71
09,Ciudad de México,017,Venustiano Carranza,0001,Total AGEB urbana,0935,000,3159,1163,500,998,13.18,1772,1734
09,Ciudad de México,017,Venustiano Carranza,0001,Total AGEB urbana,094A,000,1135,427,152,363,12.76,741,735
09,Ciudad de México,017,Venustiano Carranza,0001,Total AGEB urbana,0954,000,860,294,206,262,13.35,510,492
09,Ciudad de México,017,Venustiano Carranza,0001,Total AGEB urbana,0969,000,486,168,123,141,13.54,285,277
09,Ciudad de México,017,Venustiano Carranza,0001,Total AGEB urbana,0973,000,996,334,221,297,13.88,553,536
09,Ciudad de México,017,Venustiano Carranza,0001,Total AGEB urbana,0988,000,1288,430,267,374,13.74,708,674
09,Ciudad de México,017,Venustiano Carranza,0001,Total AGEB urbana,0992,000,965,321,187,272,13.49,486,463
09,Ciudad de México,017,Venustiano Carranza,0001,Total AGEB urbana,1007,000,2306,712,296,561,11.78,1336,1292
09,Ciudad de México,017,Venustiano Carranza,0001,Total AGEB urbana,1011,000,3456,1144,544,936,12.27,2009,1974
09,Ciudad de México,017,Venustiano Carranza,0001,Total AGEB urbana,1026,000,2822,915,462,743,12.29,1721,1675
09,Ciudad de México,017,Venustiano Carranza,0001,Total AGEB urbana,1030,000,3171,815,285,594,10.87,1597,1562
09,Ciudad de México,017,Venustiano Carranza,0001,Total AGEB urbana,1045,000,4132,1471,893,1267,13.54,2516,2458
09,Ciudad de México,017,Venustiano Carranza,0001,Total AGEB urbana,105A,000,4115,1368,588,1046,12.26,2606,2535
09,Ciudad de México,017,Venustiano Carranza,0001,Total AGEB urbana,1064,000,1702,562,310,465,12.98,954,935
09,Ciudad de México,017,Venustiano Carranza,0001,Total AGEB urbana,1079,000,2580,853,531,723,13.55,1433,1395
09,Ciudad de México,017,Venustiano Carranza,0001,Total AGEB urbana,1083,000,1213,364,245,316,13.4,691,668
09,Ciudad de México,017,Venustiano Carranza,0001,Total AGEB urbana,1098,000,807,258,149,234,13.59,466,461
09,Ciudad de México,017,Venustiano Carranza,0001,Total AGEB urbana,1100,000,1312,370,304,328,13.6,694,679
09,Ciudad de México,017,Venustiano Carranza,0001,Total AGEB urbana,1115,000,1753,572,391,518,13.58,982,946
09,Ciudad de México,017,Venustiano Carranza,0001,Total AGEB urbana,112A,000,366,114,88,105,13.69,202,195
09,Ciudad de México,017,Venustiano Carranza,0001,Total AGEB urbana,1134,000,1331,491,240,419,13.02,781,751
09,Ciudad de México,017,Venustiano Carranza,0001,Total AGEB urbana,1149,000,1182,398,281,343,13.41,769,759
09,Ciudad de México,017,Venustiano Carranza,0001,Total AGEB urbana,1153,000,885,342,232,300,14.02,586,568
09,Ciudad de México,017,Venustiano Carranza,0001,Total AGEB urbana,1168,000,2078,585,281,453,12.01,1192,1158
09,Ciudad de México,017,Venustiano Carranza,0001,Total AGEB urbana,1172,000,2458,739,342,546,11.79,1402,1369
09,Ciudad de México,017,Venustiano Carranza,0001,Total AGEB urbana,1187,000,2452,787,352,590,11.84,1455,1401
09,Ciudad de México,017,Venustiano Carranza,0001,Total AGEB urbana,1191,000,2663,786,380,601,11.87,1476,1430
09,Ciudad de México,017,Venustiano Carranza,0001,Total AGEB urbana,1204,000,3016,967,442,757,11.81,1714,1667
09,Ciudad de México,017,Venustiano Carranza,0001,Total AGEB urbana,1219,000,2419,719,359,577,11.98,1373,1338
09,Ciudad de México,017,Venustiano Carranza,0001,Total AGEB urbana,1223,000,3613,1125,523,872,12.04,2035,1979
09,Ciudad de México,017,Venustiano Carranza,0001,Total AGEB urbana,1238,000,3484,1125,499,832,11.65,2035,1997
09,Ciudad de México,017,Venustiano Carranza,0001,Total AGEB urbana,1242,000,4012,1272,596,1006,12.06,2270,2226
09,Ciudad de México,017,Venustiano Carranza,0001,Total AGEB urbana,1257,000,2583,914,576,824,13.37,1505,1459
09,Ciudad de México,017,Venustiano Carranza,0001,Total AGEB urbana,1261,000,3703,1214,538,924,11.83,2124,2080
09,Ciudad de México,017,Venustiano Carranza,0001,Total AGEB urbana,1276,000,2438,748,295,567,11.67,1316,1295
09,Ciudad de México,017,Venustiano Carranza,0001,Total AGEB urbana,1280,000,3707,1125,413,767,11.39,2102,2074
09,Ciudad de México,017,Venustiano Carranza,0001,Total AGEB urbana,1295,000,4277,1406,581,1070,11.52,2505,2476
09,Ciudad de México,017,Venustiano Carranza,0001,Total AGEB urbana,1308,000,2791,862,326,639,11.64,1529,1471
09,Ciudad de México,017,Venustiano Carranza,0001,Total AGEB urbana,1312,000,10188,2958,1187,2456,11.52,5958,5797
09,Ciudad de México,017,Venustiano Carranza,0001,Total AGEB urbana,1327,000,2763,907,391,704,12,1654,1633
09,Ciudad de México,017,Venustiano Carranza,0001,Total AGEB urbana,1331,000,3109,854,427,681,11.98,1709,1650
09,Ciudad de México,017,Venustiano Carranza,0001,Total AGEB urbana,1346,000,1274,444,270,396,13.22,754,725
09,Ciudad de México,017,Venustiano Carranza,0001,Total AGEB urbana,1350,000,1222,414,257,375,13.51,685,673
09,Ciudad de México,017,Venustiano Carranza,0001,Total AGEB urbana,1365,000,1058,393,285,351,13.8,566,550
09,Ciudad de México,017,Venustiano Carranza,0001,Total AGEB urbana,137A,000,1940,646,425,567,13.81,988,952
09,Ciudad de México,017,Venustiano Carranza,0001,Total AGEB urbana,1384,000,1299,473,315,407,14.38,750,739
09,Ciudad de México,017,Venustiano Carranza,0001,Total AGEB urbana,1399,000,4440,1551,785,1319,12.84,2770,2701
09,Ciudad de México,017,Venustiano Carranza,0001,Total AGEB urbana,1401,000,4497,1180,432,882,10.75,2748,2709
09,Ciudad de México,017,Venustiano Carranza,0001,Total AGEB urbana,1416,000,6791,1864,564,1375,10.5,3723,3673
09,Ciudad de México,017,Venustiano Carranza,0001,Total AGEB urbana,1420,000,547,128,47,97,10.25,281,273
09,Ciudad de México,017,Venustiano Carranza,0001,Total AGEB urbana,1435,000,0,0,0,0,0.00,0,0
09,Ciudad de México,017,Venustiano Carranza,0001,Total AGEB urbana,144A,000,5519,2020,912,1666,12.97,3175,3085
09,Ciudad de México,017,Venustiano Carranza,0001,Total AGEB urbana,1454,000,1543,551,334,479,13.73,799,777
09,Ciudad de México,017,Venustiano Carranza,0001,Total AGEB urbana,1469,000,1356,361,78,236,9.6,723,710
09,Ciudad de México,017,Venustiano Carranza,0001,Total AGEB urbana,1473,000,1181,311,65,196,9.58,640,618
09,Ciudad de México,017,Venustiano Carranza,0001,Total AGEB urbana,1488,000,1079,284,57,175,9.44,607,572
09,Ciudad de México,017,Venustiano Carranza,0001,Total AGEB urbana,1492,000,900,242,51,129,7.5,462,425
09,Ciudad de México,017,Venustiano Carranza,0001,Total AGEB urbana,1505,000,2513,823,399,667,12.53,1364,1324
09,Ciudad de México,017,Venustiano Carranza,0001,Total AGEB urbana,151A,000,2248,717,310,574,12.03,1217,1182
09,Ciudad de México,017,Venustiano Carranza,0001,Total AGEB urbana,1524,000,4295,1204,478,880,10.87,2359,2313
